clip_dir,field,sentence,score,label
<DATASET_ROOT>/241018102947_M801C06L62G031_2673_end_extract/drive_3/03,motion,The vehicle is moving straight.,0.4384799897670746,1
<DATASET_ROOT>/241018102947_M801C06L62G031_2673_end_extract/drive_3/03,motion,The vehicle is turning right.,0.26545071601867676,0
<DATASET_ROOT>/241018102947_M801C06L62G031_2673_end_extract/drive_3/03,weather,The weather is rainy.,0.017878269776701927,1
<DATASET_ROOT>/241018102947_M801C06L62G031_2673_end_extract/drive_3/03,weather,The weather is sunny.,0.07215022295713425,0
<DATASET_ROOT>/241018102947_M801C06L62G031_2673_end_extract/drive_3/03,time_of_day,It is daytime.,0.1490907520055771,1
<DATASET_ROOT>/241018102947_M801C06L62G031_2673_end_extract/drive_3/03,time_of_day,It is nighttime.,0.02025703154504299,0
<DATASET_ROOT>/240322135559_M801C06L62G031_2673_end_extract/drive_13/03,motion,The vehicle is moving straight.,0.5367395281791687,1
<DATASET_ROOT>/240322135559_M801C06L62G031_2673_end_extract/drive_13/03,motion,The vehicle is turning right.,0.312757283449173,0
<DATASET_ROOT>/240322135559_M801C06L62G031_2673_end_extract/drive_13/03,weather,The weather is cloudy.,0.10419433563947678,1
<DATASET_ROOT>/240322135559_M801C06L62G031_2673_end_extract/drive_13/03,weather,The weather is rainy.,0.014478983357548714,0
<DATASET_ROOT>/240322135559_M801C06L62G031_2673_end_extract/drive_13/03,time_of_day,It is daytime.,0.14556485414505005,1
<DATASET_ROOT>/240322135559_M801C06L62G031_2673_end_extract/drive_13/03,time_of_day,It is nighttime.,0.005029685795307159,0
<DATASET_ROOT>/231106095132_M801C06L62G031_2673_end_extract/drive_7/02,motion,The vehicle is moving straight.,0.40730226039886475,1
<DATASET_ROOT>/231106095132_M801C06L62G031_2673_end_extract/drive_7/02,motion,The vehicle is turning left.,0.1386961191892624,0
<DATASET_ROOT>/231106095132_M801C06L62G031_2673_end_extract/drive_7/02,weather,The weather is rainy.,0.1273500770330429,1
<DATASET_ROOT>/231106095132_M801C06L62G031_2673_end_extract/drive_7/02,weather,The weather is cloudy.,0.0451851449906826,0
<DATASET_ROOT>/231106095132_M801C06L62G031_2673_end_extract/drive_7/02,time_of_day,It is daytime.,0.13260549306869507,1
<DATASET_ROOT>/231106095132_M801C06L62G031_2673_end_extract/drive_7/02,time_of_day,It is nighttime.,0.02135155163705349,0
<DATASET_ROOT>/240529140943_M801C06L62G031_2673_end_extract/drive_17/02,motion,The vehicle is moving straight.,0.45664045214653015,1
<DATASET_ROOT>/240529140943_M801C06L62G031_2673_end_extract/drive_17/02,motion,The vehicle is turning left.,0.5315178632736206,0
<DATASET_ROOT>/240529140943_M801C06L62G031_2673_end_extract/drive_17/02,weather,The weather is sunny.,0.19302918016910553,1
<DATASET_ROOT>/240529140943_M801C06L62G031_2673_end_extract/drive_17/02,weather,It is snowing.,0.0006054117693565786,0
<DATASET_ROOT>/240529140943_M801C06L62G031_2673_end_extract/drive_17/02,time_of_day,It is daytime.,0.17988309264183044,1
<DATASET_ROOT>/240529140943_M801C06L62G031_2673_end_extract/drive_17/02,time_of_day,It is nighttime.,0.018013235181570053,0
<DATASET_ROOT>/240529140943_M801C06L62G031_2673_end_extract/drive_1/03,motion,The vehicle is moving straight.,0.569115161895752,1
<DATASET_ROOT>/240529140943_M801C06L62G031_2673_end_extract/drive_1/03,motion,The vehicle is driving through a curve.,0.09990468621253967,0
<DATASET_ROOT>/240529140943_M801C06L62G031_2673_end_extract/drive_1/03,weather,The weather is sunny.,0.1314377784729004,1
<DATASET_ROOT>/240529140943_M801C06L62G031_2673_end_extract/drive_1/03,weather,The weather is rainy.,0.0008720575133338571,0
<DATASET_ROOT>/240529140943_M801C06L62G031_2673_end_extract/drive_1/03,time_of_day,It is daytime.,0.14154206216335297,1
<DATASET_ROOT>/240529140943_M801C06L62G031_2673_end_extract/drive_1/03,time_of_day,It is nighttime.,0.0015678566414862871,0
<DATASET_ROOT>/240325141234_M801C06L62G031_2673_end_extract/drive_5/01,motion,The vehicle is stopped.,0.1921285092830658,1
<DATASET_ROOT>/240325141234_M801C06L62G031_2673_end_extract/drive_5/01,motion,The vehicle is driving through a curve.,0.33440670371055603,0
<DATASET_ROOT>/240325141234_M801C06L62G031_2673_end_extract/drive_5/01,weather,The weather is rainy.,0.27866852283477783,1
<DATASET_ROOT>/240325141234_M801C06L62G031_2673_end_extract/drive_5/01,weather,The weather is sunny.,0.12226277589797974,0
<DATASET_ROOT>/240325141234_M801C06L62G031_2673_end_extract/drive_5/01,time_of_day,It is daytime.,0.1434061974287033,1
<DATASET_ROOT>/240325141234_M801C06L62G031_2673_end_extract/drive_5/01,time_of_day,It is nighttime.,0.013164056465029716,0
<DATASET_ROOT>/240322135559_M801C06L62G031_2673_end_extract/drive_2/03,motion,The vehicle is moving straight.,0.49745702743530273,1
<DATASET_ROOT>/240322135559_M801C06L62G031_2673_end_extract/drive_2/03,motion,The vehicle is turning right.,0.27574628591537476,0
<DATASET_ROOT>/240322135559_M801C06L62G031_2673_end_extract/drive_2/03,weather,The weather is cloudy.,0.12659481167793274,1
<DATASET_ROOT>/240322135559_M801C06L62G031_2673_end_extract/drive_2/03,weather,It is snowing.,0.003991822712123394,0
<DATASET_ROOT>/240322135559_M801C06L62G031_2673_end_extract/drive_2/03,time_of_day,It is daytime.,0.1556241363286972,1
<DATASET_ROOT>/240322135559_M801C06L62G031_2673_end_extract/drive_2/03,time_of_day,It is nighttime.,0.012517990544438362,0
<DATASET_ROOT>/240322135559_M801C06L62G031_2673_end_extract/drive_11/01,motion,The vehicle is moving straight.,0.6663984656333923,1
<DATASET_ROOT>/240322135559_M801C06L62G031_2673_end_extract/drive_11/01,motion,The vehicle is stopped.,0.20912978053092957,0
<DATASET_ROOT>/240322135559_M801C06L62G031_2673_end_extract/drive_11/01,weather,The weather is cloudy.,0.102669358253479,1
<DATASET_ROOT>/240322135559_M801C06L62G031_2673_end_extract/drive_11/01,weather,The weather is rainy.,0.07258966565132141,0
<DATASET_ROOT>/240322135559_M801C06L62G031_2673_end_extract/drive_11/01,time_of_day,It is daytime.,0.15172293782234192,1
<DATASET_ROOT>/240322135559_M801C06L62G031_2673_end_extract/drive_11/01,time_of_day,It is nighttime.,0.015927821397781372,0
<DATASET_ROOT>/241018130234_M801C06L62G031_2673_end_extract/drive_15/01,motion,The vehicle is driving through a curve.,0.01164070051163435,1
<DATASET_ROOT>/241018130234_M801C06L62G031_2673_end_extract/drive_15/01,motion,The vehicle is stopped.,0.1437959372997284,0
<DATASET_ROOT>/241018130234_M801C06L62G031_2673_end_extract/drive_15/01,weather,The weather is rainy.,0.020050305873155594,1
<DATASET_ROOT>/241018130234_M801C06L62G031_2673_end_extract/drive_15/01,weather,It is snowing.,0.003547735046595335,0
<DATASET_ROOT>/241018130234_M801C06L62G031_2673_end_extract/drive_15/01,time_of_day,It is nighttime.,0.4139381945133209,1
<DATASET_ROOT>/241018130234_M801C06L62G031_2673_end_extract/drive_15/01,time_of_day,It is daytime.,0.00568055547773838,0
<DATASET_ROOT>/240822084904_M801C06L62G031_2673_end_extract/drive_20/03,motion,The vehicle is stopped.,0.1633421778678894,1
<DATASET_ROOT>/240822084904_M801C06L62G031_2673_end_extract/drive_20/03,motion,The vehicle is moving straight.,0.3970644474029541,0
<DATASET_ROOT>/240822084904_M801C06L62G031_2673_end_extract/drive_20/03,weather,The weather is sunny.,0.13780099153518677,1
<DATASET_ROOT>/240822084904_M801C06L62G031_2673_end_extract/drive_20/03,weather,The weather is rainy.,0.004129291046410799,0
<DATASET_ROOT>/240822084904_M801C06L62G031_2673_end_extract/drive_20/03,time_of_day,It is daytime.,0.15279434621334076,1
<DATASET_ROOT>/240822084904_M801C06L62G031_2673_end_extract/drive_20/03,time_of_day,It is nighttime.,0.022513525560498238,0
<DATASET_ROOT>/240205170303_M801C06L62G031_2673_end_extract/drive_1/02,motion,The vehicle is moving straight.,0.3164845407009125,1
<DATASET_ROOT>/240205170303_M801C06L62G031_2673_end_extract/drive_1/02,motion,The vehicle is stopped.,0.15529386699199677,0
<DATASET_ROOT>/240205170303_M801C06L62G031_2673_end_extract/drive_1/02,weather,It is snowing.,0.03982771933078766,1
<DATASET_ROOT>/240205170303_M801C06L62G031_2673_end_extract/drive_1/02,weather,The weather is sunny.,0.11162042617797852,0
<DATASET_ROOT>/240205170303_M801C06L62G031_2673_end_extract/drive_1/02,time_of_day,It is daytime.,0.1388942301273346,1
<DATASET_ROOT>/240205170303_M801C06L62G031_2673_end_extract/drive_1/02,time_of_day,It is nighttime.,0.040288135409355164,0
<DATASET_ROOT>/240822134456_M801C06L62G031_2673_end_extract/drive_10/01,motion,The vehicle is moving straight.,0.6018241047859192,1
<DATASET_ROOT>/240822134456_M801C06L62G031_2673_end_extract/drive_10/01,motion,The vehicle is turning left.,0.3451540172100067,0
<DATASET_ROOT>/240822134456_M801C06L62G031_2673_end_extract/drive_10/01,weather,The weather is sunny.,0.09890212118625641,1
<DATASET_ROOT>/240822134456_M801C06L62G031_2673_end_extract/drive_10/01,weather,The weather is rainy.,0.0012653779704123735,0
<DATASET_ROOT>/240822134456_M801C06L62G031_2673_end_extract/drive_10/01,time_of_day,It is daytime.,0.10479730367660522,1
<DATASET_ROOT>/240822134456_M801C06L62G031_2673_end_extract/drive_10/01,time_of_day,It is nighttime.,0.0030794397462159395,0
<DATASET_ROOT>/240530090206_M801C06L62G031_2673_end_extract/drive_21/01,motion,The vehicle is moving straight.,0.5809588432312012,1
<DATASET_ROOT>/240530090206_M801C06L62G031_2673_end_extract/drive_21/01,motion,The vehicle is turning left.,0.3485897481441498,0
<DATASET_ROOT>/240530090206_M801C06L62G031_2673_end_extract/drive_21/01,weather,The weather is sunny.,0.09749041497707367,1
<DATASET_ROOT>/240530090206_M801C06L62G031_2673_end_extract/drive_21/01,weather,The weather is cloudy.,0.12406110763549805,0
<DATASET_ROOT>/240530090206_M801C06L62G031_2673_end_extract/drive_21/01,time_of_day,It is daytime.,0.14485593140125275,1
<DATASET_ROOT>/240530090206_M801C06L62G031_2673_end_extract/drive_21/01,time_of_day,It is nighttime.,0.010235337540507317,0
<DATASET_ROOT>/231106095132_M801C06L62G031_2673_end_extract/drive_9/01,motion,The vehicle is stopped.,0.12185001373291016,1
<DATASET_ROOT>/231106095132_M801C06L62G031_2673_end_extract/drive_9/01,motion,The vehicle is turning left.,0.10868468880653381,0
<DATASET_ROOT>/231106095132_M801C06L62G031_2673_end_extract/drive_9/01,weather,The weather is rainy.,0.2733798921108246,1
<DATASET_ROOT>/231106095132_M801C06L62G031_2673_end_extract/drive_9/01,weather,The weather is cloudy.,0.06894969195127487,0
<DATASET_ROOT>/231106095132_M801C06L62G031_2673_end_extract/drive_9/01,time_of_day,It is daytime.,0.15030759572982788,1
<DATASET_ROOT>/231106095132_M801C06L62G031_2673_end_extract/drive_9/01,time_of_day,It is nighttime.,0.024864256381988525,0
<DATASET_ROOT>/231106095132_M801C06L62G031_2673_end_extract/drive_8/03,motion,The vehicle is moving straight.,0.2709355056285858,1
<DATASET_ROOT>/231106095132_M801C06L62G031_2673_end_extract/drive_8/03,motion,The vehicle is turning right.,0.2075548768043518,0
<DATASET_ROOT>/231106095132_M801C06L62G031_2673_end_extract/drive_8/03,weather,The weather is rainy.,0.36214613914489746,1
<DATASET_ROOT>/231106095132_M801C06L62G031_2673_end_extract/drive_8/03,weather,The weather is cloudy.,0.1130184605717659,0
<DATASET_ROOT>/231106095132_M801C06L62G031_2673_end_extract/drive_8/03,time_of_day,It is daytime.,0.14623583853244781,1
<DATASET_ROOT>/231106095132_M801C06L62G031_2673_end_extract/drive_8/03,time_of_day,It is nighttime.,0.015630878508090973,0
<DATASET_ROOT>/240205170303_M801C06L62G031_2673_end_extract/drive_2/04,motion,The vehicle is moving straight.,0.25604644417762756,1
<DATASET_ROOT>/240205170303_M801C06L62G031_2673_end_extract/drive_2/04,motion,The vehicle is turning right.,0.1675444394350052,0
<DATASET_ROOT>/240205170303_M801C06L62G031_2673_end_extract/drive_2/04,weather,It is snowing.,0.010244714096188545,1
<DATASET_ROOT>/240205170303_M801C06L62G031_2673_end_extract/drive_2/04,weather,The weather is cloudy.,0.05171580985188484,0
<DATASET_ROOT>/240205170303_M801C06L62G031_2673_end_extract/drive_2/04,time_of_day,It is daytime.,0.13644209504127502,1
<DATASET_ROOT>/240205170303_M801C06L62G031_2673_end_extract/drive_2/04,time_of_day,It is nighttime.,0.06732047349214554,0
<DATASET_ROOT>/240325141234_M801C06L62G031_2673_end_extract/drive_3/04,motion,The vehicle is stopped.,0.15598160028457642,1
<DATASET_ROOT>/240325141234_M801C06L62G031_2673_end_extract/drive_3/04,motion,The vehicle is moving straight.,0.22897018492221832,0
<DATASET_ROOT>/240325141234_M801C06L62G031_2673_end_extract/drive_3/04,weather,The weather is rainy.,0.10742980241775513,1
<DATASET_ROOT>/240325141234_M801C06L62G031_2673_end_extract/drive_3/04,weather,The weather is sunny.,0.10049555450677872,0
<DATASET_ROOT>/240325141234_M801C06L62G031_2673_end_extract/drive_3/04,time_of_day,It is daytime.,0.12670181691646576,1
<DATASET_ROOT>/240325141234_M801C06L62G031_2673_end_extract/drive_3/04,time_of_day,It is nighttime.,0.027232162654399872,0
<DATASET_ROOT>/240325141234_M801C06L62G031_2673_end_extract/drive_7/03,motion,The vehicle is moving straight.,0.23598788678646088,1
<DATASET_ROOT>/240325141234_M801C06L62G031_2673_end_extract/drive_7/03,motion,The vehicle is driving through a curve.,0.011023854836821556,0
<DATASET_ROOT>/240325141234_M801C06L62G031_2673_end_extract/drive_7/03,weather,The weather is rainy.,0.18499746918678284,1
<DATASET_ROOT>/240325141234_M801C06L62G031_2673_end_extract/drive_7/03,weather,The weather is cloudy.,0.08287520706653595,0
<DATASET_ROOT>/240325141234_M801C06L62G031_2673_end_extract/drive_7/03,time_of_day,It is daytime.,0.13759329915046692,1
<DATASET_ROOT>/240325141234_M801C06L62G031_2673_end_extract/drive_7/03,time_of_day,It is nighttime.,0.013050489127635956,0
<DATASET_ROOT>/240822084904_M801C06L62G031_2673_end_extract/drive_11/02,motion,The vehicle is moving straight.,0.5594047904014587,1
<DATASET_ROOT>/240822084904_M801C06L62G031_2673_end_extract/drive_11/02,motion,The vehicle is turning left.,0.33403831720352173,0
<DATASET_ROOT>/240822084904_M801C06L62G031_2673_end_extract/drive_11/02,weather,The weather is sunny.,0.13326451182365417,1
<DATASET_ROOT>/240822084904_M801C06L62G031_2673_end_extract/drive_11/02,weather,The weather is cloudy.,0.13386307656764984,0
<DATASET_ROOT>/240822084904_M801C06L62G031_2673_end_extract/drive_11/02,time_of_day,It is daytime.,0.13890062272548676,1
<DATASET_ROOT>/240822084904_M801C06L62G031_2673_end_extract/drive_11/02,time_of_day,It is nighttime.,0.014647693373262882,0
<DATASET_ROOT>/240822134456_M801C06L62G031_2673_end_extract/drive_3/01,motion,The vehicle is moving straight.,0.5111434459686279,1
<DATASET_ROOT>/240822134456_M801C06L62G031_2673_end_extract/drive_3/01,motion,The vehicle is turning left.,0.35695880651474,0
<DATASET_ROOT>/240822134456_M801C06L62G031_2673_end_extract/drive_3/01,weather,The weather is sunny.,0.15030845999717712,1
<DATASET_ROOT>/240822134456_M801C06L62G031_2673_end_extract/drive_3/01,weather,The weather is cloudy.,0.13186763226985931,0
<DATASET_ROOT>/240822134456_M801C06L62G031_2673_end_extract/drive_3/01,time_of_day,It is daytime.,0.15785101056098938,1
<DATASET_ROOT>/240822134456_M801C06L62G031_2673_end_extract/drive_3/01,time_of_day,It is nighttime.,0.02279018983244896,0
<DATASET_ROOT>/231106095132_M801C06L62G031_2673_end_extract/drive_7/04,motion,The vehicle is moving straight.,0.21422630548477173,1
<DATASET_ROOT>/231106095132_M801C06L62G031_2673_end_extract/drive_7/04,motion,The vehicle is driving through a curve.,0.021218575537204742,0
<DATASET_ROOT>/231106095132_M801C06L62G031_2673_end_extract/drive_7/04,weather,The weather is rainy.,0.26056143641471863,1
<DATASET_ROOT>/231106095132_M801C06L62G031_2673_end_extract/drive_7/04,weather,The weather is cloudy.,0.0567234642803669,0
<DATASET_ROOT>/231106095132_M801C06L62G031_2673_end_extract/drive_7/04,time_of_day,It is daytime.,0.14502519369125366,1
<DATASET_ROOT>/231106095132_M801C06L62G031_2673_end_extract/drive_7/04,time_of_day,It is nighttime.,0.04787159338593483,0
<DATASET_ROOT>/240822084904_M801C06L62G031_2673_end_extract/drive_3/03,motion,The vehicle is moving straight.,0.378616601228714,1
<DATASET_ROOT>/240822084904_M801C06L62G031_2673_end_extract/drive_3/03,motion,The vehicle is stopped.,0.21243450045585632,0
<DATASET_ROOT>/240822084904_M801C06L62G031_2673_end_extract/drive_3/03,weather,The weather is sunny.,0.16150103509426117,1
<DATASET_ROOT>/240822084904_M801C06L62G031_2673_end_extract/drive_3/03,weather,The weather is cloudy.,0.12377206981182098,0
<DATASET_ROOT>/240822084904_M801C06L62G031_2673_end_extract/drive_3/03,time_of_day,It is daytime.,0.15017996728420258,1
<DATASET_ROOT>/240822084904_M801C06L62G031_2673_end_extract/drive_3/03,time_of_day,It is nighttime.,0.012171352282166481,0
<DATASET_ROOT>/240325141234_M801C06L62G031_2673_end_extract/drive_11/04,motion,The vehicle is stopped.,0.12518030405044556,1
<DATASET_ROOT>/240325141234_M801C06L62G031_2673_end_extract/drive_11/04,motion,The vehicle is turning right.,0.1430671066045761,0
<DATASET_ROOT>/240325141234_M801C06L62G031_2673_end_extract/drive_11/04,weather,The weather is rainy.,0.18711838126182556,1
<DATASET_ROOT>/240325141234_M801C06L62G031_2673_end_extract/drive_11/04,weather,The weather is sunny.,0.07109911739826202,0
<DATASET_ROOT>/240325141234_M801C06L62G031_2673_end_extract/drive_11/04,time_of_day,It is daytime.,0.13302072882652283,1
<DATASET_ROOT>/240325141234_M801C06L62G031_2673_end_extract/drive_11/04,time_of_day,It is nighttime.,0.014103591442108154,0
<DATASET_ROOT>/241018102947_M801C06L62G031_2673_end_extract/drive_6/02,motion,The vehicle is driving through a curve.,0.21845924854278564,1
<DATASET_ROOT>/241018102947_M801C06L62G031_2673_end_extract/drive_6/02,motion,The vehicle is turning right.,0.30586880445480347,0
<DATASET_ROOT>/241018102947_M801C06L62G031_2673_end_extract/drive_6/02,weather,The weather is rainy.,0.0851554200053215,1
<DATASET_ROOT>/241018102947_M801C06L62G031_2673_end_extract/drive_6/02,weather,The weather is sunny.,0.12023479491472244,0
<DATASET_ROOT>/241018102947_M801C06L62G031_2673_end_extract/drive_6/02,time_of_day,It is daytime.,0.15354055166244507,1
<DATASET_ROOT>/241018102947_M801C06L62G031_2673_end_extract/drive_6/02,time_of_day,It is nighttime.,0.01873355731368065,0
<DATASET_ROOT>/241018130234_M801C06L62G031_2673_end_extract/drive_7/03,motion,The vehicle is moving straight.,0.381626695394516,1
<DATASET_ROOT>/241018130234_M801C06L62G031_2673_end_extract/drive_7/03,motion,The vehicle is stopped.,0.17067007720470428,0
<DATASET_ROOT>/241018130234_M801C06L62G031_2673_end_extract/drive_7/03,weather,The weather is rainy.,0.3858557939529419,1
<DATASET_ROOT>/241018130234_M801C06L62G031_2673_end_extract/drive_7/03,weather,The weather is sunny.,0.04604959115386009,0
<DATASET_ROOT>/241018130234_M801C06L62G031_2673_end_extract/drive_7/03,time_of_day,It is daytime.,0.12448378652334213,1
<DATASET_ROOT>/241018130234_M801C06L62G031_2673_end_extract/drive_7/03,time_of_day,It is nighttime.,0.07727672159671783,0
<DATASET_ROOT>/240530090206_M801C06L62G031_2673_end_extract/drive_20/02,motion,The vehicle is moving straight.,0.6049654483795166,1
<DATASET_ROOT>/240530090206_M801C06L62G031_2673_end_extract/drive_20/02,motion,The vehicle is driving through a curve.,0.4183078110218048,0
<DATASET_ROOT>/240530090206_M801C06L62G031_2673_end_extract/drive_20/02,weather,The weather is sunny.,0.06551451236009598,1
<DATASET_ROOT>/240530090206_M801C06L62G031_2673_end_extract/drive_20/02,weather,It is snowing.,0.0004226448363624513,0
<DATASET_ROOT>/240530090206_M801C06L62G031_2673_end_extract/drive_20/02,time_of_day,It is daytime.,0.13456840813159943,1
<DATASET_ROOT>/240530090206_M801C06L62G031_2673_end_extract/drive_20/02,time_of_day,It is nighttime.,0.0032145478762686253,0
<DATASET_ROOT>/240325141234_M801C06L62G031_2673_end_extract/drive_4/02,motion,The vehicle is moving straight.,0.2916690707206726,1
<DATASET_ROOT>/240325141234_M801C06L62G031_2673_end_extract/drive_4/02,motion,The vehicle is turning right.,0.22635535895824432,0
<DATASET_ROOT>/240325141234_M801C06L62G031_2673_end_extract/drive_4/02,weather,The weather is rainy.,0.3026869595050812,1
<DATASET_ROOT>/240325141234_M801C06L62G031_2673_end_extract/drive_4/02,weather,It is snowing.,0.06249723210930824,0
<DATASET_ROOT>/240325141234_M801C06L62G031_2673_end_extract/drive_4/02,time_of_day,It is daytime.,0.12940484285354614,1
<DATASET_ROOT>/240325141234_M801C06L62G031_2673_end_extract/drive_4/02,time_of_day,It is nighttime.,0.035634592175483704,0
<DATASET_ROOT>/240530090206_M801C06L62G031_2673_end_extract/drive_27/04,motion,The vehicle is stopped.,0.2284887582063675,1
<DATASET_ROOT>/240530090206_M801C06L62G031_2673_end_extract/drive_27/04,motion,The vehicle is turning right.,0.146373450756073,0
<DATASET_ROOT>/240530090206_M801C06L62G031_2673_end_extract/drive_27/04,weather,The weather is sunny.,0.09334671497344971,1
<DATASET_ROOT>/240530090206_M801C06L62G031_2673_end_extract/drive_27/04,weather,The weather is rainy.,0.015345457941293716,0
<DATASET_ROOT>/240530090206_M801C06L62G031_2673_end_extract/drive_27/04,time_of_day,It is daytime.,0.15414436161518097,1
<DATASET_ROOT>/240530090206_M801C06L62G031_2673_end_extract/drive_27/04,time_of_day,It is nighttime.,0.011677511967718601,0
<DATASET_ROOT>/240822134456_M801C06L62G031_2673_end_extract/drive_1/04,motion,The vehicle is moving straight.,0.34453287720680237,1
<DATASET_ROOT>/240822134456_M801C06L62G031_2673_end_extract/drive_1/04,motion,The vehicle is turning left.,0.3639712631702423,0
<DATASET_ROOT>/240822134456_M801C06L62G031_2673_end_extract/drive_1/04,weather,The weather is sunny.,0.13277633488178253,1
<DATASET_ROOT>/240822134456_M801C06L62G031_2673_end_extract/drive_1/04,weather,The weather is cloudy.,0.16078226268291473,0
<DATASET_ROOT>/240822134456_M801C06L62G031_2673_end_extract/drive_1/04,time_of_day,It is daytime.,0.16799265146255493,1
<DATASET_ROOT>/240822134456_M801C06L62G031_2673_end_extract/drive_1/04,time_of_day,It is nighttime.,0.006859774701297283,0
<DATASET_ROOT>/240529140943_M801C06L62G031_2673_end_extract/drive_18/01,motion,The vehicle is stopped.,0.38355714082717896,1
<DATASET_ROOT>/240529140943_M801C06L62G031_2673_end_extract/drive_18/01,motion,The vehicle is turning right.,0.39025869965553284,0
<DATASET_ROOT>/240529140943_M801C06L62G031_2673_end_extract/drive_18/01,weather,The weather is sunny.,0.19074538350105286,1
<DATASET_ROOT>/240529140943_M801C06L62G031_2673_end_extract/drive_18/01,weather,It is snowing.,0.0003226935805287212,0
<DATASET_ROOT>/240529140943_M801C06L62G031_2673_end_extract/drive_18/01,time_of_day,It is daytime.,0.16685816645622253,1
<DATASET_ROOT>/240529140943_M801C06L62G031_2673_end_extract/drive_18/01,time_of_day,It is nighttime.,0.006674255710095167,0
<DATASET_ROOT>/231106095132_M801C06L62G031_2673_end_extract/drive_2/03,motion,The vehicle is moving straight.,0.23999302089214325,1
<DATASET_ROOT>/231106095132_M801C06L62G031_2673_end_extract/drive_2/03,motion,The vehicle is turning right.,0.1587536633014679,0
<DATASET_ROOT>/231106095132_M801C06L62G031_2673_end_extract/drive_2/03,weather,The weather is cloudy.,0.01106533408164978,1
<DATASET_ROOT>/231106095132_M801C06L62G031_2673_end_extract/drive_2/03,weather,The weather is rainy.,0.015795335173606873,0
<DATASET_ROOT>/231106095132_M801C06L62G031_2673_end_extract/drive_2/03,time_of_day,It is daytime.,0.04502984508872032,1
<DATASET_ROOT>/231106095132_M801C06L62G031_2673_end_extract/drive_2/03,time_of_day,It is nighttime.,0.16407924890518188,0
<DATASET_ROOT>/240322135559_M801C06L62G031_2673_end_extract/drive_24/04,motion,The vehicle is moving straight.,0.2368958592414856,1
<DATASET_ROOT>/240322135559_M801C06L62G031_2673_end_extract/drive_24/04,motion,The vehicle is stopped.,0.2043418288230896,0
<DATASET_ROOT>/240322135559_M801C06L62G031_2673_end_extract/drive_24/04,weather,The weather is rainy.,0.2028496116399765,1
<DATASET_ROOT>/240322135559_M801C06L62G031_2673_end_extract/drive_24/04,weather,The weather is sunny.,0.08735311776399612,0
<DATASET_ROOT>/240322135559_M801C06L62G031_2673_end_extract/drive_24/04,time_of_day,It is daytime.,0.12326017022132874,1
<DATASET_ROOT>/240322135559_M801C06L62G031_2673_end_extract/drive_24/04,time_of_day,It is nighttime.,0.08653916418552399,0
<DATASET_ROOT>/241018130234_M801C06L62G031_2673_end_extract/drive_6/04,motion,The vehicle is driving through a curve.,0.019152645021677017,1
<DATASET_ROOT>/241018130234_M801C06L62G031_2673_end_extract/drive_6/04,motion,The vehicle is turning right.,0.10711268335580826,0
<DATASET_ROOT>/241018130234_M801C06L62G031_2673_end_extract/drive_6/04,weather,The weather is rainy.,0.3471989035606384,1
<DATASET_ROOT>/241018130234_M801C06L62G031_2673_end_extract/drive_6/04,weather,The weather is cloudy.,0.0906205102801323,0
<DATASET_ROOT>/241018130234_M801C06L62G031_2673_end_extract/drive_6/04,time_of_day,It is daytime.,0.12869048118591309,1
<DATASET_ROOT>/241018130234_M801C06L62G031_2673_end_extract/drive_6/04,time_of_day,It is nighttime.,0.04276636987924576,0
<DATASET_ROOT>/240529140943_M801C06L62G031_2673_end_extract/drive_32/01,motion,The vehicle is stopped.,0.14581841230392456,1
<DATASET_ROOT>/240529140943_M801C06L62G031_2673_end_extract/drive_32/01,motion,The vehicle is turning right.,0.2148400992155075,0
<DATASET_ROOT>/240529140943_M801C06L62G031_2673_end_extract/drive_32/01,weather,The weather is sunny.,0.2130638211965561,1
<DATASET_ROOT>/240529140943_M801C06L62G031_2673_end_extract/drive_32/01,weather,It is snowing.,0.0005074074724689126,0
<DATASET_ROOT>/240529140943_M801C06L62G031_2673_end_extract/drive_32/01,time_of_day,It is daytime.,0.15870049595832825,1
<DATASET_ROOT>/240529140943_M801C06L62G031_2673_end_extract/drive_32/01,time_of_day,It is nighttime.,0.024631811305880547,0
<DATASET_ROOT>/241018130234_M801C06L62G031_2673_end_extract/drive_2/03,motion,The vehicle is moving straight.,0.3390827476978302,1
<DATASET_ROOT>/241018130234_M801C06L62G031_2673_end_extract/drive_2/03,motion,The vehicle is driving through a curve.,0.02252143807709217,0
<DATASET_ROOT>/241018130234_M801C06L62G031_2673_end_extract/drive_2/03,weather,The weather is rainy.,0.3121626675128937,1
<DATASET_ROOT>/241018130234_M801C06L62G031_2673_end_extract/drive_2/03,weather,The weather is cloudy.,0.06508662551641464,0
<DATASET_ROOT>/241018130234_M801C06L62G031_2673_end_extract/drive_2/03,time_of_day,It is daytime.,0.14130409061908722,1
<DATASET_ROOT>/241018130234_M801C06L62G031_2673_end_extract/drive_2/03,time_of_day,It is nighttime.,0.037725239992141724,0
<DATASET_ROOT>/240322135559_M801C06L62G031_2673_end_extract/drive_23/04,motion,The vehicle is stopped.,0.339057058095932,1
<DATASET_ROOT>/240322135559_M801C06L62G031_2673_end_extract/drive_23/04,motion,The vehicle is moving straight.,0.49148160219192505,0
<DATASET_ROOT>/240322135559_M801C06L62G031_2673_end_extract/drive_23/04,weather,The weather is rainy.,0.05246686562895775,1
<DATASET_ROOT>/240322135559_M801C06L62G031_2673_end_extract/drive_23/04,weather,The weather is cloudy.,0.1278631091117859,0
<DATASET_ROOT>/240322135559_M801C06L62G031_2673_end_extract/drive_23/04,time_of_day,It is daytime.,0.13615171611309052,1
<DATASET_ROOT>/240322135559_M801C06L62G031_2673_end_extract/drive_23/04,time_of_day,It is nighttime.,0.0762440413236618,0
<DATASET_ROOT>/240325141234_M801C06L62G031_2673_end_extract/drive_3/01,motion,The vehicle is stopped.,0.15798522531986237,1
<DATASET_ROOT>/240325141234_M801C06L62G031_2673_end_extract/drive_3/01,motion,The vehicle is moving straight.,0.23676303029060364,0
<DATASET_ROOT>/240325141234_M801C06L62G031_2673_end_extract/drive_3/01,weather,The weather is rainy.,0.04120602086186409,1
<DATASET_ROOT>/240325141234_M801C06L62G031_2673_end_extract/drive_3/01,weather,It is snowing.,0.010233019478619099,0
<DATASET_ROOT>/240325141234_M801C06L62G031_2673_end_extract/drive_3/01,time_of_day,It is daytime.,0.14071184396743774,1
<DATASET_ROOT>/240325141234_M801C06L62G031_2673_end_extract/drive_3/01,time_of_day,It is nighttime.,0.03390510007739067,0
<DATASET_ROOT>/240529140943_M801C06L62G031_2673_end_extract/drive_31/01,motion,The vehicle is moving straight.,0.2686748504638672,1
<DATASET_ROOT>/240529140943_M801C06L62G031_2673_end_extract/drive_31/01,motion,The vehicle is stopped.,0.13458193838596344,0
<DATASET_ROOT>/240529140943_M801C06L62G031_2673_end_extract/drive_31/01,weather,The weather is sunny.,0.1466733068227768,1
<DATASET_ROOT>/240529140943_M801C06L62G031_2673_end_extract/drive_31/01,weather,The weather is rainy.,0.0006521720206364989,0
<DATASET_ROOT>/240529140943_M801C06L62G031_2673_end_extract/drive_31/01,time_of_day,It is daytime.,0.14559459686279297,1
<DATASET_ROOT>/240529140943_M801C06L62G031_2673_end_extract/drive_31/01,time_of_day,It is nighttime.,0.004948436748236418,0
<DATASET_ROOT>/241018130234_M801C06L62G031_2673_end_extract/drive_8/01,motion,The vehicle is driving through a curve.,0.032597675919532776,1
<DATASET_ROOT>/241018130234_M801C06L62G031_2673_end_extract/drive_8/01,motion,The vehicle is moving straight.,0.48445841670036316,0
<DATASET_ROOT>/241018130234_M801C06L62G031_2673_end_extract/drive_8/01,weather,The weather is rainy.,0.2619607746601105,1
<DATASET_ROOT>/241018130234_M801C06L62G031_2673_end_extract/drive_8/01,weather,The weather is sunny.,0.12465188652276993,0
<DATASET_ROOT>/241018130234_M801C06L62G031_2673_end_extract/drive_8/01,time_of_day,It is daytime.,0.14795449376106262,1
<DATASET_ROOT>/241018130234_M801C06L62G031_2673_end_extract/drive_8/01,time_of_day,It is nighttime.,0.03136233612895012,0
<DATASET_ROOT>/240205170303_M801C06L62G031_2673_end_extract/drive_2/03,motion,The vehicle is moving straight.,0.2828746736049652,1
<DATASET_ROOT>/240205170303_M801C06L62G031_2673_end_extract/drive_2/03,motion,The vehicle is stopped.,0.09340458363294601,0
<DATASET_ROOT>/240205170303_M801C06L62G031_2673_end_extract/drive_2/03,weather,It is snowing.,0.0650450810790062,1
<DATASET_ROOT>/240205170303_M801C06L62G031_2673_end_extract/drive_2/03,weather,The weather is sunny.,0.08354808390140533,0
<DATASET_ROOT>/240205170303_M801C06L62G031_2673_end_extract/drive_2/03,time_of_day,It is daytime.,0.13124951720237732,1
<DATASET_ROOT>/240205170303_M801C06L62G031_2673_end_extract/drive_2/03,time_of_day,It is nighttime.,0.09393014013767242,0
<DATASET_ROOT>/240530090206_M801C06L62G031_2673_end_extract/drive_11/02,motion,The vehicle is moving straight.,0.6506305932998657,1
<DATASET_ROOT>/240530090206_M801C06L62G031_2673_end_extract/drive_11/02,motion,The vehicle is stopped.,0.2688557207584381,0
<DATASET_ROOT>/240530090206_M801C06L62G031_2673_end_extract/drive_11/02,weather,The weather is sunny.,0.061656489968299866,1
<DATASET_ROOT>/240530090206_M801C06L62G031_2673_end_extract/drive_11/02,weather,It is snowing.,0.0008485856233164668,0
<DATASET_ROOT>/240530090206_M801C06L62G031_2673_end_extract/drive_11/02,time_of_day,It is daytime.,0.1533755511045456,1
<DATASET_ROOT>/240530090206_M801C06L62G031_2673_end_extract/drive_11/02,time_of_day,It is nighttime.,0.007373102009296417,0
<DATASET_ROOT>/240322135559_M801C06L62G031_2673_end_extract/drive_1/04,motion,The vehicle is moving straight.,0.23643870651721954,1
<DATASET_ROOT>/240322135559_M801C06L62G031_2673_end_extract/drive_1/04,motion,The vehicle is stopped.,0.1628325879573822,0
<DATASET_ROOT>/240322135559_M801C06L62G031_2673_end_extract/drive_1/04,weather,The weather is cloudy.,0.17173513770103455,1
<DATASET_ROOT>/240322135559_M801C06L62G031_2673_end_extract/drive_1/04,weather,It is snowing.,0.005143192131072283,0
<DATASET_ROOT>/240322135559_M801C06L62G031_2673_end_extract/drive_1/04,time_of_day,It is daytime.,0.13930310308933258,1
<DATASET_ROOT>/240322135559_M801C06L62G031_2673_end_extract/drive_1/04,time_of_day,It is nighttime.,0.07247902452945709,0
<DATASET_ROOT>/240529140943_M801C06L62G031_2673_end_extract/drive_6/04,motion,The vehicle is moving straight.,0.46739286184310913,1
<DATASET_ROOT>/240529140943_M801C06L62G031_2673_end_extract/drive_6/04,motion,The vehicle is turning left.,0.3118862509727478,0
<DATASET_ROOT>/240529140943_M801C06L62G031_2673_end_extract/drive_6/04,weather,The weather is sunny.,0.12838312983512878,1
<DATASET_ROOT>/240529140943_M801C06L62G031_2673_end_extract/drive_6/04,weather,The weather is cloudy.,0.10280726104974747,0
<DATASET_ROOT>/240529140943_M801C06L62G031_2673_end_extract/drive_6/04,time_of_day,It is daytime.,0.1456245630979538,1
<DATASET_ROOT>/240529140943_M801C06L62G031_2673_end_extract/drive_6/04,time_of_day,It is nighttime.,0.014539281837642193,0
<DATASET_ROOT>/240529140943_M801C06L62G031_2673_end_extract/drive_33/01,motion,The vehicle is moving straight.,0.3696575462818146,1
<DATASET_ROOT>/240529140943_M801C06L62G031_2673_end_extract/drive_33/01,motion,The vehicle is turning right.,0.12275402247905731,0
<DATASET_ROOT>/240529140943_M801C06L62G031_2673_end_extract/drive_33/01,weather,The weather is sunny.,0.10983438044786453,1
<DATASET_ROOT>/240529140943_M801C06L62G031_2673_end_extract/drive_33/01,weather,It is snowing.,0.00022715596423950046,0
<DATASET_ROOT>/240529140943_M801C06L62G031_2673_end_extract/drive_33/01,time_of_day,It is daytime.,0.09218965470790863,1
<DATASET_ROOT>/240529140943_M801C06L62G031_2673_end_extract/drive_33/01,time_of_day,It is nighttime.,0.010375287383794785,0
<DATASET_ROOT>/240822134456_M801C06L62G031_2673_end_extract/drive_3/03,motion,The vehicle is stopped.,0.4351370930671692,1
<DATASET_ROOT>/240822134456_M801C06L62G031_2673_end_extract/drive_3/03,motion,The vehicle is turning left.,0.38810741901397705,0
<DATASET_ROOT>/240822134456_M801C06L62G031_2673_end_extract/drive_3/03,weather,The weather is sunny.,0.12668830156326294,1
<DATASET_ROOT>/240822134456_M801C06L62G031_2673_end_extract/drive_3/03,weather,The weather is cloudy.,0.1283702254295349,0
<DATASET_ROOT>/240822134456_M801C06L62G031_2673_end_extract/drive_3/03,time_of_day,It is daytime.,0.11826212704181671,1
<DATASET_ROOT>/240822134456_M801C06L62G031_2673_end_extract/drive_3/03,time_of_day,It is nighttime.,0.0033982412423938513,0
<DATASET_ROOT>/240529140943_M801C06L62G031_2673_end_extract/drive_14/03,motion,The vehicle is turning right.,0.3152129054069519,1
<DATASET_ROOT>/240529140943_M801C06L62G031_2673_end_extract/drive_14/03,motion,The vehicle is stopped.,0.2409602552652359,0
<DATASET_ROOT>/240529140943_M801C06L62G031_2673_end_extract/drive_14/03,weather,The weather is sunny.,0.18554995954036713,1
<DATASET_ROOT>/240529140943_M801C06L62G031_2673_end_extract/drive_14/03,weather,The weather is rainy.,0.0018133750418201089,0
<DATASET_ROOT>/240529140943_M801C06L62G031_2673_end_extract/drive_14/03,time_of_day,It is daytime.,0.1714525669813156,1
<DATASET_ROOT>/240529140943_M801C06L62G031_2673_end_extract/drive_14/03,time_of_day,It is nighttime.,0.0067723579704761505,0
<DATASET_ROOT>/231116093002_M801C06L62G031_2673_end_extract/drive_3/01,motion,The vehicle is moving straight.,0.30164071917533875,1
<DATASET_ROOT>/231116093002_M801C06L62G031_2673_end_extract/drive_3/01,motion,The vehicle is driving through a curve.,0.02408030442893505,0
<DATASET_ROOT>/231116093002_M801C06L62G031_2673_end_extract/drive_3/01,weather,The weather is rainy.,0.2051101177930832,1
<DATASET_ROOT>/231116093002_M801C06L62G031_2673_end_extract/drive_3/01,weather,The weather is cloudy.,0.05678433179855347,0
<DATASET_ROOT>/231116093002_M801C06L62G031_2673_end_extract/drive_3/01,time_of_day,It is daytime.,0.13252395391464233,1
<DATASET_ROOT>/231116093002_M801C06L62G031_2673_end_extract/drive_3/01,time_of_day,It is nighttime.,0.04279370978474617,0
<DATASET_ROOT>/240530090206_M801C06L62G031_2673_end_extract/drive_3/03,motion,The vehicle is moving straight.,0.6087629795074463,1
<DATASET_ROOT>/240530090206_M801C06L62G031_2673_end_extract/drive_3/03,motion,The vehicle is turning right.,0.27939125895500183,0
<DATASET_ROOT>/240530090206_M801C06L62G031_2673_end_extract/drive_3/03,weather,The weather is sunny.,0.13395556807518005,1
<DATASET_ROOT>/240530090206_M801C06L62G031_2673_end_extract/drive_3/03,weather,It is snowing.,0.004810693208128214,0
<DATASET_ROOT>/240530090206_M801C06L62G031_2673_end_extract/drive_3/03,time_of_day,It is daytime.,0.1383594572544098,1
<DATASET_ROOT>/240530090206_M801C06L62G031_2673_end_extract/drive_3/03,time_of_day,It is nighttime.,0.1056581661105156,0
<DATASET_ROOT>/240822084904_M801C06L62G031_2673_end_extract/drive_19/02,motion,The vehicle is moving straight.,0.45090070366859436,1
<DATASET_ROOT>/240822084904_M801C06L62G031_2673_end_extract/drive_19/02,motion,The vehicle is stopped.,0.20287513732910156,0
<DATASET_ROOT>/240822084904_M801C06L62G031_2673_end_extract/drive_19/02,weather,The weather is sunny.,0.10743221640586853,1
<DATASET_ROOT>/240822084904_M801C06L62G031_2673_end_extract/drive_19/02,weather,The weather is rainy.,0.0011778038460761309,0
<DATASET_ROOT>/240822084904_M801C06L62G031_2673_end_extract/drive_19/02,time_of_day,It is daytime.,0.13299523293972015,1
<DATASET_ROOT>/240822084904_M801C06L62G031_2673_end_extract/drive_19/02,time_of_day,It is nighttime.,0.004261804278939962,0
<DATASET_ROOT>/240322135559_M801C06L62G031_2673_end_extract/drive_16/04,motion,The vehicle is moving straight.,0.4412022531032562,1
<DATASET_ROOT>/240322135559_M801C06L62G031_2673_end_extract/drive_16/04,motion,The vehicle is stopped.,0.1780293881893158,0
<DATASET_ROOT>/240322135559_M801C06L62G031_2673_end_extract/drive_16/04,weather,The weather is rainy.,0.01306018978357315,1
<DATASET_ROOT>/240322135559_M801C06L62G031_2673_end_extract/drive_16/04,weather,The weather is sunny.,0.09337001293897629,0
<DATASET_ROOT>/240322135559_M801C06L62G031_2673_end_extract/drive_16/04,time_of_day,It is daytime.,0.13834713399410248,1
<DATASET_ROOT>/240322135559_M801C06L62G031_2673_end_extract/drive_16/04,time_of_day,It is nighttime.,0.025433097034692764,0
<DATASET_ROOT>/240530090206_M801C06L62G031_2673_end_extract/drive_10/04,motion,The vehicle is moving straight.,0.46539556980133057,1
<DATASET_ROOT>/240530090206_M801C06L62G031_2673_end_extract/drive_10/04,motion,The vehicle is turning left.,0.476837694644928,0
<DATASET_ROOT>/240530090206_M801C06L62G031_2673_end_extract/drive_10/04,weather,The weather is sunny.,0.059834420680999756,1
<DATASET_ROOT>/240530090206_M801C06L62G031_2673_end_extract/drive_10/04,weather,It is snowing.,0.0041346242651343346,0
<DATASET_ROOT>/240530090206_M801C06L62G031_2673_end_extract/drive_10/04,time_of_day,It is daytime.,0.17218121886253357,1
<DATASET_ROOT>/240530090206_M801C06L62G031_2673_end_extract/drive_10/04,time_of_day,It is nighttime.,0.0146432900801301,0
<DATASET_ROOT>/240205094744_M801C06L62G031_2673_end_extract/drive_7/01,motion,The vehicle is moving straight.,0.5065577030181885,1
<DATASET_ROOT>/240205094744_M801C06L62G031_2673_end_extract/drive_7/01,motion,The vehicle is driving through a curve.,0.03507877141237259,0
<DATASET_ROOT>/240205094744_M801C06L62G031_2673_end_extract/drive_7/01,weather,The weather is rainy.,0.027231398969888687,1
<DATASET_ROOT>/240205094744_M801C06L62G031_2673_end_extract/drive_7/01,weather,It is snowing.,0.0038699752185493708,0
<DATASET_ROOT>/240205094744_M801C06L62G031_2673_end_extract/drive_7/01,time_of_day,It is daytime.,0.14295201003551483,1
<DATASET_ROOT>/240205094744_M801C06L62G031_2673_end_extract/drive_7/01,time_of_day,It is nighttime.,0.007864248007535934,0
<DATASET_ROOT>/240822084904_M801C06L62G031_2673_end_extract/drive_22/02,motion,The vehicle is stopped.,0.35318124294281006,1
<DATASET_ROOT>/240822084904_M801C06L62G031_2673_end_extract/drive_22/02,motion,The vehicle is moving straight.,0.5102488398551941,0
<DATASET_ROOT>/240822084904_M801C06L62G031_2673_end_extract/drive_22/02,weather,The weather is sunny.,0.13011325895786285,1
<DATASET_ROOT>/240822084904_M801C06L62G031_2673_end_extract/drive_22/02,weather,The weather is rainy.,0.001882305950857699,0
<DATASET_ROOT>/240822084904_M801C06L62G031_2673_end_extract/drive_22/02,time_of_day,It is daytime.,0.13946887850761414,1
<DATASET_ROOT>/240822084904_M801C06L62G031_2673_end_extract/drive_22/02,time_of_day,It is nighttime.,0.008030395954847336,0
<DATASET_ROOT>/240529140943_M801C06L62G031_2673_end_extract/drive_21/01,motion,The vehicle is moving straight.,0.41529837250709534,1
<DATASET_ROOT>/240529140943_M801C06L62G031_2673_end_extract/drive_21/01,motion,The vehicle is turning right.,0.26769566535949707,0
<DATASET_ROOT>/240529140943_M801C06L62G031_2673_end_extract/drive_21/01,weather,The weather is sunny.,0.14998281002044678,1
<DATASET_ROOT>/240529140943_M801C06L62G031_2673_end_extract/drive_21/01,weather,The weather is cloudy.,0.0334097221493721,0
<DATASET_ROOT>/240529140943_M801C06L62G031_2673_end_extract/drive_21/01,time_of_day,It is daytime.,0.13567735254764557,1
<DATASET_ROOT>/240529140943_M801C06L62G031_2673_end_extract/drive_21/01,time_of_day,It is nighttime.,0.004556449130177498,0
<DATASET_ROOT>/240822134456_M801C06L62G031_2673_end_extract/drive_9/04,motion,The vehicle is driving through a curve.,0.6649230718612671,1
<DATASET_ROOT>/240822134456_M801C06L62G031_2673_end_extract/drive_9/04,motion,The vehicle is stopped.,0.20077338814735413,0
<DATASET_ROOT>/240822134456_M801C06L62G031_2673_end_extract/drive_9/04,weather,The weather is sunny.,0.10261937975883484,1
<DATASET_ROOT>/240822134456_M801C06L62G031_2673_end_extract/drive_9/04,weather,The weather is rainy.,0.0013176968786865473,0
<DATASET_ROOT>/240822134456_M801C06L62G031_2673_end_extract/drive_9/04,time_of_day,It is daytime.,0.1221674382686615,1
<DATASET_ROOT>/240822134456_M801C06L62G031_2673_end_extract/drive_9/04,time_of_day,It is nighttime.,0.0034713074564933777,0
<DATASET_ROOT>/240822134456_M801C06L62G031_2673_end_extract/drive_7/02,motion,The vehicle is moving straight.,0.6136075854301453,1
<DATASET_ROOT>/240822134456_M801C06L62G031_2673_end_extract/drive_7/02,motion,The vehicle is stopped.,0.19870039820671082,0
<DATASET_ROOT>/240822134456_M801C06L62G031_2673_end_extract/drive_7/02,weather,The weather is sunny.,0.13579237461090088,1
<DATASET_ROOT>/240822134456_M801C06L62G031_2673_end_extract/drive_7/02,weather,The weather is cloudy.,0.1411653310060501,0
<DATASET_ROOT>/240822134456_M801C06L62G031_2673_end_extract/drive_7/02,time_of_day,It is daytime.,0.13406594097614288,1
<DATASET_ROOT>/240822134456_M801C06L62G031_2673_end_extract/drive_7/02,time_of_day,It is nighttime.,0.015668148174881935,0
<DATASET_ROOT>/240529140943_M801C06L62G031_2673_end_extract/drive_7/03,motion,The vehicle is moving straight.,0.3316810429096222,1
<DATASET_ROOT>/240529140943_M801C06L62G031_2673_end_extract/drive_7/03,motion,The vehicle is stopped.,0.13316185772418976,0
<DATASET_ROOT>/240529140943_M801C06L62G031_2673_end_extract/drive_7/03,weather,The weather is sunny.,0.10204146802425385,1
<DATASET_ROOT>/240529140943_M801C06L62G031_2673_end_extract/drive_7/03,weather,The weather is rainy.,0.0006660630460828543,0
<DATASET_ROOT>/240529140943_M801C06L62G031_2673_end_extract/drive_7/03,time_of_day,It is daytime.,0.12241797149181366,1
<DATASET_ROOT>/240529140943_M801C06L62G031_2673_end_extract/drive_7/03,time_of_day,It is nighttime.,0.005460953339934349,0
<DATASET_ROOT>/240822084904_M801C06L62G031_2673_end_extract/drive_7/04,motion,The vehicle is moving straight.,0.5439391136169434,1
<DATASET_ROOT>/240822084904_M801C06L62G031_2673_end_extract/drive_7/04,motion,The vehicle is turning right.,0.1952824890613556,0
<DATASET_ROOT>/240822084904_M801C06L62G031_2673_end_extract/drive_7/04,weather,The weather is sunny.,0.14353913068771362,1
<DATASET_ROOT>/240822084904_M801C06L62G031_2673_end_extract/drive_7/04,weather,The weather is cloudy.,0.1095985621213913,0
<DATASET_ROOT>/240822084904_M801C06L62G031_2673_end_extract/drive_7/04,time_of_day,It is daytime.,0.12461967021226883,1
<DATASET_ROOT>/240822084904_M801C06L62G031_2673_end_extract/drive_7/04,time_of_day,It is nighttime.,0.0033859997056424618,0
<DATASET_ROOT>/240325141234_M801C06L62G031_2673_end_extract/drive_10/01,motion,The vehicle is driving through a curve.,0.13813558220863342,1
<DATASET_ROOT>/240325141234_M801C06L62G031_2673_end_extract/drive_10/01,motion,The vehicle is turning right.,0.15381398797035217,0
<DATASET_ROOT>/240325141234_M801C06L62G031_2673_end_extract/drive_10/01,weather,The weather is rainy.,0.1433749943971634,1
<DATASET_ROOT>/240325141234_M801C06L62G031_2673_end_extract/drive_10/01,weather,The weather is sunny.,0.030262654647231102,0
<DATASET_ROOT>/240325141234_M801C06L62G031_2673_end_extract/drive_10/01,time_of_day,It is daytime.,0.11103864759206772,1
<DATASET_ROOT>/240325141234_M801C06L62G031_2673_end_extract/drive_10/01,time_of_day,It is nighttime.,0.014366857707500458,0
<DATASET_ROOT>/240205094744_M801C06L62G031_2673_end_extract/drive_4/04,motion,The vehicle is moving straight.,0.2065839022397995,1
<DATASET_ROOT>/240205094744_M801C06L62G031_2673_end_extract/drive_4/04,motion,The vehicle is turning left.,0.13114140927791595,0
<DATASET_ROOT>/240205094744_M801C06L62G031_2673_end_extract/drive_4/04,weather,The weather is rainy.,0.0452275350689888,1
<DATASET_ROOT>/240205094744_M801C06L62G031_2673_end_extract/drive_4/04,weather,The weather is cloudy.,0.058248065412044525,0
<DATASET_ROOT>/240205094744_M801C06L62G031_2673_end_extract/drive_4/04,time_of_day,It is daytime.,0.12689588963985443,1
<DATASET_ROOT>/240205094744_M801C06L62G031_2673_end_extract/drive_4/04,time_of_day,It is nighttime.,0.009305290877819061,0
<DATASET_ROOT>/231116093002_M801C06L62G031_2673_end_extract/drive_3/03,motion,The vehicle is moving straight.,0.33142077922821045,1
<DATASET_ROOT>/231116093002_M801C06L62G031_2673_end_extract/drive_3/03,motion,The vehicle is turning left.,0.1558387577533722,0
<DATASET_ROOT>/231116093002_M801C06L62G031_2673_end_extract/drive_3/03,weather,The weather is rainy.,0.19974666833877563,1
<DATASET_ROOT>/231116093002_M801C06L62G031_2673_end_extract/drive_3/03,weather,It is snowing.,0.01659858040511608,0
<DATASET_ROOT>/231116093002_M801C06L62G031_2673_end_extract/drive_3/03,time_of_day,It is daytime.,0.13781027495861053,1
<DATASET_ROOT>/231116093002_M801C06L62G031_2673_end_extract/drive_3/03,time_of_day,It is nighttime.,0.02837875299155712,0
<DATASET_ROOT>/241018130234_M801C06L62G031_2673_end_extract/drive_11/02,motion,The vehicle is driving through a curve.,0.16220660507678986,1
<DATASET_ROOT>/241018130234_M801C06L62G031_2673_end_extract/drive_11/02,motion,The vehicle is stopped.,0.15561586618423462,0
<DATASET_ROOT>/241018130234_M801C06L62G031_2673_end_extract/drive_11/02,weather,The weather is rainy.,0.10172169655561447,1
<DATASET_ROOT>/241018130234_M801C06L62G031_2673_end_extract/drive_11/02,weather,It is snowing.,0.018117759376764297,0
<DATASET_ROOT>/241018130234_M801C06L62G031_2673_end_extract/drive_11/02,time_of_day,It is daytime.,0.14257758855819702,1
<DATASET_ROOT>/241018130234_M801C06L62G031_2673_end_extract/drive_11/02,time_of_day,It is nighttime.,0.038465507328510284,0
<DATASET_ROOT>/240325141234_M801C06L62G031_2673_end_extract/drive_6/02,motion,The vehicle is turning left.,0.28737643361091614,1
<DATASET_ROOT>/240325141234_M801C06L62G031_2673_end_extract/drive_6/02,motion,The vehicle is stopped.,0.18321673572063446,0
<DATASET_ROOT>/240325141234_M801C06L62G031_2673_end_extract/drive_6/02,weather,The weather is rainy.,0.15295539796352386,1
<DATASET_ROOT>/240325141234_M801C06L62G031_2673_end_extract/drive_6/02,weather,The weather is sunny.,0.11392805725336075,0
<DATASET_ROOT>/240325141234_M801C06L62G031_2673_end_extract/drive_6/02,time_of_day,It is daytime.,0.13740667700767517,1
<DATASET_ROOT>/240325141234_M801C06L62G031_2673_end_extract/drive_6/02,time_of_day,It is nighttime.,0.025721075013279915,0
<DATASET_ROOT>/240529140943_M801C06L62G031_2673_end_extract/drive_20/01,motion,The vehicle is moving straight.,0.655775785446167,1
<DATASET_ROOT>/240529140943_M801C06L62G031_2673_end_extract/drive_20/01,motion,The vehicle is driving through a curve.,0.15703754127025604,0
<DATASET_ROOT>/240529140943_M801C06L62G031_2673_end_extract/drive_20/01,weather,The weather is sunny.,0.17215986549854279,1
<DATASET_ROOT>/240529140943_M801C06L62G031_2673_end_extract/drive_20/01,weather,The weather is rainy.,0.0006602240609936416,0
<DATASET_ROOT>/240529140943_M801C06L62G031_2673_end_extract/drive_20/01,time_of_day,It is daytime.,0.1404406875371933,1
<DATASET_ROOT>/240529140943_M801C06L62G031_2673_end_extract/drive_20/01,time_of_day,It is nighttime.,0.005134240724146366,0
<DATASET_ROOT>/240205094744_M801C06L62G031_2673_end_extract/drive_7/02,motion,The vehicle is moving straight.,0.4477135241031647,1
<DATASET_ROOT>/240205094744_M801C06L62G031_2673_end_extract/drive_7/02,motion,The vehicle is turning left.,0.26953068375587463,0
<DATASET_ROOT>/240205094744_M801C06L62G031_2673_end_extract/drive_7/02,weather,The weather is rainy.,0.02599392458796501,1
<DATASET_ROOT>/240205094744_M801C06L62G031_2673_end_extract/drive_7/02,weather,The weather is sunny.,0.07241364568471909,0
<DATASET_ROOT>/240205094744_M801C06L62G031_2673_end_extract/drive_7/02,time_of_day,It is daytime.,0.13212454319000244,1
<DATASET_ROOT>/240205094744_M801C06L62G031_2673_end_extract/drive_7/02,time_of_day,It is nighttime.,0.00744032533839345,0
<DATASET_ROOT>/241018130234_M801C06L62G031_2673_end_extract/drive_5/03,motion,The vehicle is moving straight.,0.33823123574256897,1
<DATASET_ROOT>/241018130234_M801C06L62G031_2673_end_extract/drive_5/03,motion,The vehicle is stopped.,0.19479705393314362,0
<DATASET_ROOT>/241018130234_M801C06L62G031_2673_end_extract/drive_5/03,weather,The weather is rainy.,0.32339411973953247,1
<DATASET_ROOT>/241018130234_M801C06L62G031_2673_end_extract/drive_5/03,weather,The weather is cloudy.,0.12275448441505432,0
<DATASET_ROOT>/241018130234_M801C06L62G031_2673_end_extract/drive_5/03,time_of_day,It is daytime.,0.1413455307483673,1
<DATASET_ROOT>/241018130234_M801C06L62G031_2673_end_extract/drive_5/03,time_of_day,It is nighttime.,0.08154132217168808,0
<DATASET_ROOT>/240322135559_M801C06L62G031_2673_end_extract/drive_10/04,motion,The vehicle is moving straight.,0.6217498779296875,1
<DATASET_ROOT>/240322135559_M801C06L62G031_2673_end_extract/drive_10/04,motion,The vehicle is turning left.,0.6783894896507263,0
<DATASET_ROOT>/240322135559_M801C06L62G031_2673_end_extract/drive_10/04,weather,The weather is cloudy.,0.08018457889556885,1
<DATASET_ROOT>/240322135559_M801C06L62G031_2673_end_extract/drive_10/04,weather,The weather is sunny.,0.09010054171085358,0
<DATASET_ROOT>/240322135559_M801C06L62G031_2673_end_extract/drive_10/04,time_of_day,It is daytime.,0.1330462247133255,1
<DATASET_ROOT>/240322135559_M801C06L62G031_2673_end_extract/drive_10/04,time_of_day,It is nighttime.,0.008037391118705273,0
<DATASET_ROOT>/241018130234_M801C06L62G031_2673_end_extract/drive_16/04,motion,The vehicle is driving through a curve.,0.015200672671198845,1
<DATASET_ROOT>/241018130234_M801C06L62G031_2673_end_extract/drive_16/04,motion,The vehicle is stopped.,0.09378248453140259,0
<DATASET_ROOT>/241018130234_M801C06L62G031_2673_end_extract/drive_16/04,weather,The weather is cloudy.,0.0017113107023760676,1
<DATASET_ROOT>/241018130234_M801C06L62G031_2673_end_extract/drive_16/04,weather,The weather is rainy.,0.025799348950386047,0
<DATASET_ROOT>/241018130234_M801C06L62G031_2673_end_extract/drive_16/04,time_of_day,It is nighttime.,0.3730054795742035,1
<DATASET_ROOT>/241018130234_M801C06L62G031_2673_end_extract/drive_16/04,time_of_day,It is daytime.,0.0044652861542999744,0
<DATASET_ROOT>/241018130234_M801C06L62G031_2673_end_extract/drive_18/02,motion,The vehicle is moving straight.,0.08186866343021393,1
<DATASET_ROOT>/241018130234_M801C06L62G031_2673_end_extract/drive_18/02,motion,The vehicle is turning right.,0.08207917958498001,0
<DATASET_ROOT>/241018130234_M801C06L62G031_2673_end_extract/drive_18/02,weather,The weather is cloudy.,0.0015232496662065387,1
<DATASET_ROOT>/241018130234_M801C06L62G031_2673_end_extract/drive_18/02,weather,The weather is rainy.,0.01689508557319641,0
<DATASET_ROOT>/241018130234_M801C06L62G031_2673_end_extract/drive_18/02,time_of_day,It is nighttime.,0.3838237524032593,1
<DATASET_ROOT>/241018130234_M801C06L62G031_2673_end_extract/drive_18/02,time_of_day,It is daytime.,0.005022522062063217,0
<DATASET_ROOT>/240530090206_M801C06L62G031_2673_end_extract/drive_29/01,motion,The vehicle is moving straight.,0.4177296757698059,1
<DATASET_ROOT>/240530090206_M801C06L62G031_2673_end_extract/drive_29/01,motion,The vehicle is driving through a curve.,0.14127103984355927,0
<DATASET_ROOT>/240530090206_M801C06L62G031_2673_end_extract/drive_29/01,weather,The weather is sunny.,0.05463051795959473,1
<DATASET_ROOT>/240530090206_M801C06L62G031_2673_end_extract/drive_29/01,weather,It is snowing.,0.003973404411226511,0
<DATASET_ROOT>/240530090206_M801C06L62G031_2673_end_extract/drive_29/01,time_of_day,It is daytime.,0.147829070687294,1
<DATASET_ROOT>/240530090206_M801C06L62G031_2673_end_extract/drive_29/01,time_of_day,It is nighttime.,0.06022012233734131,0
<DATASET_ROOT>/241018102947_M801C06L62G031_2673_end_extract/drive_2/03,motion,The vehicle is moving straight.,0.44676831364631653,1
<DATASET_ROOT>/241018102947_M801C06L62G031_2673_end_extract/drive_2/03,motion,The vehicle is turning right.,0.19128912687301636,0
<DATASET_ROOT>/241018102947_M801C06L62G031_2673_end_extract/drive_2/03,weather,The weather is rainy.,0.04595201462507248,1
<DATASET_ROOT>/241018102947_M801C06L62G031_2673_end_extract/drive_2/03,weather,The weather is sunny.,0.06306017190217972,0
<DATASET_ROOT>/241018102947_M801C06L62G031_2673_end_extract/drive_2/03,time_of_day,It is daytime.,0.147681325674057,1
<DATASET_ROOT>/241018102947_M801C06L62G031_2673_end_extract/drive_2/03,time_of_day,It is nighttime.,0.004865487106144428,0
<DATASET_ROOT>/240529140943_M801C06L62G031_2673_end_extract/drive_8/02,motion,The vehicle is moving straight.,0.5068890452384949,1
<DATASET_ROOT>/240529140943_M801C06L62G031_2673_end_extract/drive_8/02,motion,The vehicle is turning left.,0.6287493705749512,0
<DATASET_ROOT>/240529140943_M801C06L62G031_2673_end_extract/drive_8/02,weather,The weather is sunny.,0.1664673238992691,1
<DATASET_ROOT>/240529140943_M801C06L62G031_2673_end_extract/drive_8/02,weather,It is snowing.,0.00040573542355559766,0
<DATASET_ROOT>/240529140943_M801C06L62G031_2673_end_extract/drive_8/02,time_of_day,It is daytime.,0.1543603390455246,1
<DATASET_ROOT>/240529140943_M801C06L62G031_2673_end_extract/drive_8/02,time_of_day,It is nighttime.,0.005842322949320078,0
<DATASET_ROOT>/240322135559_M801C06L62G031_2673_end_extract/drive_3/03,motion,The vehicle is moving straight.,0.32400327920913696,1
<DATASET_ROOT>/240322135559_M801C06L62G031_2673_end_extract/drive_3/03,motion,The vehicle is turning right.,0.22020688652992249,0
<DATASET_ROOT>/240322135559_M801C06L62G031_2673_end_extract/drive_3/03,weather,The weather is cloudy.,0.13058456778526306,1
<DATASET_ROOT>/240322135559_M801C06L62G031_2673_end_extract/drive_3/03,weather,The weather is sunny.,0.0626058280467987,0
<DATASET_ROOT>/240322135559_M801C06L62G031_2673_end_extract/drive_3/03,time_of_day,It is daytime.,0.14225679636001587,1
<DATASET_ROOT>/240322135559_M801C06L62G031_2673_end_extract/drive_3/03,time_of_day,It is nighttime.,0.011313135735690594,0
<DATASET_ROOT>/240529140943_M801C06L62G031_2673_end_extract/drive_9/04,motion,The vehicle is moving straight.,0.24633260071277618,1
<DATASET_ROOT>/240529140943_M801C06L62G031_2673_end_extract/drive_9/04,motion,The vehicle is stopped.,0.14561083912849426,0
<DATASET_ROOT>/240529140943_M801C06L62G031_2673_end_extract/drive_9/04,weather,The weather is sunny.,0.1707010716199875,1
<DATASET_ROOT>/240529140943_M801C06L62G031_2673_end_extract/drive_9/04,weather,It is snowing.,0.00032879202626645565,0
<DATASET_ROOT>/240529140943_M801C06L62G031_2673_end_extract/drive_9/04,time_of_day,It is daytime.,0.1566104143857956,1
<DATASET_ROOT>/240529140943_M801C06L62G031_2673_end_extract/drive_9/04,time_of_day,It is nighttime.,0.008427764289081097,0
<DATASET_ROOT>/240529140943_M801C06L62G031_2673_end_extract/drive_5/04,motion,The vehicle is stopped.,0.27338892221450806,1
<DATASET_ROOT>/240529140943_M801C06L62G031_2673_end_extract/drive_5/04,motion,The vehicle is driving through a curve.,0.0521416999399662,0
<DATASET_ROOT>/240529140943_M801C06L62G031_2673_end_extract/drive_5/04,weather,The weather is sunny.,0.14683958888053894,1
<DATASET_ROOT>/240529140943_M801C06L62G031_2673_end_extract/drive_5/04,weather,It is snowing.,0.0002493637439329177,0
<DATASET_ROOT>/240529140943_M801C06L62G031_2673_end_extract/drive_5/04,time_of_day,It is daytime.,0.15482313930988312,1
<DATASET_ROOT>/240529140943_M801C06L62G031_2673_end_extract/drive_5/04,time_of_day,It is nighttime.,0.005489333998411894,0
<DATASET_ROOT>/240325141234_M801C06L62G031_2673_end_extract/drive_14/03,motion,The vehicle is stopped.,0.0731731653213501,1
<DATASET_ROOT>/240325141234_M801C06L62G031_2673_end_extract/drive_14/03,motion,The vehicle is driving through a curve.,0.017880061641335487,0
<DATASET_ROOT>/240325141234_M801C06L62G031_2673_end_extract/drive_14/03,weather,The weather is rainy.,0.05934861674904823,1
<DATASET_ROOT>/240325141234_M801C06L62G031_2673_end_extract/drive_14/03,weather,It is snowing.,0.004533182363957167,0
<DATASET_ROOT>/240325141234_M801C06L62G031_2673_end_extract/drive_14/03,time_of_day,It is daytime.,0.13108786940574646,1
<DATASET_ROOT>/240325141234_M801C06L62G031_2673_end_extract/drive_14/03,time_of_day,It is nighttime.,0.010980259627103806,0
<DATASET_ROOT>/240529140943_M801C06L62G031_2673_end_extract/drive_15/02,motion,The vehicle is moving straight.,0.49458765983581543,1
<DATASET_ROOT>/240529140943_M801C06L62G031_2673_end_extract/drive_15/02,motion,The vehicle is stopped.,0.1891602873802185,0
<DATASET_ROOT>/240529140943_M801C06L62G031_2673_end_extract/drive_15/02,weather,The weather is sunny.,0.17131739854812622,1
<DATASET_ROOT>/240529140943_M801C06L62G031_2673_end_extract/drive_15/02,weather,The weather is rainy.,0.001837451010942459,0
<DATASET_ROOT>/240529140943_M801C06L62G031_2673_end_extract/drive_15/02,time_of_day,It is daytime.,0.15910273790359497,1
<DATASET_ROOT>/240529140943_M801C06L62G031_2673_end_extract/drive_15/02,time_of_day,It is nighttime.,0.0137343043461442,0
<DATASET_ROOT>/240205094744_M801C06L62G031_2673_end_extract/drive_5/02,motion,The vehicle is moving straight.,0.4889029264450073,1
<DATASET_ROOT>/240205094744_M801C06L62G031_2673_end_extract/drive_5/02,motion,The vehicle is turning right.,0.19831635057926178,0
<DATASET_ROOT>/240205094744_M801C06L62G031_2673_end_extract/drive_5/02,weather,The weather is rainy.,0.0519789457321167,1
<DATASET_ROOT>/240205094744_M801C06L62G031_2673_end_extract/drive_5/02,weather,It is snowing.,0.00879410095512867,0
<DATASET_ROOT>/240205094744_M801C06L62G031_2673_end_extract/drive_5/02,time_of_day,It is daytime.,0.12936827540397644,1
<DATASET_ROOT>/240205094744_M801C06L62G031_2673_end_extract/drive_5/02,time_of_day,It is nighttime.,0.02038366161286831,0
<DATASET_ROOT>/240822134456_M801C06L62G031_2673_end_extract/drive_4/04,motion,The vehicle is stopped.,0.31080082058906555,1
<DATASET_ROOT>/240822134456_M801C06L62G031_2673_end_extract/drive_4/04,motion,The vehicle is turning left.,0.28354185819625854,0
<DATASET_ROOT>/240822134456_M801C06L62G031_2673_end_extract/drive_4/04,weather,The weather is sunny.,0.17795740067958832,1
<DATASET_ROOT>/240822134456_M801C06L62G031_2673_end_extract/drive_4/04,weather,The weather is cloudy.,0.11168096214532852,0
<DATASET_ROOT>/240822134456_M801C06L62G031_2673_end_extract/drive_4/04,time_of_day,It is daytime.,0.16118748486042023,1
<DATASET_ROOT>/240822134456_M801C06L62G031_2673_end_extract/drive_4/04,time_of_day,It is nighttime.,0.015154728665947914,0
<DATASET_ROOT>/241018130234_M801C06L62G031_2673_end_extract/drive_1/02,motion,The vehicle is moving straight.,0.25247088074684143,1
<DATASET_ROOT>/241018130234_M801C06L62G031_2673_end_extract/drive_1/02,motion,The vehicle is stopped.,0.16842085123062134,0
<DATASET_ROOT>/241018130234_M801C06L62G031_2673_end_extract/drive_1/02,weather,The weather is rainy.,0.43103358149528503,1
<DATASET_ROOT>/241018130234_M801C06L62G031_2673_end_extract/drive_1/02,weather,It is snowing.,0.019385259598493576,0
<DATASET_ROOT>/241018130234_M801C06L62G031_2673_end_extract/drive_1/02,time_of_day,It is daytime.,0.14162486791610718,1
<DATASET_ROOT>/241018130234_M801C06L62G031_2673_end_extract/drive_1/02,time_of_day,It is nighttime.,0.028045086190104485,0
<DATASET_ROOT>/240322135559_M801C06L62G031_2673_end_extract/drive_5/04,motion,The vehicle is stopped.,0.17217378318309784,1
<DATASET_ROOT>/240322135559_M801C06L62G031_2673_end_extract/drive_5/04,motion,The vehicle is moving straight.,0.16073285043239594,0
<DATASET_ROOT>/240322135559_M801C06L62G031_2673_end_extract/drive_5/04,weather,The weather is cloudy.,0.12468227744102478,1
<DATASET_ROOT>/240322135559_M801C06L62G031_2673_end_extract/drive_5/04,weather,It is snowing.,0.006698476616293192,0
<DATASET_ROOT>/240322135559_M801C06L62G031_2673_end_extract/drive_5/04,time_of_day,It is daytime.,0.15516236424446106,1
<DATASET_ROOT>/240322135559_M801C06L62G031_2673_end_extract/drive_5/04,time_of_day,It is nighttime.,0.0175035297870636,0
<DATASET_ROOT>/240822084904_M801C06L62G031_2673_end_extract/drive_18/03,motion,The vehicle is moving straight.,0.608772337436676,1
<DATASET_ROOT>/240822084904_M801C06L62G031_2673_end_extract/drive_18/03,motion,The vehicle is stopped.,0.42100539803504944,0
<DATASET_ROOT>/240822084904_M801C06L62G031_2673_end_extract/drive_18/03,weather,The weather is sunny.,0.1432635337114334,1
<DATASET_ROOT>/240822084904_M801C06L62G031_2673_end_extract/drive_18/03,weather,It is snowing.,0.0003941327449865639,0
<DATASET_ROOT>/240822084904_M801C06L62G031_2673_end_extract/drive_18/03,time_of_day,It is daytime.,0.14656950533390045,1
<DATASET_ROOT>/240822084904_M801C06L62G031_2673_end_extract/drive_18/03,time_of_day,It is nighttime.,0.008089149370789528,0
<DATASET_ROOT>/241018130234_M801C06L62G031_2673_end_extract/drive_8/04,motion,The vehicle is driving through a curve.,0.07391468435525894,1
<DATASET_ROOT>/241018130234_M801C06L62G031_2673_end_extract/drive_8/04,motion,The vehicle is turning left.,0.14083759486675262,0
<DATASET_ROOT>/241018130234_M801C06L62G031_2673_end_extract/drive_8/04,weather,The weather is rainy.,0.16550827026367188,1
<DATASET_ROOT>/241018130234_M801C06L62G031_2673_end_extract/drive_8/04,weather,The weather is cloudy.,0.11570383608341217,0
<DATASET_ROOT>/241018130234_M801C06L62G031_2673_end_extract/drive_8/04,time_of_day,It is daytime.,0.13733284175395966,1
<DATASET_ROOT>/241018130234_M801C06L62G031_2673_end_extract/drive_8/04,time_of_day,It is nighttime.,0.026808543130755424,0
<DATASET_ROOT>/240322135559_M801C06L62G031_2673_end_extract/drive_3/04,motion,The vehicle is moving straight.,0.26979362964630127,1
<DATASET_ROOT>/240322135559_M801C06L62G031_2673_end_extract/drive_3/04,motion,The vehicle is turning left.,0.19735461473464966,0
<DATASET_ROOT>/240322135559_M801C06L62G031_2673_end_extract/drive_3/04,weather,The weather is cloudy.,0.1439875364303589,1
<DATASET_ROOT>/240322135559_M801C06L62G031_2673_end_extract/drive_3/04,weather,The weather is sunny.,0.05123794078826904,0
<DATASET_ROOT>/240322135559_M801C06L62G031_2673_end_extract/drive_3/04,time_of_day,It is daytime.,0.133380725979805,1
<DATASET_ROOT>/240322135559_M801C06L62G031_2673_end_extract/drive_3/04,time_of_day,It is nighttime.,0.027883300557732582,0
<DATASET_ROOT>/240530090206_M801C06L62G031_2673_end_extract/drive_30/02,motion,The vehicle is moving straight.,0.63076251745224,1
<DATASET_ROOT>/240530090206_M801C06L62G031_2673_end_extract/drive_30/02,motion,The vehicle is driving through a curve.,0.3038097321987152,0
<DATASET_ROOT>/240530090206_M801C06L62G031_2673_end_extract/drive_30/02,weather,The weather is sunny.,0.11952933669090271,1
<DATASET_ROOT>/240530090206_M801C06L62G031_2673_end_extract/drive_30/02,weather,It is snowing.,0.0014827903360128403,0
<DATASET_ROOT>/240530090206_M801C06L62G031_2673_end_extract/drive_30/02,time_of_day,It is daytime.,0.14515751600265503,1
<DATASET_ROOT>/240530090206_M801C06L62G031_2673_end_extract/drive_30/02,time_of_day,It is nighttime.,0.007805682253092527,0
<DATASET_ROOT>/240530090206_M801C06L62G031_2673_end_extract/drive_11/01,motion,The vehicle is moving straight.,0.5325087308883667,1
<DATASET_ROOT>/240530090206_M801C06L62G031_2673_end_extract/drive_11/01,motion,The vehicle is stopped.,0.2127852439880371,0
<DATASET_ROOT>/240530090206_M801C06L62G031_2673_end_extract/drive_11/01,weather,The weather is sunny.,0.1448238492012024,1
<DATASET_ROOT>/240530090206_M801C06L62G031_2673_end_extract/drive_11/01,weather,The weather is cloudy.,0.13799943029880524,0
<DATASET_ROOT>/240530090206_M801C06L62G031_2673_end_extract/drive_11/01,time_of_day,It is daytime.,0.16074125468730927,1
<DATASET_ROOT>/240530090206_M801C06L62G031_2673_end_extract/drive_11/01,time_of_day,It is nighttime.,0.009747061878442764,0
<DATASET_ROOT>/240529140943_M801C06L62G031_2673_end_extract/drive_16/01,motion,The vehicle is moving straight.,0.5092366337776184,1
<DATASET_ROOT>/240529140943_M801C06L62G031_2673_end_extract/drive_16/01,motion,The vehicle is stopped.,0.25186753273010254,0
<DATASET_ROOT>/240529140943_M801C06L62G031_2673_end_extract/drive_16/01,weather,The weather is sunny.,0.14097830653190613,1
<DATASET_ROOT>/240529140943_M801C06L62G031_2673_end_extract/drive_16/01,weather,The weather is cloudy.,0.06566958874464035,0
<DATASET_ROOT>/240529140943_M801C06L62G031_2673_end_extract/drive_16/01,time_of_day,It is daytime.,0.1364908665418625,1
<DATASET_ROOT>/240529140943_M801C06L62G031_2673_end_extract/drive_16/01,time_of_day,It is nighttime.,0.009292625822126865,0
<DATASET_ROOT>/240822084904_M801C06L62G031_2673_end_extract/drive_23/03,motion,The vehicle is driving through a curve.,0.1220373660326004,1
<DATASET_ROOT>/240822084904_M801C06L62G031_2673_end_extract/drive_23/03,motion,The vehicle is stopped.,0.19572052359580994,0
<DATASET_ROOT>/240822084904_M801C06L62G031_2673_end_extract/drive_23/03,weather,The weather is sunny.,0.09323678910732269,1
<DATASET_ROOT>/240822084904_M801C06L62G031_2673_end_extract/drive_23/03,weather,It is snowing.,0.0005156356492079794,0
<DATASET_ROOT>/240822084904_M801C06L62G031_2673_end_extract/drive_23/03,time_of_day,It is daytime.,0.12723968923091888,1
<DATASET_ROOT>/240822084904_M801C06L62G031_2673_end_extract/drive_23/03,time_of_day,It is nighttime.,0.009482666850090027,0
<DATASET_ROOT>/240325141234_M801C06L62G031_2673_end_extract/drive_4/01,motion,The vehicle is moving straight.,0.17478324472904205,1
<DATASET_ROOT>/240325141234_M801C06L62G031_2673_end_extract/drive_4/01,motion,The vehicle is driving through a curve.,0.028053173795342445,0
<DATASET_ROOT>/240325141234_M801C06L62G031_2673_end_extract/drive_4/01,weather,The weather is rainy.,0.2155202329158783,1
<DATASET_ROOT>/240325141234_M801C06L62G031_2673_end_extract/drive_4/01,weather,The weather is cloudy.,0.0558675192296505,0
<DATASET_ROOT>/240325141234_M801C06L62G031_2673_end_extract/drive_4/01,time_of_day,It is daytime.,0.13001085817813873,1
<DATASET_ROOT>/240325141234_M801C06L62G031_2673_end_extract/drive_4/01,time_of_day,It is nighttime.,0.06562228500843048,0
<DATASET_ROOT>/240529140943_M801C06L62G031_2673_end_extract/drive_29/01,motion,The vehicle is moving straight.,0.4384683668613434,1
<DATASET_ROOT>/240529140943_M801C06L62G031_2673_end_extract/drive_29/01,motion,The vehicle is turning left.,0.5136298537254333,0
<DATASET_ROOT>/240529140943_M801C06L62G031_2673_end_extract/drive_29/01,weather,The weather is sunny.,0.1618361622095108,1
<DATASET_ROOT>/240529140943_M801C06L62G031_2673_end_extract/drive_29/01,weather,It is snowing.,0.0010001346236094832,0
<DATASET_ROOT>/240529140943_M801C06L62G031_2673_end_extract/drive_29/01,time_of_day,It is daytime.,0.1409040093421936,1
<DATASET_ROOT>/240529140943_M801C06L62G031_2673_end_extract/drive_29/01,time_of_day,It is nighttime.,0.04514699801802635,0
<DATASET_ROOT>/240205094744_M801C06L62G031_2673_end_extract/drive_1/02,motion,The vehicle is moving straight.,0.3547865152359009,1
<DATASET_ROOT>/240205094744_M801C06L62G031_2673_end_extract/drive_1/02,motion,The vehicle is turning left.,0.1936437040567398,0
<DATASET_ROOT>/240205094744_M801C06L62G031_2673_end_extract/drive_1/02,weather,The weather is rainy.,0.11195412278175354,1
<DATASET_ROOT>/240205094744_M801C06L62G031_2673_end_extract/drive_1/02,weather,It is snowing.,0.0329156294465065,0
<DATASET_ROOT>/240205094744_M801C06L62G031_2673_end_extract/drive_1/02,time_of_day,It is daytime.,0.12583419680595398,1
<DATASET_ROOT>/240205094744_M801C06L62G031_2673_end_extract/drive_1/02,time_of_day,It is nighttime.,0.07039673626422882,0
<DATASET_ROOT>/240325141234_M801C06L62G031_2673_end_extract/drive_6/03,motion,The vehicle is turning left.,0.28388774394989014,1
<DATASET_ROOT>/240325141234_M801C06L62G031_2673_end_extract/drive_6/03,motion,The vehicle is stopped.,0.21625235676765442,0
<DATASET_ROOT>/240325141234_M801C06L62G031_2673_end_extract/drive_6/03,weather,The weather is rainy.,0.2868187129497528,1
<DATASET_ROOT>/240325141234_M801C06L62G031_2673_end_extract/drive_6/03,weather,It is snowing.,0.09384610503911972,0
<DATASET_ROOT>/240325141234_M801C06L62G031_2673_end_extract/drive_6/03,time_of_day,It is daytime.,0.1365257352590561,1
<DATASET_ROOT>/240325141234_M801C06L62G031_2673_end_extract/drive_6/03,time_of_day,It is nighttime.,0.022081609815359116,0
<DATASET_ROOT>/241018130234_M801C06L62G031_2673_end_extract/drive_6/03,motion,The vehicle is driving through a curve.,0.031569283455610275,1
<DATASET_ROOT>/241018130234_M801C06L62G031_2673_end_extract/drive_6/03,motion,The vehicle is moving straight.,0.34283459186553955,0
<DATASET_ROOT>/241018130234_M801C06L62G031_2673_end_extract/drive_6/03,weather,The weather is rainy.,0.3643726110458374,1
<DATASET_ROOT>/241018130234_M801C06L62G031_2673_end_extract/drive_6/03,weather,The weather is sunny.,0.0629754289984703,0
<DATASET_ROOT>/241018130234_M801C06L62G031_2673_end_extract/drive_6/03,time_of_day,It is daytime.,0.11651678383350372,1
<DATASET_ROOT>/241018130234_M801C06L62G031_2673_end_extract/drive_6/03,time_of_day,It is nighttime.,0.061670560389757156,0
<DATASET_ROOT>/240529140943_M801C06L62G031_2673_end_extract/drive_26/04,motion,The vehicle is moving straight.,0.5790300965309143,1
<DATASET_ROOT>/240529140943_M801C06L62G031_2673_end_extract/drive_26/04,motion,The vehicle is turning left.,0.28620511293411255,0
<DATASET_ROOT>/240529140943_M801C06L62G031_2673_end_extract/drive_26/04,weather,The weather is sunny.,0.14052614569664001,1
<DATASET_ROOT>/240529140943_M801C06L62G031_2673_end_extract/drive_26/04,weather,The weather is rainy.,0.001874937559477985,0
<DATASET_ROOT>/240529140943_M801C06L62G031_2673_end_extract/drive_26/04,time_of_day,It is daytime.,0.13917724788188934,1
<DATASET_ROOT>/240529140943_M801C06L62G031_2673_end_extract/drive_26/04,time_of_day,It is nighttime.,0.009731195867061615,0
<DATASET_ROOT>/240530090206_M801C06L62G031_2673_end_extract/drive_16/03,motion,The vehicle is moving straight.,0.7067376971244812,1
<DATASET_ROOT>/240530090206_M801C06L62G031_2673_end_extract/drive_16/03,motion,The vehicle is turning right.,0.25456690788269043,0
<DATASET_ROOT>/240530090206_M801C06L62G031_2673_end_extract/drive_16/03,weather,The weather is sunny.,0.11116141825914383,1
<DATASET_ROOT>/240530090206_M801C06L62G031_2673_end_extract/drive_16/03,weather,The weather is rainy.,0.014508597552776337,0
<DATASET_ROOT>/240530090206_M801C06L62G031_2673_end_extract/drive_16/03,time_of_day,It is daytime.,0.12772798538208008,1
<DATASET_ROOT>/240530090206_M801C06L62G031_2673_end_extract/drive_16/03,time_of_day,It is nighttime.,0.20178522169589996,0
<DATASET_ROOT>/240529140943_M801C06L62G031_2673_end_extract/drive_15/03,motion,The vehicle is moving straight.,0.5312898755073547,1
<DATASET_ROOT>/240529140943_M801C06L62G031_2673_end_extract/drive_15/03,motion,The vehicle is driving through a curve.,0.15793238580226898,0
<DATASET_ROOT>/240529140943_M801C06L62G031_2673_end_extract/drive_15/03,weather,The weather is sunny.,0.15508891642093658,1
<DATASET_ROOT>/240529140943_M801C06L62G031_2673_end_extract/drive_15/03,weather,It is snowing.,0.0002944446459878236,0
<DATASET_ROOT>/240529140943_M801C06L62G031_2673_end_extract/drive_15/03,time_of_day,It is daytime.,0.1476469188928604,1
<DATASET_ROOT>/240529140943_M801C06L62G031_2673_end_extract/drive_15/03,time_of_day,It is nighttime.,0.006312408018857241,0
<DATASET_ROOT>/240205094744_M801C06L62G031_2673_end_extract/drive_3/04,motion,The vehicle is moving straight.,0.17443634569644928,1
<DATASET_ROOT>/240205094744_M801C06L62G031_2673_end_extract/drive_3/04,motion,The vehicle is driving through a curve.,0.008561021648347378,0
<DATASET_ROOT>/240205094744_M801C06L62G031_2673_end_extract/drive_3/04,weather,The weather is rainy.,0.06210673227906227,1
<DATASET_ROOT>/240205094744_M801C06L62G031_2673_end_extract/drive_3/04,weather,The weather is cloudy.,0.060650572180747986,0
<DATASET_ROOT>/240205094744_M801C06L62G031_2673_end_extract/drive_3/04,time_of_day,It is daytime.,0.10951152443885803,1
<DATASET_ROOT>/240205094744_M801C06L62G031_2673_end_extract/drive_3/04,time_of_day,It is nighttime.,0.0125490203499794,0
<DATASET_ROOT>/240325141234_M801C06L62G031_2673_end_extract/drive_2/01,motion,The vehicle is stopped.,0.11341843754053116,1
<DATASET_ROOT>/240325141234_M801C06L62G031_2673_end_extract/drive_2/01,motion,The vehicle is driving through a curve.,0.013287553563714027,0
<DATASET_ROOT>/240325141234_M801C06L62G031_2673_end_extract/drive_2/01,weather,The weather is rainy.,0.080830417573452,1
<DATASET_ROOT>/240325141234_M801C06L62G031_2673_end_extract/drive_2/01,weather,The weather is cloudy.,0.07137168198823929,0
<DATASET_ROOT>/240325141234_M801C06L62G031_2673_end_extract/drive_2/01,time_of_day,It is daytime.,0.15216951072216034,1
<DATASET_ROOT>/240325141234_M801C06L62G031_2673_end_extract/drive_2/01,time_of_day,It is nighttime.,0.010621173307299614,0
<DATASET_ROOT>/240822084904_M801C06L62G031_2673_end_extract/drive_5/01,motion,The vehicle is moving straight.,0.6918787360191345,1
<DATASET_ROOT>/240822084904_M801C06L62G031_2673_end_extract/drive_5/01,motion,The vehicle is turning left.,0.2518410086631775,0
<DATASET_ROOT>/240822084904_M801C06L62G031_2673_end_extract/drive_5/01,weather,The weather is sunny.,0.11907830834388733,1
<DATASET_ROOT>/240822084904_M801C06L62G031_2673_end_extract/drive_5/01,weather,The weather is rainy.,0.0016742900479584932,0
<DATASET_ROOT>/240822084904_M801C06L62G031_2673_end_extract/drive_5/01,time_of_day,It is daytime.,0.11768972873687744,1
<DATASET_ROOT>/240822084904_M801C06L62G031_2673_end_extract/drive_5/01,time_of_day,It is nighttime.,0.021460149437189102,0
<DATASET_ROOT>/240529140943_M801C06L62G031_2673_end_extract/drive_26/03,motion,The vehicle is moving straight.,0.5123091340065002,1
<DATASET_ROOT>/240529140943_M801C06L62G031_2673_end_extract/drive_26/03,motion,The vehicle is turning right.,0.27143773436546326,0
<DATASET_ROOT>/240529140943_M801C06L62G031_2673_end_extract/drive_26/03,weather,The weather is sunny.,0.17312557995319366,1
<DATASET_ROOT>/240529140943_M801C06L62G031_2673_end_extract/drive_26/03,weather,The weather is cloudy.,0.09882035106420517,0
<DATASET_ROOT>/240529140943_M801C06L62G031_2673_end_extract/drive_26/03,time_of_day,It is daytime.,0.16954904794692993,1
<DATASET_ROOT>/240529140943_M801C06L62G031_2673_end_extract/drive_26/03,time_of_day,It is nighttime.,0.01373804360628128,0
<DATASET_ROOT>/240325141234_M801C06L62G031_2673_end_extract/drive_2/02,motion,The vehicle is stopped.,0.0924343392252922,1
<DATASET_ROOT>/240325141234_M801C06L62G031_2673_end_extract/drive_2/02,motion,The vehicle is turning right.,0.12233554571866989,0
<DATASET_ROOT>/240325141234_M801C06L62G031_2673_end_extract/drive_2/02,weather,The weather is rainy.,0.08854342997074127,1
<DATASET_ROOT>/240325141234_M801C06L62G031_2673_end_extract/drive_2/02,weather,It is snowing.,0.010562267154455185,0
<DATASET_ROOT>/240325141234_M801C06L62G031_2673_end_extract/drive_2/02,time_of_day,It is daytime.,0.1483502984046936,1
<DATASET_ROOT>/240325141234_M801C06L62G031_2673_end_extract/drive_2/02,time_of_day,It is nighttime.,0.010591280646622181,0
<DATASET_ROOT>/240822084904_M801C06L62G031_2673_end_extract/drive_1/04,motion,The vehicle is moving straight.,0.36276838183403015,1
<DATASET_ROOT>/240822084904_M801C06L62G031_2673_end_extract/drive_1/04,motion,The vehicle is turning right.,0.28393030166625977,0
<DATASET_ROOT>/240822084904_M801C06L62G031_2673_end_extract/drive_1/04,weather,The weather is sunny.,0.17555364966392517,1
<DATASET_ROOT>/240822084904_M801C06L62G031_2673_end_extract/drive_1/04,weather,It is snowing.,0.0005785290850326419,0
<DATASET_ROOT>/240822084904_M801C06L62G031_2673_end_extract/drive_1/04,time_of_day,It is daytime.,0.1510305106639862,1
<DATASET_ROOT>/240822084904_M801C06L62G031_2673_end_extract/drive_1/04,time_of_day,It is nighttime.,0.03514357656240463,0
<DATASET_ROOT>/240530090206_M801C06L62G031_2673_end_extract/drive_15/02,motion,The vehicle is turning right.,0.4895384609699249,1
<DATASET_ROOT>/240530090206_M801C06L62G031_2673_end_extract/drive_15/02,motion,The vehicle is moving straight.,0.4761943519115448,0
<DATASET_ROOT>/240530090206_M801C06L62G031_2673_end_extract/drive_15/02,weather,The weather is sunny.,0.09977058321237564,1
<DATASET_ROOT>/240530090206_M801C06L62G031_2673_end_extract/drive_15/02,weather,The weather is cloudy.,0.19115594029426575,0
<DATASET_ROOT>/240530090206_M801C06L62G031_2673_end_extract/drive_15/02,time_of_day,It is daytime.,0.1451880782842636,1
<DATASET_ROOT>/240530090206_M801C06L62G031_2673_end_extract/drive_15/02,time_of_day,It is nighttime.,0.017203714698553085,0
<DATASET_ROOT>/240530090206_M801C06L62G031_2673_end_extract/drive_3/02,motion,The vehicle is moving straight.,0.3877951204776764,1
<DATASET_ROOT>/240530090206_M801C06L62G031_2673_end_extract/drive_3/02,motion,The vehicle is driving through a curve.,0.1781899780035019,0
<DATASET_ROOT>/240530090206_M801C06L62G031_2673_end_extract/drive_3/02,weather,The weather is sunny.,0.09143977612257004,1
<DATASET_ROOT>/240530090206_M801C06L62G031_2673_end_extract/drive_3/02,weather,It is snowing.,0.0013281925348564982,0
<DATASET_ROOT>/240530090206_M801C06L62G031_2673_end_extract/drive_3/02,time_of_day,It is daytime.,0.1600387990474701,1
<DATASET_ROOT>/240530090206_M801C06L62G031_2673_end_extract/drive_3/02,time_of_day,It is nighttime.,0.02271069958806038,0
<DATASET_ROOT>/240322135559_M801C06L62G031_2673_end_extract/drive_20/03,motion,The vehicle is moving straight.,0.3617716431617737,1
<DATASET_ROOT>/240322135559_M801C06L62G031_2673_end_extract/drive_20/03,motion,The vehicle is driving through a curve.,0.35745343565940857,0
<DATASET_ROOT>/240322135559_M801C06L62G031_2673_end_extract/drive_20/03,weather,The weather is rainy.,0.015067321248352528,1
<DATASET_ROOT>/240322135559_M801C06L62G031_2673_end_extract/drive_20/03,weather,It is snowing.,0.0035999459214508533,0
<DATASET_ROOT>/240322135559_M801C06L62G031_2673_end_extract/drive_20/03,time_of_day,It is daytime.,0.15058396756649017,1
<DATASET_ROOT>/240322135559_M801C06L62G031_2673_end_extract/drive_20/03,time_of_day,It is nighttime.,0.005887768231332302,0
<DATASET_ROOT>/240529140943_M801C06L62G031_2673_end_extract/drive_14/04,motion,The vehicle is moving straight.,0.5184621810913086,1
<DATASET_ROOT>/240529140943_M801C06L62G031_2673_end_extract/drive_14/04,motion,The vehicle is driving through a curve.,0.10410390794277191,0
<DATASET_ROOT>/240529140943_M801C06L62G031_2673_end_extract/drive_14/04,weather,The weather is sunny.,0.16624505817890167,1
<DATASET_ROOT>/240529140943_M801C06L62G031_2673_end_extract/drive_14/04,weather,The weather is rainy.,0.0016902254428714514,0
<DATASET_ROOT>/240529140943_M801C06L62G031_2673_end_extract/drive_14/04,time_of_day,It is daytime.,0.1410767138004303,1
<DATASET_ROOT>/240529140943_M801C06L62G031_2673_end_extract/drive_14/04,time_of_day,It is nighttime.,0.0027401961851865053,0
<DATASET_ROOT>/241018130234_M801C06L62G031_2673_end_extract/drive_8/02,motion,The vehicle is driving through a curve.,0.06835532933473587,1
<DATASET_ROOT>/241018130234_M801C06L62G031_2673_end_extract/drive_8/02,motion,The vehicle is stopped.,0.13530749082565308,0
<DATASET_ROOT>/241018130234_M801C06L62G031_2673_end_extract/drive_8/02,weather,The weather is rainy.,0.22793054580688477,1
<DATASET_ROOT>/241018130234_M801C06L62G031_2673_end_extract/drive_8/02,weather,The weather is cloudy.,0.10441295057535172,0
<DATASET_ROOT>/241018130234_M801C06L62G031_2673_end_extract/drive_8/02,time_of_day,It is daytime.,0.13560530543327332,1
<DATASET_ROOT>/241018130234_M801C06L62G031_2673_end_extract/drive_8/02,time_of_day,It is nighttime.,0.04550636187195778,0
<DATASET_ROOT>/240529140943_M801C06L62G031_2673_end_extract/drive_10/01,motion,The vehicle is moving straight.,0.38873720169067383,1
<DATASET_ROOT>/240529140943_M801C06L62G031_2673_end_extract/drive_10/01,motion,The vehicle is stopped.,0.289009153842926,0
<DATASET_ROOT>/240529140943_M801C06L62G031_2673_end_extract/drive_10/01,weather,The weather is sunny.,0.15130439400672913,1
<DATASET_ROOT>/240529140943_M801C06L62G031_2673_end_extract/drive_10/01,weather,It is snowing.,0.0006723165861330926,0
<DATASET_ROOT>/240529140943_M801C06L62G031_2673_end_extract/drive_10/01,time_of_day,It is daytime.,0.15264339745044708,1
<DATASET_ROOT>/240529140943_M801C06L62G031_2673_end_extract/drive_10/01,time_of_day,It is nighttime.,0.01424646656960249,0
<DATASET_ROOT>/241018130234_M801C06L62G031_2673_end_extract/drive_4/03,motion,The vehicle is moving straight.,0.29361316561698914,1
<DATASET_ROOT>/241018130234_M801C06L62G031_2673_end_extract/drive_4/03,motion,The vehicle is turning left.,0.10513380169868469,0
<DATASET_ROOT>/241018130234_M801C06L62G031_2673_end_extract/drive_4/03,weather,The weather is rainy.,0.2829291820526123,1
<DATASET_ROOT>/241018130234_M801C06L62G031_2673_end_extract/drive_4/03,weather,The weather is cloudy.,0.0937490165233612,0
<DATASET_ROOT>/241018130234_M801C06L62G031_2673_end_extract/drive_4/03,time_of_day,It is daytime.,0.11839914321899414,1
<DATASET_ROOT>/241018130234_M801C06L62G031_2673_end_extract/drive_4/03,time_of_day,It is nighttime.,0.028859613463282585,0
<DATASET_ROOT>/240822084904_M801C06L62G031_2673_end_extract/drive_19/04,motion,The vehicle is moving straight.,0.5305414795875549,1
<DATASET_ROOT>/240822084904_M801C06L62G031_2673_end_extract/drive_19/04,motion,The vehicle is turning right.,0.2967759668827057,0
<DATASET_ROOT>/240822084904_M801C06L62G031_2673_end_extract/drive_19/04,weather,The weather is sunny.,0.13051843643188477,1
<DATASET_ROOT>/240822084904_M801C06L62G031_2673_end_extract/drive_19/04,weather,It is snowing.,0.0003140030021313578,0
<DATASET_ROOT>/240822084904_M801C06L62G031_2673_end_extract/drive_19/04,time_of_day,It is daytime.,0.1439237892627716,1
<DATASET_ROOT>/240822084904_M801C06L62G031_2673_end_extract/drive_19/04,time_of_day,It is nighttime.,0.004995956085622311,0
<DATASET_ROOT>/240529140943_M801C06L62G031_2673_end_extract/drive_14/02,motion,The vehicle is moving straight.,0.4609242379665375,1
<DATASET_ROOT>/240529140943_M801C06L62G031_2673_end_extract/drive_14/02,motion,The vehicle is turning left.,0.18677401542663574,0
<DATASET_ROOT>/240529140943_M801C06L62G031_2673_end_extract/drive_14/02,weather,The weather is sunny.,0.16004590690135956,1
<DATASET_ROOT>/240529140943_M801C06L62G031_2673_end_extract/drive_14/02,weather,The weather is cloudy.,0.027574501931667328,0
<DATASET_ROOT>/240529140943_M801C06L62G031_2673_end_extract/drive_14/02,time_of_day,It is daytime.,0.14125360548496246,1
<DATASET_ROOT>/240529140943_M801C06L62G031_2673_end_extract/drive_14/02,time_of_day,It is nighttime.,0.009632524102926254,0
<DATASET_ROOT>/240822084904_M801C06L62G031_2673_end_extract/drive_9/03,motion,The vehicle is moving straight.,0.6946083903312683,1
<DATASET_ROOT>/240822084904_M801C06L62G031_2673_end_extract/drive_9/03,motion,The vehicle is stopped.,0.2215830236673355,0
<DATASET_ROOT>/240822084904_M801C06L62G031_2673_end_extract/drive_9/03,weather,The weather is sunny.,0.15799856185913086,1
<DATASET_ROOT>/240822084904_M801C06L62G031_2673_end_extract/drive_9/03,weather,It is snowing.,0.0007227674941532314,0
<DATASET_ROOT>/240822084904_M801C06L62G031_2673_end_extract/drive_9/03,time_of_day,It is daytime.,0.13349299132823944,1
<DATASET_ROOT>/240822084904_M801C06L62G031_2673_end_extract/drive_9/03,time_of_day,It is nighttime.,0.1745838075876236,0
<DATASET_ROOT>/240530090206_M801C06L62G031_2673_end_extract/drive_22/03,motion,The vehicle is moving straight.,0.37123212218284607,1
<DATASET_ROOT>/240530090206_M801C06L62G031_2673_end_extract/drive_22/03,motion,The vehicle is turning left.,0.23251736164093018,0
<DATASET_ROOT>/240530090206_M801C06L62G031_2673_end_extract/drive_22/03,weather,The weather is sunny.,0.08509139716625214,1
<DATASET_ROOT>/240530090206_M801C06L62G031_2673_end_extract/drive_22/03,weather,The weather is rainy.,0.01961168460547924,0
<DATASET_ROOT>/240530090206_M801C06L62G031_2673_end_extract/drive_22/03,time_of_day,It is daytime.,0.15552543103694916,1
<DATASET_ROOT>/240530090206_M801C06L62G031_2673_end_extract/drive_22/03,time_of_day,It is nighttime.,0.018407758325338364,0
<DATASET_ROOT>/240822084904_M801C06L62G031_2673_end_extract/drive_9/02,motion,The vehicle is moving straight.,0.6548240780830383,1
<DATASET_ROOT>/240822084904_M801C06L62G031_2673_end_extract/drive_9/02,motion,The vehicle is driving through a curve.,0.28382301330566406,0
<DATASET_ROOT>/240822084904_M801C06L62G031_2673_end_extract/drive_9/02,weather,The weather is sunny.,0.1529141217470169,1
<DATASET_ROOT>/240822084904_M801C06L62G031_2673_end_extract/drive_9/02,weather,It is snowing.,0.0004998062504455447,0
<DATASET_ROOT>/240822084904_M801C06L62G031_2673_end_extract/drive_9/02,time_of_day,It is daytime.,0.14153894782066345,1
<DATASET_ROOT>/240822084904_M801C06L62G031_2673_end_extract/drive_9/02,time_of_day,It is nighttime.,0.018313448876142502,0
<DATASET_ROOT>/240530090206_M801C06L62G031_2673_end_extract/drive_16/01,motion,The vehicle is moving straight.,0.7002878189086914,1
<DATASET_ROOT>/240530090206_M801C06L62G031_2673_end_extract/drive_16/01,motion,The vehicle is turning left.,0.2930276393890381,0
<DATASET_ROOT>/240530090206_M801C06L62G031_2673_end_extract/drive_16/01,weather,The weather is sunny.,0.0885726809501648,1
<DATASET_ROOT>/240530090206_M801C06L62G031_2673_end_extract/drive_16/01,weather,The weather is rainy.,0.013578719459474087,0
<DATASET_ROOT>/240530090206_M801C06L62G031_2673_end_extract/drive_16/01,time_of_day,It is daytime.,0.1469159722328186,1
<DATASET_ROOT>/240530090206_M801C06L62G031_2673_end_extract/drive_16/01,time_of_day,It is nighttime.,0.012315434403717518,0
<DATASET_ROOT>/241018130234_M801C06L62G031_2673_end_extract/drive_12/04,motion,The vehicle is moving straight.,0.5389772057533264,1
<DATASET_ROOT>/241018130234_M801C06L62G031_2673_end_extract/drive_12/04,motion,The vehicle is driving through a curve.,0.09404243528842926,0
<DATASET_ROOT>/241018130234_M801C06L62G031_2673_end_extract/drive_12/04,weather,The weather is rainy.,0.07568643987178802,1
<DATASET_ROOT>/241018130234_M801C06L62G031_2673_end_extract/drive_12/04,weather,The weather is cloudy.,0.15649983286857605,0
<DATASET_ROOT>/241018130234_M801C06L62G031_2673_end_extract/drive_12/04,time_of_day,It is daytime.,0.1302877962589264,1
<DATASET_ROOT>/241018130234_M801C06L62G031_2673_end_extract/drive_12/04,time_of_day,It is nighttime.,0.05843104049563408,0
<DATASET_ROOT>/241018102947_M801C06L62G031_2673_end_extract/drive_2/04,motion,The vehicle is stopped.,0.25589290261268616,1
<DATASET_ROOT>/241018102947_M801C06L62G031_2673_end_extract/drive_2/04,motion,The vehicle is driving through a curve.,0.026093322783708572,0
<DATASET_ROOT>/241018102947_M801C06L62G031_2673_end_extract/drive_2/04,weather,The weather is rainy.,0.048882849514484406,1
<DATASET_ROOT>/241018102947_M801C06L62G031_2673_end_extract/drive_2/04,weather,The weather is sunny.,0.10663729906082153,0
<DATASET_ROOT>/241018102947_M801C06L62G031_2673_end_extract/drive_2/04,time_of_day,It is daytime.,0.15615850687026978,1
<DATASET_ROOT>/241018102947_M801C06L62G031_2673_end_extract/drive_2/04,time_of_day,It is nighttime.,0.010251427069306374,0
<DATASET_ROOT>/240322135559_M801C06L62G031_2673_end_extract/drive_2/02,motion,The vehicle is moving straight.,0.3987545967102051,1
<DATASET_ROOT>/240322135559_M801C06L62G031_2673_end_extract/drive_2/02,motion,The vehicle is driving through a curve.,0.14003917574882507,0
<DATASET_ROOT>/240322135559_M801C06L62G031_2673_end_extract/drive_2/02,weather,The weather is cloudy.,0.14201515913009644,1
<DATASET_ROOT>/240322135559_M801C06L62G031_2673_end_extract/drive_2/02,weather,The weather is rainy.,0.0187813900411129,0
<DATASET_ROOT>/240322135559_M801C06L62G031_2673_end_extract/drive_2/02,time_of_day,It is daytime.,0.15113702416419983,1
<DATASET_ROOT>/240322135559_M801C06L62G031_2673_end_extract/drive_2/02,time_of_day,It is nighttime.,0.01115928404033184,0
<DATASET_ROOT>/240822084904_M801C06L62G031_2673_end_extract/drive_12/02,motion,The vehicle is moving straight.,0.682553768157959,1
<DATASET_ROOT>/240822084904_M801C06L62G031_2673_end_extract/drive_12/02,motion,The vehicle is driving through a curve.,0.40524959564208984,0
<DATASET_ROOT>/240822084904_M801C06L62G031_2673_end_extract/drive_12/02,weather,The weather is sunny.,0.103350929915905,1
<DATASET_ROOT>/240822084904_M801C06L62G031_2673_end_extract/drive_12/02,weather,The weather is cloudy.,0.10144766420125961,0
<DATASET_ROOT>/240822084904_M801C06L62G031_2673_end_extract/drive_12/02,time_of_day,It is daytime.,0.11772142350673676,1
<DATASET_ROOT>/240822084904_M801C06L62G031_2673_end_extract/drive_12/02,time_of_day,It is nighttime.,0.007028254680335522,0
<DATASET_ROOT>/240530090206_M801C06L62G031_2673_end_extract/drive_9/02,motion,The vehicle is moving straight.,0.40046995878219604,1
<DATASET_ROOT>/240530090206_M801C06L62G031_2673_end_extract/drive_9/02,motion,The vehicle is stopped.,0.29177913069725037,0
<DATASET_ROOT>/240530090206_M801C06L62G031_2673_end_extract/drive_9/02,weather,The weather is sunny.,0.10422618687152863,1
<DATASET_ROOT>/240530090206_M801C06L62G031_2673_end_extract/drive_9/02,weather,The weather is cloudy.,0.16515065729618073,0
<DATASET_ROOT>/240530090206_M801C06L62G031_2673_end_extract/drive_9/02,time_of_day,It is daytime.,0.14136940240859985,1
<DATASET_ROOT>/240530090206_M801C06L62G031_2673_end_extract/drive_9/02,time_of_day,It is nighttime.,0.04221172630786896,0
<DATASET_ROOT>/240205170303_M801C06L62G031_2673_end_extract/drive_2/02,motion,The vehicle is moving straight.,0.1473720371723175,1
<DATASET_ROOT>/240205170303_M801C06L62G031_2673_end_extract/drive_2/02,motion,The vehicle is driving through a curve.,0.022302687168121338,0
<DATASET_ROOT>/240205170303_M801C06L62G031_2673_end_extract/drive_2/02,weather,It is snowing.,0.041533052921295166,1
<DATASET_ROOT>/240205170303_M801C06L62G031_2673_end_extract/drive_2/02,weather,The weather is cloudy.,0.09384720772504807,0
<DATASET_ROOT>/240205170303_M801C06L62G031_2673_end_extract/drive_2/02,time_of_day,It is daytime.,0.1381904035806656,1
<DATASET_ROOT>/240205170303_M801C06L62G031_2673_end_extract/drive_2/02,time_of_day,It is nighttime.,0.08509202301502228,0
<DATASET_ROOT>/231116093002_M801C06L62G031_2673_end_extract/drive_4/01,motion,The vehicle is moving straight.,0.32613301277160645,1
<DATASET_ROOT>/231116093002_M801C06L62G031_2673_end_extract/drive_4/01,motion,The vehicle is driving through a curve.,0.03278399631381035,0
<DATASET_ROOT>/231116093002_M801C06L62G031_2673_end_extract/drive_4/01,weather,The weather is rainy.,0.12125460058450699,1
<DATASET_ROOT>/231116093002_M801C06L62G031_2673_end_extract/drive_4/01,weather,The weather is sunny.,0.1351400464773178,0
<DATASET_ROOT>/231116093002_M801C06L62G031_2673_end_extract/drive_4/01,time_of_day,It is daytime.,0.1624845713376999,1
<DATASET_ROOT>/231116093002_M801C06L62G031_2673_end_extract/drive_4/01,time_of_day,It is nighttime.,0.025415897369384766,0
<DATASET_ROOT>/240322135559_M801C06L62G031_2673_end_extract/drive_13/01,motion,The vehicle is turning right.,0.307409405708313,1
<DATASET_ROOT>/240322135559_M801C06L62G031_2673_end_extract/drive_13/01,motion,The vehicle is driving through a curve.,0.31489822268486023,0
<DATASET_ROOT>/240322135559_M801C06L62G031_2673_end_extract/drive_13/01,weather,The weather is cloudy.,0.12087253481149673,1
<DATASET_ROOT>/240322135559_M801C06L62G031_2673_end_extract/drive_13/01,weather,The weather is rainy.,0.014553760178387165,0
<DATASET_ROOT>/240322135559_M801C06L62G031_2673_end_extract/drive_13/01,time_of_day,It is daytime.,0.16525332629680634,1
<DATASET_ROOT>/240322135559_M801C06L62G031_2673_end_extract/drive_13/01,time_of_day,It is nighttime.,0.009234081953763962,0
<DATASET_ROOT>/240322135559_M801C06L62G031_2673_end_extract/drive_23/01,motion,The vehicle is driving through a curve.,0.058000486344099045,1
<DATASET_ROOT>/240322135559_M801C06L62G031_2673_end_extract/drive_23/01,motion,The vehicle is stopped.,0.10949598997831345,0
<DATASET_ROOT>/240322135559_M801C06L62G031_2673_end_extract/drive_23/01,weather,The weather is rainy.,0.010452806949615479,1
<DATASET_ROOT>/240322135559_M801C06L62G031_2673_end_extract/drive_23/01,weather,The weather is cloudy.,0.09340876340866089,0
<DATASET_ROOT>/240322135559_M801C06L62G031_2673_end_extract/drive_23/01,time_of_day,It is daytime.,0.14620500802993774,1
<DATASET_ROOT>/240322135559_M801C06L62G031_2673_end_extract/drive_23/01,time_of_day,It is nighttime.,0.016002468764781952,0
<DATASET_ROOT>/241018130234_M801C06L62G031_2673_end_extract/drive_2/01,motion,The vehicle is stopped.,0.10222718119621277,1
<DATASET_ROOT>/241018130234_M801C06L62G031_2673_end_extract/drive_2/01,motion,The vehicle is turning right.,0.07460333406925201,0
<DATASET_ROOT>/241018130234_M801C06L62G031_2673_end_extract/drive_2/01,weather,The weather is rainy.,0.25473344326019287,1
<DATASET_ROOT>/241018130234_M801C06L62G031_2673_end_extract/drive_2/01,weather,The weather is cloudy.,0.06168593466281891,0
<DATASET_ROOT>/241018130234_M801C06L62G031_2673_end_extract/drive_2/01,time_of_day,It is daytime.,0.12935903668403625,1
<DATASET_ROOT>/241018130234_M801C06L62G031_2673_end_extract/drive_2/01,time_of_day,It is nighttime.,0.07196271419525146,0
<DATASET_ROOT>/241018130234_M801C06L62G031_2673_end_extract/drive_18/04,motion,The vehicle is moving straight.,0.049568574875593185,1
<DATASET_ROOT>/241018130234_M801C06L62G031_2673_end_extract/drive_18/04,motion,The vehicle is turning right.,0.05347776412963867,0
<DATASET_ROOT>/241018130234_M801C06L62G031_2673_end_extract/drive_18/04,weather,The weather is cloudy.,0.0010768360225483775,1
<DATASET_ROOT>/241018130234_M801C06L62G031_2673_end_extract/drive_18/04,weather,The weather is rainy.,0.003477490274235606,0
<DATASET_ROOT>/241018130234_M801C06L62G031_2673_end_extract/drive_18/04,time_of_day,It is nighttime.,0.3700000047683716,1
<DATASET_ROOT>/241018130234_M801C06L62G031_2673_end_extract/drive_18/04,time_of_day,It is daytime.,0.005918049719184637,0
<DATASET_ROOT>/240822134456_M801C06L62G031_2673_end_extract/drive_11/03,motion,The vehicle is moving straight.,0.6404056549072266,1
<DATASET_ROOT>/240822134456_M801C06L62G031_2673_end_extract/drive_11/03,motion,The vehicle is turning right.,0.47446155548095703,0
<DATASET_ROOT>/240822134456_M801C06L62G031_2673_end_extract/drive_11/03,weather,The weather is sunny.,0.13722370564937592,1
<DATASET_ROOT>/240822134456_M801C06L62G031_2673_end_extract/drive_11/03,weather,It is snowing.,0.0004423679783940315,0
<DATASET_ROOT>/240822134456_M801C06L62G031_2673_end_extract/drive_11/03,time_of_day,It is daytime.,0.1422681361436844,1
<DATASET_ROOT>/240822134456_M801C06L62G031_2673_end_extract/drive_11/03,time_of_day,It is nighttime.,0.014466346241533756,0
<DATASET_ROOT>/240205094744_M801C06L62G031_2673_end_extract/drive_3/02,motion,The vehicle is moving straight.,0.28633037209510803,1
<DATASET_ROOT>/240205094744_M801C06L62G031_2673_end_extract/drive_3/02,motion,The vehicle is turning left.,0.14928966760635376,0
<DATASET_ROOT>/240205094744_M801C06L62G031_2673_end_extract/drive_3/02,weather,The weather is rainy.,0.05813346430659294,1
<DATASET_ROOT>/240205094744_M801C06L62G031_2673_end_extract/drive_3/02,weather,The weather is cloudy.,0.06710564345121384,0
<DATASET_ROOT>/240205094744_M801C06L62G031_2673_end_extract/drive_3/02,time_of_day,It is daytime.,0.11809803545475006,1
<DATASET_ROOT>/240205094744_M801C06L62G031_2673_end_extract/drive_3/02,time_of_day,It is nighttime.,0.009347342886030674,0
<DATASET_ROOT>/240530090206_M801C06L62G031_2673_end_extract/drive_12/03,motion,The vehicle is moving straight.,0.35372936725616455,1
<DATASET_ROOT>/240530090206_M801C06L62G031_2673_end_extract/drive_12/03,motion,The vehicle is turning right.,0.31183695793151855,0
<DATASET_ROOT>/240530090206_M801C06L62G031_2673_end_extract/drive_12/03,weather,The weather is sunny.,0.12643930315971375,1
<DATASET_ROOT>/240530090206_M801C06L62G031_2673_end_extract/drive_12/03,weather,The weather is cloudy.,0.15469302237033844,0
<DATASET_ROOT>/240530090206_M801C06L62G031_2673_end_extract/drive_12/03,time_of_day,It is daytime.,0.14853908121585846,1
<DATASET_ROOT>/240530090206_M801C06L62G031_2673_end_extract/drive_12/03,time_of_day,It is nighttime.,0.0078095607459545135,0
<DATASET_ROOT>/240530090206_M801C06L62G031_2673_end_extract/drive_11/03,motion,The vehicle is moving straight.,0.628268301486969,1
<DATASET_ROOT>/240530090206_M801C06L62G031_2673_end_extract/drive_11/03,motion,The vehicle is stopped.,0.24731747806072235,0
<DATASET_ROOT>/240530090206_M801C06L62G031_2673_end_extract/drive_11/03,weather,The weather is sunny.,0.16988632082939148,1
<DATASET_ROOT>/240530090206_M801C06L62G031_2673_end_extract/drive_11/03,weather,The weather is rainy.,0.004656068980693817,0
<DATASET_ROOT>/240530090206_M801C06L62G031_2673_end_extract/drive_11/03,time_of_day,It is daytime.,0.17008236050605774,1
<DATASET_ROOT>/240530090206_M801C06L62G031_2673_end_extract/drive_11/03,time_of_day,It is nighttime.,0.007480587810277939,0
<DATASET_ROOT>/240530090206_M801C06L62G031_2673_end_extract/drive_31/04,motion,The vehicle is stopped.,0.23561148345470428,1
<DATASET_ROOT>/240530090206_M801C06L62G031_2673_end_extract/drive_31/04,motion,The vehicle is turning left.,0.2687051296234131,0
<DATASET_ROOT>/240530090206_M801C06L62G031_2673_end_extract/drive_31/04,weather,The weather is sunny.,0.032977234572172165,1
<DATASET_ROOT>/240530090206_M801C06L62G031_2673_end_extract/drive_31/04,weather,The weather is cloudy.,0.13509413599967957,0
<DATASET_ROOT>/240530090206_M801C06L62G031_2673_end_extract/drive_31/04,time_of_day,It is daytime.,0.14311128854751587,1
<DATASET_ROOT>/240530090206_M801C06L62G031_2673_end_extract/drive_31/04,time_of_day,It is nighttime.,0.01353214867413044,0
<DATASET_ROOT>/240822084904_M801C06L62G031_2673_end_extract/drive_17/02,motion,The vehicle is moving straight.,0.6197065114974976,1
<DATASET_ROOT>/240822084904_M801C06L62G031_2673_end_extract/drive_17/02,motion,The vehicle is stopped.,0.2939901053905487,0
<DATASET_ROOT>/240822084904_M801C06L62G031_2673_end_extract/drive_17/02,weather,The weather is sunny.,0.16723819077014923,1
<DATASET_ROOT>/240822084904_M801C06L62G031_2673_end_extract/drive_17/02,weather,The weather is cloudy.,0.11683445423841476,0
<DATASET_ROOT>/240822084904_M801C06L62G031_2673_end_extract/drive_17/02,time_of_day,It is daytime.,0.1566266268491745,1
<DATASET_ROOT>/240822084904_M801C06L62G031_2673_end_extract/drive_17/02,time_of_day,It is nighttime.,0.010080740787088871,0
<DATASET_ROOT>/240529140943_M801C06L62G031_2673_end_extract/drive_11/02,motion,The vehicle is moving straight.,0.47740063071250916,1
<DATASET_ROOT>/240529140943_M801C06L62G031_2673_end_extract/drive_11/02,motion,The vehicle is turning right.,0.2541472911834717,0
<DATASET_ROOT>/240529140943_M801C06L62G031_2673_end_extract/drive_11/02,weather,The weather is sunny.,0.17526650428771973,1
<DATASET_ROOT>/240529140943_M801C06L62G031_2673_end_extract/drive_11/02,weather,The weather is cloudy.,0.11508994549512863,0
<DATASET_ROOT>/240529140943_M801C06L62G031_2673_end_extract/drive_11/02,time_of_day,It is daytime.,0.15051977336406708,1
<DATASET_ROOT>/240529140943_M801C06L62G031_2673_end_extract/drive_11/02,time_of_day,It is nighttime.,0.010604283772408962,0
<DATASET_ROOT>/240822084904_M801C06L62G031_2673_end_extract/drive_22/03,motion,The vehicle is moving straight.,0.5071839094161987,1
<DATASET_ROOT>/240822084904_M801C06L62G031_2673_end_extract/drive_22/03,motion,The vehicle is turning right.,0.28551873564720154,0
<DATASET_ROOT>/240822084904_M801C06L62G031_2673_end_extract/drive_22/03,weather,The weather is sunny.,0.14739501476287842,1
<DATASET_ROOT>/240822084904_M801C06L62G031_2673_end_extract/drive_22/03,weather,The weather is cloudy.,0.10380752384662628,0
<DATASET_ROOT>/240822084904_M801C06L62G031_2673_end_extract/drive_22/03,time_of_day,It is daytime.,0.14389926195144653,1
<DATASET_ROOT>/240822084904_M801C06L62G031_2673_end_extract/drive_22/03,time_of_day,It is nighttime.,0.013385082595050335,0
<DATASET_ROOT>/231106095132_M801C06L62G031_2673_end_extract/drive_3/04,motion,The vehicle is stopped.,0.31678998470306396,1
<DATASET_ROOT>/231106095132_M801C06L62G031_2673_end_extract/drive_3/04,motion,The vehicle is moving straight.,0.23940525949001312,0
<DATASET_ROOT>/231106095132_M801C06L62G031_2673_end_extract/drive_3/04,weather,The weather is cloudy.,0.15270617604255676,1
<DATASET_ROOT>/231106095132_M801C06L62G031_2673_end_extract/drive_3/04,weather,It is snowing.,0.001966753276064992,0
<DATASET_ROOT>/231106095132_M801C06L62G031_2673_end_extract/drive_3/04,time_of_day,It is daytime.,0.1594715565443039,1
<DATASET_ROOT>/231106095132_M801C06L62G031_2673_end_extract/drive_3/04,time_of_day,It is nighttime.,0.01120636984705925,0
<DATASET_ROOT>/240322135559_M801C06L62G031_2673_end_extract/drive_14/02,motion,The vehicle is turning right.,0.364267498254776,1
<DATASET_ROOT>/240322135559_M801C06L62G031_2673_end_extract/drive_14/02,motion,The vehicle is moving straight.,0.6135957837104797,0
<DATASET_ROOT>/240322135559_M801C06L62G031_2673_end_extract/drive_14/02,weather,The weather is cloudy.,0.08717017620801926,1
<DATASET_ROOT>/240322135559_M801C06L62G031_2673_end_extract/drive_14/02,weather,The weather is sunny.,0.07038801163434982,0
<DATASET_ROOT>/240322135559_M801C06L62G031_2673_end_extract/drive_14/02,time_of_day,It is daytime.,0.14052671194076538,1
<DATASET_ROOT>/240322135559_M801C06L62G031_2673_end_extract/drive_14/02,time_of_day,It is nighttime.,0.01637156866490841,0
<DATASET_ROOT>/241018130234_M801C06L62G031_2673_end_extract/drive_14/04,motion,The vehicle is driving through a curve.,0.007067504804581404,1
<DATASET_ROOT>/241018130234_M801C06L62G031_2673_end_extract/drive_14/04,motion,The vehicle is moving straight.,0.09730768203735352,0
<DATASET_ROOT>/241018130234_M801C06L62G031_2673_end_extract/drive_14/04,weather,The weather is rainy.,0.0190889872610569,1
<DATASET_ROOT>/241018130234_M801C06L62G031_2673_end_extract/drive_14/04,weather,It is snowing.,0.00635334849357605,0
<DATASET_ROOT>/241018130234_M801C06L62G031_2673_end_extract/drive_14/04,time_of_day,It is nighttime.,0.36583057045936584,1
<DATASET_ROOT>/241018130234_M801C06L62G031_2673_end_extract/drive_14/04,time_of_day,It is daytime.,0.006107349414378405,0
<DATASET_ROOT>/241018102947_M801C06L62G031_2673_end_extract/drive_5/04,motion,The vehicle is moving straight.,0.401955246925354,1
<DATASET_ROOT>/241018102947_M801C06L62G031_2673_end_extract/drive_5/04,motion,The vehicle is turning left.,0.2220093011856079,0
<DATASET_ROOT>/241018102947_M801C06L62G031_2673_end_extract/drive_5/04,weather,The weather is rainy.,0.12715163826942444,1
<DATASET_ROOT>/241018102947_M801C06L62G031_2673_end_extract/drive_5/04,weather,The weather is sunny.,0.0995284914970398,0
<DATASET_ROOT>/241018102947_M801C06L62G031_2673_end_extract/drive_5/04,time_of_day,It is daytime.,0.15648937225341797,1
<DATASET_ROOT>/241018102947_M801C06L62G031_2673_end_extract/drive_5/04,time_of_day,It is nighttime.,0.024812813848257065,0
<DATASET_ROOT>/241018130234_M801C06L62G031_2673_end_extract/drive_18/03,motion,The vehicle is moving straight.,0.10938198864459991,1
<DATASET_ROOT>/241018130234_M801C06L62G031_2673_end_extract/drive_18/03,motion,The vehicle is turning right.,0.08868207782506943,0
<DATASET_ROOT>/241018130234_M801C06L62G031_2673_end_extract/drive_18/03,weather,The weather is cloudy.,0.0011582992738112807,1
<DATASET_ROOT>/241018130234_M801C06L62G031_2673_end_extract/drive_18/03,weather,It is snowing.,0.0020316513255238533,0
<DATASET_ROOT>/241018130234_M801C06L62G031_2673_end_extract/drive_18/03,time_of_day,It is nighttime.,0.4089862108230591,1
<DATASET_ROOT>/241018130234_M801C06L62G031_2673_end_extract/drive_18/03,time_of_day,It is daytime.,0.004904483444988728,0
<DATASET_ROOT>/241018130234_M801C06L62G031_2673_end_extract/drive_9/03,motion,The vehicle is moving straight.,0.27393898367881775,1
<DATASET_ROOT>/241018130234_M801C06L62G031_2673_end_extract/drive_9/03,motion,The vehicle is driving through a curve.,0.03426017984747887,0
<DATASET_ROOT>/241018130234_M801C06L62G031_2673_end_extract/drive_9/03,weather,The weather is rainy.,0.3316514790058136,1
<DATASET_ROOT>/241018130234_M801C06L62G031_2673_end_extract/drive_9/03,weather,It is snowing.,0.05241769552230835,0
<DATASET_ROOT>/241018130234_M801C06L62G031_2673_end_extract/drive_9/03,time_of_day,It is daytime.,0.12028952687978745,1
<DATASET_ROOT>/241018130234_M801C06L62G031_2673_end_extract/drive_9/03,time_of_day,It is nighttime.,0.05949696898460388,0
<DATASET_ROOT>/241018130234_M801C06L62G031_2673_end_extract/drive_13/03,motion,The vehicle is driving through a curve.,0.007157226093113422,1
<DATASET_ROOT>/241018130234_M801C06L62G031_2673_end_extract/drive_13/03,motion,The vehicle is turning left.,0.0829712525010109,0
<DATASET_ROOT>/241018130234_M801C06L62G031_2673_end_extract/drive_13/03,weather,The weather is rainy.,0.10298711061477661,1
<DATASET_ROOT>/241018130234_M801C06L62G031_2673_end_extract/drive_13/03,weather,The weather is sunny.,0.0004926075926050544,0
<DATASET_ROOT>/241018130234_M801C06L62G031_2673_end_extract/drive_13/03,time_of_day,It is nighttime.,0.34878620505332947,1
<DATASET_ROOT>/241018130234_M801C06L62G031_2673_end_extract/drive_13/03,time_of_day,It is daytime.,0.007156565319746733,0
<DATASET_ROOT>/240530090206_M801C06L62G031_2673_end_extract/drive_24/02,motion,The vehicle is moving straight.,0.5308713912963867,1
<DATASET_ROOT>/240530090206_M801C06L62G031_2673_end_extract/drive_24/02,motion,The vehicle is turning left.,0.3370116353034973,0
<DATASET_ROOT>/240530090206_M801C06L62G031_2673_end_extract/drive_24/02,weather,The weather is sunny.,0.12616810202598572,1
<DATASET_ROOT>/240530090206_M801C06L62G031_2673_end_extract/drive_24/02,weather,The weather is cloudy.,0.12252413481473923,0
<DATASET_ROOT>/240530090206_M801C06L62G031_2673_end_extract/drive_24/02,time_of_day,It is daytime.,0.17230087518692017,1
<DATASET_ROOT>/240530090206_M801C06L62G031_2673_end_extract/drive_24/02,time_of_day,It is nighttime.,0.008900654502213001,0
<DATASET_ROOT>/240322135559_M801C06L62G031_2673_end_extract/drive_24/02,motion,The vehicle is moving straight.,0.2864207923412323,1
<DATASET_ROOT>/240322135559_M801C06L62G031_2673_end_extract/drive_24/02,motion,The vehicle is turning right.,0.19534333050251007,0
<DATASET_ROOT>/240322135559_M801C06L62G031_2673_end_extract/drive_24/02,weather,The weather is rainy.,0.3649205267429352,1
<DATASET_ROOT>/240322135559_M801C06L62G031_2673_end_extract/drive_24/02,weather,The weather is cloudy.,0.1101757287979126,0
<DATASET_ROOT>/240322135559_M801C06L62G031_2673_end_extract/drive_24/02,time_of_day,It is daytime.,0.14386136829853058,1
<DATASET_ROOT>/240322135559_M801C06L62G031_2673_end_extract/drive_24/02,time_of_day,It is nighttime.,0.09198018908500671,0
<DATASET_ROOT>/241018130234_M801C06L62G031_2673_end_extract/drive_1/03,motion,The vehicle is moving straight.,0.1269700527191162,1
<DATASET_ROOT>/241018130234_M801C06L62G031_2673_end_extract/drive_1/03,motion,The vehicle is driving through a curve.,0.015897497534751892,0
<DATASET_ROOT>/241018130234_M801C06L62G031_2673_end_extract/drive_1/03,weather,The weather is rainy.,0.3272395133972168,1
<DATASET_ROOT>/241018130234_M801C06L62G031_2673_end_extract/drive_1/03,weather,It is snowing.,0.01245185174047947,0
<DATASET_ROOT>/241018130234_M801C06L62G031_2673_end_extract/drive_1/03,time_of_day,It is daytime.,0.14687593281269073,1
<DATASET_ROOT>/241018130234_M801C06L62G031_2673_end_extract/drive_1/03,time_of_day,It is nighttime.,0.019088763743638992,0
<DATASET_ROOT>/231106095132_M801C06L62G031_2673_end_extract/drive_1/04,motion,The vehicle is moving straight.,0.5638386607170105,1
<DATASET_ROOT>/231106095132_M801C06L62G031_2673_end_extract/drive_1/04,motion,The vehicle is turning right.,0.16196255385875702,0
<DATASET_ROOT>/231106095132_M801C06L62G031_2673_end_extract/drive_1/04,weather,The weather is cloudy.,0.0558987520635128,1
<DATASET_ROOT>/231106095132_M801C06L62G031_2673_end_extract/drive_1/04,weather,It is snowing.,0.006623275112360716,0
<DATASET_ROOT>/231106095132_M801C06L62G031_2673_end_extract/drive_1/04,time_of_day,It is daytime.,0.14093883335590363,1
<DATASET_ROOT>/231106095132_M801C06L62G031_2673_end_extract/drive_1/04,time_of_day,It is nighttime.,0.05607617646455765,0
<DATASET_ROOT>/240822134456_M801C06L62G031_2673_end_extract/drive_6/02,motion,The vehicle is moving straight.,0.5701518654823303,1
<DATASET_ROOT>/240822134456_M801C06L62G031_2673_end_extract/drive_6/02,motion,The vehicle is turning right.,0.5111678242683411,0
<DATASET_ROOT>/240822134456_M801C06L62G031_2673_end_extract/drive_6/02,weather,The weather is sunny.,0.17239771783351898,1
<DATASET_ROOT>/240822134456_M801C06L62G031_2673_end_extract/drive_6/02,weather,It is snowing.,0.000578150968067348,0
<DATASET_ROOT>/240822134456_M801C06L62G031_2673_end_extract/drive_6/02,time_of_day,It is daytime.,0.15865641832351685,1
<DATASET_ROOT>/240822134456_M801C06L62G031_2673_end_extract/drive_6/02,time_of_day,It is nighttime.,0.013866009190678596,0
<DATASET_ROOT>/240822084904_M801C06L62G031_2673_end_extract/drive_10/01,motion,The vehicle is moving straight.,0.6378518342971802,1
<DATASET_ROOT>/240822084904_M801C06L62G031_2673_end_extract/drive_10/01,motion,The vehicle is turning right.,0.3496091365814209,0
<DATASET_ROOT>/240822084904_M801C06L62G031_2673_end_extract/drive_10/01,weather,The weather is sunny.,0.11621563136577606,1
<DATASET_ROOT>/240822084904_M801C06L62G031_2673_end_extract/drive_10/01,weather,It is snowing.,0.0005037396913394332,0
<DATASET_ROOT>/240822084904_M801C06L62G031_2673_end_extract/drive_10/01,time_of_day,It is daytime.,0.1357707381248474,1
<DATASET_ROOT>/240822084904_M801C06L62G031_2673_end_extract/drive_10/01,time_of_day,It is nighttime.,0.010016151703894138,0
<DATASET_ROOT>/240322135559_M801C06L62G031_2673_end_extract/drive_7/03,motion,The vehicle is moving straight.,0.19647975265979767,1
<DATASET_ROOT>/240322135559_M801C06L62G031_2673_end_extract/drive_7/03,motion,The vehicle is stopped.,0.1618596911430359,0
<DATASET_ROOT>/240322135559_M801C06L62G031_2673_end_extract/drive_7/03,weather,The weather is cloudy.,0.18139903247356415,1
<DATASET_ROOT>/240322135559_M801C06L62G031_2673_end_extract/drive_7/03,weather,It is snowing.,0.007599598728120327,0
<DATASET_ROOT>/240322135559_M801C06L62G031_2673_end_extract/drive_7/03,time_of_day,It is daytime.,0.1485665738582611,1
<DATASET_ROOT>/240322135559_M801C06L62G031_2673_end_extract/drive_7/03,time_of_day,It is nighttime.,0.016262151300907135,0
<DATASET_ROOT>/240822084904_M801C06L62G031_2673_end_extract/drive_11/04,motion,The vehicle is moving straight.,0.4804081916809082,1
<DATASET_ROOT>/240822084904_M801C06L62G031_2673_end_extract/drive_11/04,motion,The vehicle is stopped.,0.2137439250946045,0
<DATASET_ROOT>/240822084904_M801C06L62G031_2673_end_extract/drive_11/04,weather,The weather is sunny.,0.1380603015422821,1
<DATASET_ROOT>/240822084904_M801C06L62G031_2673_end_extract/drive_11/04,weather,The weather is rainy.,0.0025185286067426205,0
<DATASET_ROOT>/240822084904_M801C06L62G031_2673_end_extract/drive_11/04,time_of_day,It is daytime.,0.14561861753463745,1
<DATASET_ROOT>/240822084904_M801C06L62G031_2673_end_extract/drive_11/04,time_of_day,It is nighttime.,0.011620226316154003,0
<DATASET_ROOT>/240322135559_M801C06L62G031_2673_end_extract/drive_12/01,motion,The vehicle is moving straight.,0.4736136496067047,1
<DATASET_ROOT>/240322135559_M801C06L62G031_2673_end_extract/drive_12/01,motion,The vehicle is turning right.,0.23870079219341278,0
<DATASET_ROOT>/240322135559_M801C06L62G031_2673_end_extract/drive_12/01,weather,The weather is cloudy.,0.08784220367670059,1
<DATASET_ROOT>/240322135559_M801C06L62G031_2673_end_extract/drive_12/01,weather,The weather is rainy.,0.006638816557824612,0
<DATASET_ROOT>/240322135559_M801C06L62G031_2673_end_extract/drive_12/01,time_of_day,It is daytime.,0.146551251411438,1
<DATASET_ROOT>/240322135559_M801C06L62G031_2673_end_extract/drive_12/01,time_of_day,It is nighttime.,0.011482585221529007,0
<DATASET_ROOT>/240529140943_M801C06L62G031_2673_end_extract/drive_22/02,motion,The vehicle is moving straight.,0.3664032816886902,1
<DATASET_ROOT>/240529140943_M801C06L62G031_2673_end_extract/drive_22/02,motion,The vehicle is turning right.,0.2607201039791107,0
<DATASET_ROOT>/240529140943_M801C06L62G031_2673_end_extract/drive_22/02,weather,The weather is sunny.,0.15990522503852844,1
<DATASET_ROOT>/240529140943_M801C06L62G031_2673_end_extract/drive_22/02,weather,The weather is cloudy.,0.08183935284614563,0
<DATASET_ROOT>/240529140943_M801C06L62G031_2673_end_extract/drive_22/02,time_of_day,It is daytime.,0.1581171154975891,1
<DATASET_ROOT>/240529140943_M801C06L62G031_2673_end_extract/drive_22/02,time_of_day,It is nighttime.,0.007366410456597805,0
<DATASET_ROOT>/241018130234_M801C06L62G031_2673_end_extract/drive_12/03,motion,The vehicle is moving straight.,0.4914642870426178,1
<DATASET_ROOT>/241018130234_M801C06L62G031_2673_end_extract/drive_12/03,motion,The vehicle is driving through a curve.,0.06988956034183502,0
<DATASET_ROOT>/241018130234_M801C06L62G031_2673_end_extract/drive_12/03,weather,The weather is rainy.,0.07047726958990097,1
<DATASET_ROOT>/241018130234_M801C06L62G031_2673_end_extract/drive_12/03,weather,It is snowing.,0.004972886759787798,0
<DATASET_ROOT>/241018130234_M801C06L62G031_2673_end_extract/drive_12/03,time_of_day,It is daytime.,0.11752058565616608,1
<DATASET_ROOT>/241018130234_M801C06L62G031_2673_end_extract/drive_12/03,time_of_day,It is nighttime.,0.037344105541706085,0
<DATASET_ROOT>/241018130234_M801C06L62G031_2673_end_extract/drive_4/02,motion,The vehicle is moving straight.,0.49512600898742676,1
<DATASET_ROOT>/241018130234_M801C06L62G031_2673_end_extract/drive_4/02,motion,The vehicle is driving through a curve.,0.05431940034031868,0
<DATASET_ROOT>/241018130234_M801C06L62G031_2673_end_extract/drive_4/02,weather,The weather is rainy.,0.35045531392097473,1
<DATASET_ROOT>/241018130234_M801C06L62G031_2673_end_extract/drive_4/02,weather,The weather is sunny.,0.047195713967084885,0
<DATASET_ROOT>/241018130234_M801C06L62G031_2673_end_extract/drive_4/02,time_of_day,It is daytime.,0.128702312707901,1
<DATASET_ROOT>/241018130234_M801C06L62G031_2673_end_extract/drive_4/02,time_of_day,It is nighttime.,0.07473650574684143,0
<DATASET_ROOT>/241018130234_M801C06L62G031_2673_end_extract/drive_5/01,motion,The vehicle is moving straight.,0.43793901801109314,1
<DATASET_ROOT>/241018130234_M801C06L62G031_2673_end_extract/drive_5/01,motion,The vehicle is driving through a curve.,0.06457199156284332,0
<DATASET_ROOT>/241018130234_M801C06L62G031_2673_end_extract/drive_5/01,weather,The weather is rainy.,0.28377312421798706,1
<DATASET_ROOT>/241018130234_M801C06L62G031_2673_end_extract/drive_5/01,weather,The weather is cloudy.,0.11417533457279205,0
<DATASET_ROOT>/241018130234_M801C06L62G031_2673_end_extract/drive_5/01,time_of_day,It is daytime.,0.1481463611125946,1
<DATASET_ROOT>/241018130234_M801C06L62G031_2673_end_extract/drive_5/01,time_of_day,It is nighttime.,0.06994941085577011,0
<DATASET_ROOT>/240530090206_M801C06L62G031_2673_end_extract/drive_1/03,motion,The vehicle is moving straight.,0.5697853565216064,1
<DATASET_ROOT>/240530090206_M801C06L62G031_2673_end_extract/drive_1/03,motion,The vehicle is stopped.,0.23347029089927673,0
<DATASET_ROOT>/240530090206_M801C06L62G031_2673_end_extract/drive_1/03,weather,The weather is sunny.,0.08788275718688965,1
<DATASET_ROOT>/240530090206_M801C06L62G031_2673_end_extract/drive_1/03,weather,The weather is cloudy.,0.14793089032173157,0
<DATASET_ROOT>/240530090206_M801C06L62G031_2673_end_extract/drive_1/03,time_of_day,It is daytime.,0.1504746526479721,1
<DATASET_ROOT>/240530090206_M801C06L62G031_2673_end_extract/drive_1/03,time_of_day,It is nighttime.,0.01080644316971302,0
<DATASET_ROOT>/240322135559_M801C06L62G031_2673_end_extract/drive_3/02,motion,The vehicle is moving straight.,0.22624582052230835,1
<DATASET_ROOT>/240322135559_M801C06L62G031_2673_end_extract/drive_3/02,motion,The vehicle is turning right.,0.17156074941158295,0
<DATASET_ROOT>/240322135559_M801C06L62G031_2673_end_extract/drive_3/02,weather,The weather is cloudy.,0.10239478200674057,1
<DATASET_ROOT>/240322135559_M801C06L62G031_2673_end_extract/drive_3/02,weather,The weather is rainy.,0.00674881786108017,0
<DATASET_ROOT>/240322135559_M801C06L62G031_2673_end_extract/drive_3/02,time_of_day,It is daytime.,0.11528255045413971,1
<DATASET_ROOT>/240322135559_M801C06L62G031_2673_end_extract/drive_3/02,time_of_day,It is nighttime.,0.011015145108103752,0
<DATASET_ROOT>/240822084904_M801C06L62G031_2673_end_extract/drive_2/01,motion,The vehicle is moving straight.,0.5383026003837585,1
<DATASET_ROOT>/240822084904_M801C06L62G031_2673_end_extract/drive_2/01,motion,The vehicle is turning left.,0.4768834114074707,0
<DATASET_ROOT>/240822084904_M801C06L62G031_2673_end_extract/drive_2/01,weather,The weather is sunny.,0.1485629379749298,1
<DATASET_ROOT>/240822084904_M801C06L62G031_2673_end_extract/drive_2/01,weather,The weather is cloudy.,0.11527992784976959,0
<DATASET_ROOT>/240822084904_M801C06L62G031_2673_end_extract/drive_2/01,time_of_day,It is daytime.,0.1624164581298828,1
<DATASET_ROOT>/240822084904_M801C06L62G031_2673_end_extract/drive_2/01,time_of_day,It is nighttime.,0.007787076756358147,0
<DATASET_ROOT>/240822084904_M801C06L62G031_2673_end_extract/drive_17/04,motion,The vehicle is moving straight.,0.5307411551475525,1
<DATASET_ROOT>/240822084904_M801C06L62G031_2673_end_extract/drive_17/04,motion,The vehicle is stopped.,0.2750284969806671,0
<DATASET_ROOT>/240822084904_M801C06L62G031_2673_end_extract/drive_17/04,weather,The weather is sunny.,0.163574680685997,1
<DATASET_ROOT>/240822084904_M801C06L62G031_2673_end_extract/drive_17/04,weather,The weather is rainy.,0.0016522195655852556,0
<DATASET_ROOT>/240822084904_M801C06L62G031_2673_end_extract/drive_17/04,time_of_day,It is daytime.,0.14026190340518951,1
<DATASET_ROOT>/240822084904_M801C06L62G031_2673_end_extract/drive_17/04,time_of_day,It is nighttime.,0.008050658740103245,0
<DATASET_ROOT>/231106095132_M801C06L62G031_2673_end_extract/drive_1/01,motion,The vehicle is turning right.,0.2191731184720993,1
<DATASET_ROOT>/231106095132_M801C06L62G031_2673_end_extract/drive_1/01,motion,The vehicle is stopped.,0.201236292719841,0
<DATASET_ROOT>/231106095132_M801C06L62G031_2673_end_extract/drive_1/01,weather,The weather is cloudy.,0.0591113343834877,1
<DATASET_ROOT>/231106095132_M801C06L62G031_2673_end_extract/drive_1/01,weather,The weather is sunny.,0.158171609044075,0
<DATASET_ROOT>/231106095132_M801C06L62G031_2673_end_extract/drive_1/01,time_of_day,It is daytime.,0.1556757688522339,1
<DATASET_ROOT>/231106095132_M801C06L62G031_2673_end_extract/drive_1/01,time_of_day,It is nighttime.,0.023440683260560036,0
<DATASET_ROOT>/240529140943_M801C06L62G031_2673_end_extract/drive_28/04,motion,The vehicle is moving straight.,0.34981220960617065,1
<DATASET_ROOT>/240529140943_M801C06L62G031_2673_end_extract/drive_28/04,motion,The vehicle is turning left.,0.32623207569122314,0
<DATASET_ROOT>/240529140943_M801C06L62G031_2673_end_extract/drive_28/04,weather,The weather is sunny.,0.181925430893898,1
<DATASET_ROOT>/240529140943_M801C06L62G031_2673_end_extract/drive_28/04,weather,The weather is cloudy.,0.051910825073719025,0
<DATASET_ROOT>/240529140943_M801C06L62G031_2673_end_extract/drive_28/04,time_of_day,It is daytime.,0.14465351402759552,1
<DATASET_ROOT>/240529140943_M801C06L62G031_2673_end_extract/drive_28/04,time_of_day,It is nighttime.,0.018132245168089867,0
<DATASET_ROOT>/240530090206_M801C06L62G031_2673_end_extract/drive_8/01,motion,The vehicle is moving straight.,0.3543308973312378,1
<DATASET_ROOT>/240530090206_M801C06L62G031_2673_end_extract/drive_8/01,motion,The vehicle is stopped.,0.20795182883739471,0
<DATASET_ROOT>/240530090206_M801C06L62G031_2673_end_extract/drive_8/01,weather,The weather is sunny.,0.127053365111351,1
<DATASET_ROOT>/240530090206_M801C06L62G031_2673_end_extract/drive_8/01,weather,The weather is cloudy.,0.1304546296596527,0
<DATASET_ROOT>/240530090206_M801C06L62G031_2673_end_extract/drive_8/01,time_of_day,It is daytime.,0.15611450374126434,1
<DATASET_ROOT>/240530090206_M801C06L62G031_2673_end_extract/drive_8/01,time_of_day,It is nighttime.,0.01538299024105072,0
<DATASET_ROOT>/231106095132_M801C06L62G031_2673_end_extract/drive_5/04,motion,The vehicle is moving straight.,0.3147660195827484,1
<DATASET_ROOT>/231106095132_M801C06L62G031_2673_end_extract/drive_5/04,motion,The vehicle is turning right.,0.25215303897857666,0
<DATASET_ROOT>/231106095132_M801C06L62G031_2673_end_extract/drive_5/04,weather,The weather is rainy.,0.2907382547855377,1
<DATASET_ROOT>/231106095132_M801C06L62G031_2673_end_extract/drive_5/04,weather,It is snowing.,0.03614544868469238,0
<DATASET_ROOT>/231106095132_M801C06L62G031_2673_end_extract/drive_5/04,time_of_day,It is daytime.,0.13402992486953735,1
<DATASET_ROOT>/231106095132_M801C06L62G031_2673_end_extract/drive_5/04,time_of_day,It is nighttime.,0.055910490453243256,0
<DATASET_ROOT>/240822134456_M801C06L62G031_2673_end_extract/drive_1/01,motion,The vehicle is moving straight.,0.5464888215065002,1
<DATASET_ROOT>/240822134456_M801C06L62G031_2673_end_extract/drive_1/01,motion,The vehicle is turning right.,0.642783522605896,0
<DATASET_ROOT>/240822134456_M801C06L62G031_2673_end_extract/drive_1/01,weather,The weather is sunny.,0.08262372761964798,1
<DATASET_ROOT>/240822134456_M801C06L62G031_2673_end_extract/drive_1/01,weather,The weather is rainy.,0.027904750779271126,0
<DATASET_ROOT>/240822134456_M801C06L62G031_2673_end_extract/drive_1/01,time_of_day,It is daytime.,0.12521879374980927,1
<DATASET_ROOT>/240822134456_M801C06L62G031_2673_end_extract/drive_1/01,time_of_day,It is nighttime.,0.021122725680470467,0
<DATASET_ROOT>/240529140943_M801C06L62G031_2673_end_extract/drive_7/04,motion,The vehicle is stopped.,0.167538121342659,1
<DATASET_ROOT>/240529140943_M801C06L62G031_2673_end_extract/drive_7/04,motion,The vehicle is driving through a curve.,0.03313792869448662,0
<DATASET_ROOT>/240529140943_M801C06L62G031_2673_end_extract/drive_7/04,weather,The weather is sunny.,0.10538292676210403,1
<DATASET_ROOT>/240529140943_M801C06L62G031_2673_end_extract/drive_7/04,weather,It is snowing.,0.0003123727219644934,0
<DATASET_ROOT>/240529140943_M801C06L62G031_2673_end_extract/drive_7/04,time_of_day,It is daytime.,0.12995310127735138,1
<DATASET_ROOT>/240529140943_M801C06L62G031_2673_end_extract/drive_7/04,time_of_day,It is nighttime.,0.004463063087314367,0
<DATASET_ROOT>/240529140943_M801C06L62G031_2673_end_extract/drive_24/03,motion,The vehicle is moving straight.,0.4957415759563446,1
<DATASET_ROOT>/240529140943_M801C06L62G031_2673_end_extract/drive_24/03,motion,The vehicle is driving through a curve.,0.1531027853488922,0
<DATASET_ROOT>/240529140943_M801C06L62G031_2673_end_extract/drive_24/03,weather,The weather is sunny.,0.11423610150814056,1
<DATASET_ROOT>/240529140943_M801C06L62G031_2673_end_extract/drive_24/03,weather,It is snowing.,0.000167359336046502,0
<DATASET_ROOT>/240529140943_M801C06L62G031_2673_end_extract/drive_24/03,time_of_day,It is daytime.,0.1241965964436531,1
<DATASET_ROOT>/240529140943_M801C06L62G031_2673_end_extract/drive_24/03,time_of_day,It is nighttime.,0.007334687747061253,0
<DATASET_ROOT>/240325141234_M801C06L62G031_2673_end_extract/drive_9/02,motion,The vehicle is stopped.,0.32844278216362,1
<DATASET_ROOT>/240325141234_M801C06L62G031_2673_end_extract/drive_9/02,motion,The vehicle is driving through a curve.,0.4658283293247223,0
<DATASET_ROOT>/240325141234_M801C06L62G031_2673_end_extract/drive_9/02,weather,The weather is rainy.,0.253115713596344,1
<DATASET_ROOT>/240325141234_M801C06L62G031_2673_end_extract/drive_9/02,weather,The weather is sunny.,0.03715363144874573,0
<DATASET_ROOT>/240325141234_M801C06L62G031_2673_end_extract/drive_9/02,time_of_day,It is daytime.,0.1345783770084381,1
<DATASET_ROOT>/240325141234_M801C06L62G031_2673_end_extract/drive_9/02,time_of_day,It is nighttime.,0.027539147064089775,0
<DATASET_ROOT>/240205094744_M801C06L62G031_2673_end_extract/drive_1/04,motion,The vehicle is moving straight.,0.21864160895347595,1
<DATASET_ROOT>/240205094744_M801C06L62G031_2673_end_extract/drive_1/04,motion,The vehicle is stopped.,0.1596274971961975,0
<DATASET_ROOT>/240205094744_M801C06L62G031_2673_end_extract/drive_1/04,weather,The weather is rainy.,0.03293951228260994,1
<DATASET_ROOT>/240205094744_M801C06L62G031_2673_end_extract/drive_1/04,weather,The weather is sunny.,0.013333739712834358,0
<DATASET_ROOT>/240205094744_M801C06L62G031_2673_end_extract/drive_1/04,time_of_day,It is daytime.,0.053015246987342834,1
<DATASET_ROOT>/240205094744_M801C06L62G031_2673_end_extract/drive_1/04,time_of_day,It is nighttime.,0.07395792007446289,0
<DATASET_ROOT>/240325141234_M801C06L62G031_2673_end_extract/drive_9/03,motion,The vehicle is stopped.,0.2670053243637085,1
<DATASET_ROOT>/240325141234_M801C06L62G031_2673_end_extract/drive_9/03,motion,The vehicle is turning right.,0.41689786314964294,0
<DATASET_ROOT>/240325141234_M801C06L62G031_2673_end_extract/drive_9/03,weather,The weather is rainy.,0.2716979384422302,1
<DATASET_ROOT>/240325141234_M801C06L62G031_2673_end_extract/drive_9/03,weather,The weather is cloudy.,0.13899365067481995,0
<DATASET_ROOT>/240325141234_M801C06L62G031_2673_end_extract/drive_9/03,time_of_day,It is daytime.,0.13352952897548676,1
<DATASET_ROOT>/240325141234_M801C06L62G031_2673_end_extract/drive_9/03,time_of_day,It is nighttime.,0.03520295396447182,0
<DATASET_ROOT>/241018130234_M801C06L62G031_2673_end_extract/drive_14/01,motion,The vehicle is driving through a curve.,0.008790610358119011,1
<DATASET_ROOT>/241018130234_M801C06L62G031_2673_end_extract/drive_14/01,motion,The vehicle is stopped.,0.08943252265453339,0
<DATASET_ROOT>/241018130234_M801C06L62G031_2673_end_extract/drive_14/01,weather,The weather is rainy.,0.06256639957427979,1
<DATASET_ROOT>/241018130234_M801C06L62G031_2673_end_extract/drive_14/01,weather,It is snowing.,0.02439163811504841,0
<DATASET_ROOT>/241018130234_M801C06L62G031_2673_end_extract/drive_14/01,time_of_day,It is nighttime.,0.35474228858947754,1
<DATASET_ROOT>/241018130234_M801C06L62G031_2673_end_extract/drive_14/01,time_of_day,It is daytime.,0.005943778902292252,0
<DATASET_ROOT>/240205094744_M801C06L62G031_2673_end_extract/drive_8/04,motion,The vehicle is moving straight.,0.5167887806892395,1
<DATASET_ROOT>/240205094744_M801C06L62G031_2673_end_extract/drive_8/04,motion,The vehicle is driving through a curve.,0.07257111370563507,0
<DATASET_ROOT>/240205094744_M801C06L62G031_2673_end_extract/drive_8/04,weather,The weather is rainy.,0.09503142535686493,1
<DATASET_ROOT>/240205094744_M801C06L62G031_2673_end_extract/drive_8/04,weather,It is snowing.,0.00910032819956541,0
<DATASET_ROOT>/240205094744_M801C06L62G031_2673_end_extract/drive_8/04,time_of_day,It is daytime.,0.13210004568099976,1
<DATASET_ROOT>/240205094744_M801C06L62G031_2673_end_extract/drive_8/04,time_of_day,It is nighttime.,0.015121899545192719,0
<DATASET_ROOT>/240530090206_M801C06L62G031_2673_end_extract/drive_7/02,motion,The vehicle is turning right.,0.4066852033138275,1
<DATASET_ROOT>/240530090206_M801C06L62G031_2673_end_extract/drive_7/02,motion,The vehicle is stopped.,0.21803300082683563,0
<DATASET_ROOT>/240530090206_M801C06L62G031_2673_end_extract/drive_7/02,weather,The weather is sunny.,0.10228417813777924,1
<DATASET_ROOT>/240530090206_M801C06L62G031_2673_end_extract/drive_7/02,weather,It is snowing.,0.001085886382497847,0
<DATASET_ROOT>/240530090206_M801C06L62G031_2673_end_extract/drive_7/02,time_of_day,It is daytime.,0.15121674537658691,1
<DATASET_ROOT>/240530090206_M801C06L62G031_2673_end_extract/drive_7/02,time_of_day,It is nighttime.,0.008564365096390247,0
<DATASET_ROOT>/240205094744_M801C06L62G031_2673_end_extract/drive_4/03,motion,The vehicle is moving straight.,0.1655483990907669,1
<DATASET_ROOT>/240205094744_M801C06L62G031_2673_end_extract/drive_4/03,motion,The vehicle is stopped.,0.09648486971855164,0
<DATASET_ROOT>/240205094744_M801C06L62G031_2673_end_extract/drive_4/03,weather,The weather is rainy.,0.05183105543255806,1
<DATASET_ROOT>/240205094744_M801C06L62G031_2673_end_extract/drive_4/03,weather,The weather is cloudy.,0.06898443400859833,0
<DATASET_ROOT>/240205094744_M801C06L62G031_2673_end_extract/drive_4/03,time_of_day,It is daytime.,0.1351003348827362,1
<DATASET_ROOT>/240205094744_M801C06L62G031_2673_end_extract/drive_4/03,time_of_day,It is nighttime.,0.0159828532487154,0
<DATASET_ROOT>/240822084904_M801C06L62G031_2673_end_extract/drive_18/02,motion,The vehicle is turning left.,0.8503710627555847,1
<DATASET_ROOT>/240822084904_M801C06L62G031_2673_end_extract/drive_18/02,motion,The vehicle is turning right.,0.8368649482727051,0
<DATASET_ROOT>/240822084904_M801C06L62G031_2673_end_extract/drive_18/02,weather,The weather is sunny.,0.1419937014579773,1
<DATASET_ROOT>/240822084904_M801C06L62G031_2673_end_extract/drive_18/02,weather,The weather is rainy.,0.0013117254711687565,0
<DATASET_ROOT>/240822084904_M801C06L62G031_2673_end_extract/drive_18/02,time_of_day,It is daytime.,0.14437757432460785,1
<DATASET_ROOT>/240822084904_M801C06L62G031_2673_end_extract/drive_18/02,time_of_day,It is nighttime.,0.006336534395813942,0
<DATASET_ROOT>/240322135559_M801C06L62G031_2673_end_extract/drive_17/01,motion,The vehicle is moving straight.,0.6379784345626831,1
<DATASET_ROOT>/240322135559_M801C06L62G031_2673_end_extract/drive_17/01,motion,The vehicle is stopped.,0.148671954870224,0
<DATASET_ROOT>/240322135559_M801C06L62G031_2673_end_extract/drive_17/01,weather,The weather is cloudy.,0.09568314999341965,1
<DATASET_ROOT>/240322135559_M801C06L62G031_2673_end_extract/drive_17/01,weather,The weather is sunny.,0.0900036171078682,0
<DATASET_ROOT>/240322135559_M801C06L62G031_2673_end_extract/drive_17/01,time_of_day,It is daytime.,0.14675898849964142,1
<DATASET_ROOT>/240322135559_M801C06L62G031_2673_end_extract/drive_17/01,time_of_day,It is nighttime.,0.00486273318529129,0
<DATASET_ROOT>/240322135559_M801C06L62G031_2673_end_extract/drive_17/04,motion,The vehicle is moving straight.,0.5567514300346375,1
<DATASET_ROOT>/240322135559_M801C06L62G031_2673_end_extract/drive_17/04,motion,The vehicle is turning left.,0.456175833940506,0
<DATASET_ROOT>/240322135559_M801C06L62G031_2673_end_extract/drive_17/04,weather,The weather is cloudy.,0.1407930552959442,1
<DATASET_ROOT>/240322135559_M801C06L62G031_2673_end_extract/drive_17/04,weather,The weather is sunny.,0.09521279484033585,0
<DATASET_ROOT>/240322135559_M801C06L62G031_2673_end_extract/drive_17/04,time_of_day,It is daytime.,0.1614685207605362,1
<DATASET_ROOT>/240322135559_M801C06L62G031_2673_end_extract/drive_17/04,time_of_day,It is nighttime.,0.017024317756295204,0
<DATASET_ROOT>/240530090206_M801C06L62G031_2673_end_extract/drive_4/03,motion,The vehicle is moving straight.,0.4669927656650543,1
<DATASET_ROOT>/240530090206_M801C06L62G031_2673_end_extract/drive_4/03,motion,The vehicle is stopped.,0.18866708874702454,0
<DATASET_ROOT>/240530090206_M801C06L62G031_2673_end_extract/drive_4/03,weather,The weather is sunny.,0.07672567665576935,1
<DATASET_ROOT>/240530090206_M801C06L62G031_2673_end_extract/drive_4/03,weather,It is snowing.,0.0007767296046949923,0
<DATASET_ROOT>/240530090206_M801C06L62G031_2673_end_extract/drive_4/03,time_of_day,It is daytime.,0.12260168790817261,1
<DATASET_ROOT>/240530090206_M801C06L62G031_2673_end_extract/drive_4/03,time_of_day,It is nighttime.,0.021579336374998093,0
<DATASET_ROOT>/240822084904_M801C06L62G031_2673_end_extract/drive_21/03,motion,The vehicle is driving through a curve.,0.5385449528694153,1
<DATASET_ROOT>/240822084904_M801C06L62G031_2673_end_extract/drive_21/03,motion,The vehicle is moving straight.,0.6587705016136169,0
<DATASET_ROOT>/240822084904_M801C06L62G031_2673_end_extract/drive_21/03,weather,The weather is sunny.,0.12149523943662643,1
<DATASET_ROOT>/240822084904_M801C06L62G031_2673_end_extract/drive_21/03,weather,The weather is rainy.,0.0030412597116082907,0
<DATASET_ROOT>/240822084904_M801C06L62G031_2673_end_extract/drive_21/03,time_of_day,It is daytime.,0.14268800616264343,1
<DATASET_ROOT>/240822084904_M801C06L62G031_2673_end_extract/drive_21/03,time_of_day,It is nighttime.,0.025616567581892014,0
<DATASET_ROOT>/240322135559_M801C06L62G031_2673_end_extract/drive_4/02,motion,The vehicle is moving straight.,0.46318602561950684,1
<DATASET_ROOT>/240322135559_M801C06L62G031_2673_end_extract/drive_4/02,motion,The vehicle is turning left.,0.2424795776605606,0
<DATASET_ROOT>/240322135559_M801C06L62G031_2673_end_extract/drive_4/02,weather,The weather is cloudy.,0.18930403888225555,1
<DATASET_ROOT>/240322135559_M801C06L62G031_2673_end_extract/drive_4/02,weather,The weather is rainy.,0.02913062274456024,0
<DATASET_ROOT>/240322135559_M801C06L62G031_2673_end_extract/drive_4/02,time_of_day,It is daytime.,0.14758679270744324,1
<DATASET_ROOT>/240322135559_M801C06L62G031_2673_end_extract/drive_4/02,time_of_day,It is nighttime.,0.02859395183622837,0
<DATASET_ROOT>/240822134456_M801C06L62G031_2673_end_extract/drive_7/03,motion,The vehicle is moving straight.,0.5960952043533325,1
<DATASET_ROOT>/240822134456_M801C06L62G031_2673_end_extract/drive_7/03,motion,The vehicle is stopped.,0.24520063400268555,0
<DATASET_ROOT>/240822134456_M801C06L62G031_2673_end_extract/drive_7/03,weather,The weather is sunny.,0.15475167334079742,1
<DATASET_ROOT>/240822134456_M801C06L62G031_2673_end_extract/drive_7/03,weather,The weather is rainy.,0.00242592953145504,0
<DATASET_ROOT>/240822134456_M801C06L62G031_2673_end_extract/drive_7/03,time_of_day,It is daytime.,0.1519349366426468,1
<DATASET_ROOT>/240822134456_M801C06L62G031_2673_end_extract/drive_7/03,time_of_day,It is nighttime.,0.015098494477570057,0
<DATASET_ROOT>/240822084904_M801C06L62G031_2673_end_extract/drive_17/01,motion,The vehicle is moving straight.,0.57057124376297,1
<DATASET_ROOT>/240822084904_M801C06L62G031_2673_end_extract/drive_17/01,motion,The vehicle is stopped.,0.2545929253101349,0
<DATASET_ROOT>/240822084904_M801C06L62G031_2673_end_extract/drive_17/01,weather,The weather is sunny.,0.15810327231884003,1
<DATASET_ROOT>/240822084904_M801C06L62G031_2673_end_extract/drive_17/01,weather,The weather is rainy.,0.0010901775676757097,0
<DATASET_ROOT>/240822084904_M801C06L62G031_2673_end_extract/drive_17/01,time_of_day,It is daytime.,0.14058326184749603,1
<DATASET_ROOT>/240822084904_M801C06L62G031_2673_end_extract/drive_17/01,time_of_day,It is nighttime.,0.009311240166425705,0
<DATASET_ROOT>/240530090206_M801C06L62G031_2673_end_extract/drive_21/02,motion,The vehicle is turning right.,0.5657840371131897,1
<DATASET_ROOT>/240530090206_M801C06L62G031_2673_end_extract/drive_21/02,motion,The vehicle is stopped.,0.24012893438339233,0
<DATASET_ROOT>/240530090206_M801C06L62G031_2673_end_extract/drive_21/02,weather,The weather is sunny.,0.09377279877662659,1
<DATASET_ROOT>/240530090206_M801C06L62G031_2673_end_extract/drive_21/02,weather,It is snowing.,0.0024368194863200188,0
<DATASET_ROOT>/240530090206_M801C06L62G031_2673_end_extract/drive_21/02,time_of_day,It is daytime.,0.15987956523895264,1
<DATASET_ROOT>/240530090206_M801C06L62G031_2673_end_extract/drive_21/02,time_of_day,It is nighttime.,0.01674184761941433,0
<DATASET_ROOT>/240822134456_M801C06L62G031_2673_end_extract/drive_9/03,motion,The vehicle is driving through a curve.,0.6463602185249329,1
<DATASET_ROOT>/240822134456_M801C06L62G031_2673_end_extract/drive_9/03,motion,The vehicle is stopped.,0.3001692295074463,0
<DATASET_ROOT>/240822134456_M801C06L62G031_2673_end_extract/drive_9/03,weather,The weather is sunny.,0.11394744366407394,1
<DATASET_ROOT>/240822134456_M801C06L62G031_2673_end_extract/drive_9/03,weather,The weather is rainy.,0.001098159234970808,0
<DATASET_ROOT>/240822134456_M801C06L62G031_2673_end_extract/drive_9/03,time_of_day,It is daytime.,0.12775543332099915,1
<DATASET_ROOT>/240822134456_M801C06L62G031_2673_end_extract/drive_9/03,time_of_day,It is nighttime.,0.0047739651054143906,0
<DATASET_ROOT>/240822084904_M801C06L62G031_2673_end_extract/drive_5/04,motion,The vehicle is stopped.,0.3174634873867035,1
<DATASET_ROOT>/240822084904_M801C06L62G031_2673_end_extract/drive_5/04,motion,The vehicle is turning left.,0.63361656665802,0
<DATASET_ROOT>/240822084904_M801C06L62G031_2673_end_extract/drive_5/04,weather,The weather is sunny.,0.1392230987548828,1
<DATASET_ROOT>/240822084904_M801C06L62G031_2673_end_extract/drive_5/04,weather,The weather is cloudy.,0.110299251973629,0
<DATASET_ROOT>/240822084904_M801C06L62G031_2673_end_extract/drive_5/04,time_of_day,It is daytime.,0.13208235800266266,1
<DATASET_ROOT>/240822084904_M801C06L62G031_2673_end_extract/drive_5/04,time_of_day,It is nighttime.,0.013956044800579548,0
<DATASET_ROOT>/240325141234_M801C06L62G031_2673_end_extract/drive_12/02,motion,The vehicle is moving straight.,0.3162223696708679,1
<DATASET_ROOT>/240325141234_M801C06L62G031_2673_end_extract/drive_12/02,motion,The vehicle is driving through a curve.,0.01707877777516842,0
<DATASET_ROOT>/240325141234_M801C06L62G031_2673_end_extract/drive_12/02,weather,The weather is rainy.,0.272845059633255,1
<DATASET_ROOT>/240325141234_M801C06L62G031_2673_end_extract/drive_12/02,weather,The weather is cloudy.,0.09694484621286392,0
<DATASET_ROOT>/240325141234_M801C06L62G031_2673_end_extract/drive_12/02,time_of_day,It is daytime.,0.13935084640979767,1
<DATASET_ROOT>/240325141234_M801C06L62G031_2673_end_extract/drive_12/02,time_of_day,It is nighttime.,0.021498840302228928,0
<DATASET_ROOT>/240529140943_M801C06L62G031_2673_end_extract/drive_25/04,motion,The vehicle is driving through a curve.,0.27301025390625,1
<DATASET_ROOT>/240529140943_M801C06L62G031_2673_end_extract/drive_25/04,motion,The vehicle is moving straight.,0.4602314233779907,0
<DATASET_ROOT>/240529140943_M801C06L62G031_2673_end_extract/drive_25/04,weather,The weather is sunny.,0.1750241219997406,1
<DATASET_ROOT>/240529140943_M801C06L62G031_2673_end_extract/drive_25/04,weather,The weather is cloudy.,0.09524446725845337,0
<DATASET_ROOT>/240529140943_M801C06L62G031_2673_end_extract/drive_25/04,time_of_day,It is daytime.,0.15804608166217804,1
<DATASET_ROOT>/240529140943_M801C06L62G031_2673_end_extract/drive_25/04,time_of_day,It is nighttime.,0.017927836626768112,0
<DATASET_ROOT>/240822134456_M801C06L62G031_2673_end_extract/drive_5/02,motion,The vehicle is moving straight.,0.45410019159317017,1
<DATASET_ROOT>/240822134456_M801C06L62G031_2673_end_extract/drive_5/02,motion,The vehicle is turning right.,0.2347399890422821,0
<DATASET_ROOT>/240822134456_M801C06L62G031_2673_end_extract/drive_5/02,weather,The weather is sunny.,0.19688241183757782,1
<DATASET_ROOT>/240822134456_M801C06L62G031_2673_end_extract/drive_5/02,weather,The weather is rainy.,0.001200834522023797,0
<DATASET_ROOT>/240822134456_M801C06L62G031_2673_end_extract/drive_5/02,time_of_day,It is daytime.,0.1551855057477951,1
<DATASET_ROOT>/240822134456_M801C06L62G031_2673_end_extract/drive_5/02,time_of_day,It is nighttime.,0.021816136315464973,0
<DATASET_ROOT>/240822084904_M801C06L62G031_2673_end_extract/drive_6/02,motion,The vehicle is driving through a curve.,0.4482085108757019,1
<DATASET_ROOT>/240822084904_M801C06L62G031_2673_end_extract/drive_6/02,motion,The vehicle is stopped.,0.16481424868106842,0
<DATASET_ROOT>/240822084904_M801C06L62G031_2673_end_extract/drive_6/02,weather,The weather is sunny.,0.1276964694261551,1
<DATASET_ROOT>/240822084904_M801C06L62G031_2673_end_extract/drive_6/02,weather,The weather is rainy.,0.0019435219001024961,0
<DATASET_ROOT>/240822084904_M801C06L62G031_2673_end_extract/drive_6/02,time_of_day,It is daytime.,0.14263753592967987,1
<DATASET_ROOT>/240822084904_M801C06L62G031_2673_end_extract/drive_6/02,time_of_day,It is nighttime.,0.013846755027770996,0
<DATASET_ROOT>/240530090206_M801C06L62G031_2673_end_extract/drive_25/01,motion,The vehicle is moving straight.,0.4586888551712036,1
<DATASET_ROOT>/240530090206_M801C06L62G031_2673_end_extract/drive_25/01,motion,The vehicle is turning left.,0.31944429874420166,0
<DATASET_ROOT>/240530090206_M801C06L62G031_2673_end_extract/drive_25/01,weather,The weather is sunny.,0.10046646744012833,1
<DATASET_ROOT>/240530090206_M801C06L62G031_2673_end_extract/drive_25/01,weather,The weather is rainy.,0.009961900301277637,0
<DATASET_ROOT>/240530090206_M801C06L62G031_2673_end_extract/drive_25/01,time_of_day,It is daytime.,0.15973138809204102,1
<DATASET_ROOT>/240530090206_M801C06L62G031_2673_end_extract/drive_25/01,time_of_day,It is nighttime.,0.006616495084017515,0
<DATASET_ROOT>/240822084904_M801C06L62G031_2673_end_extract/drive_14/02,motion,The vehicle is moving straight.,0.4990997314453125,1
<DATASET_ROOT>/240822084904_M801C06L62G031_2673_end_extract/drive_14/02,motion,The vehicle is turning right.,0.28343552350997925,0
<DATASET_ROOT>/240822084904_M801C06L62G031_2673_end_extract/drive_14/02,weather,The weather is sunny.,0.16489410400390625,1
<DATASET_ROOT>/240822084904_M801C06L62G031_2673_end_extract/drive_14/02,weather,The weather is rainy.,0.001192276831716299,0
<DATASET_ROOT>/240822084904_M801C06L62G031_2673_end_extract/drive_14/02,time_of_day,It is daytime.,0.14630110561847687,1
<DATASET_ROOT>/240822084904_M801C06L62G031_2673_end_extract/drive_14/02,time_of_day,It is nighttime.,0.005067654885351658,0
<DATASET_ROOT>/240530090206_M801C06L62G031_2673_end_extract/drive_28/03,motion,The vehicle is moving straight.,0.3765985667705536,1
<DATASET_ROOT>/240530090206_M801C06L62G031_2673_end_extract/drive_28/03,motion,The vehicle is driving through a curve.,0.061931390315294266,0
<DATASET_ROOT>/240530090206_M801C06L62G031_2673_end_extract/drive_28/03,weather,The weather is sunny.,0.06883595883846283,1
<DATASET_ROOT>/240530090206_M801C06L62G031_2673_end_extract/drive_28/03,weather,It is snowing.,0.0011476743966341019,0
<DATASET_ROOT>/240530090206_M801C06L62G031_2673_end_extract/drive_28/03,time_of_day,It is daytime.,0.1539526730775833,1
<DATASET_ROOT>/240530090206_M801C06L62G031_2673_end_extract/drive_28/03,time_of_day,It is nighttime.,0.009459941647946835,0
<DATASET_ROOT>/240322135559_M801C06L62G031_2673_end_extract/drive_15/04,motion,The vehicle is moving straight.,0.5520201325416565,1
<DATASET_ROOT>/240322135559_M801C06L62G031_2673_end_extract/drive_15/04,motion,The vehicle is driving through a curve.,0.12975862622261047,0
<DATASET_ROOT>/240322135559_M801C06L62G031_2673_end_extract/drive_15/04,weather,The weather is rainy.,0.015397967770695686,1
<DATASET_ROOT>/240322135559_M801C06L62G031_2673_end_extract/drive_15/04,weather,The weather is cloudy.,0.10352634638547897,0
<DATASET_ROOT>/240322135559_M801C06L62G031_2673_end_extract/drive_15/04,time_of_day,It is daytime.,0.14207229018211365,1
<DATASET_ROOT>/240322135559_M801C06L62G031_2673_end_extract/drive_15/04,time_of_day,It is nighttime.,0.005747422110289335,0
<DATASET_ROOT>/240529140943_M801C06L62G031_2673_end_extract/drive_10/02,motion,The vehicle is moving straight.,0.34735333919525146,1
<DATASET_ROOT>/240529140943_M801C06L62G031_2673_end_extract/drive_10/02,motion,The vehicle is stopped.,0.2373732477426529,0
<DATASET_ROOT>/240529140943_M801C06L62G031_2673_end_extract/drive_10/02,weather,The weather is sunny.,0.15248803794384003,1
<DATASET_ROOT>/240529140943_M801C06L62G031_2673_end_extract/drive_10/02,weather,It is snowing.,0.00033020495902746916,0
<DATASET_ROOT>/240529140943_M801C06L62G031_2673_end_extract/drive_10/02,time_of_day,It is daytime.,0.1426805555820465,1
<DATASET_ROOT>/240529140943_M801C06L62G031_2673_end_extract/drive_10/02,time_of_day,It is nighttime.,0.0059833466075360775,0
<DATASET_ROOT>/240325141234_M801C06L62G031_2673_end_extract/drive_5/03,motion,The vehicle is stopped.,0.1419195681810379,1
<DATASET_ROOT>/240325141234_M801C06L62G031_2673_end_extract/drive_5/03,motion,The vehicle is turning left.,0.2903793752193451,0
<DATASET_ROOT>/240325141234_M801C06L62G031_2673_end_extract/drive_5/03,weather,The weather is rainy.,0.24868448078632355,1
<DATASET_ROOT>/240325141234_M801C06L62G031_2673_end_extract/drive_5/03,weather,It is snowing.,0.019903190433979034,0
<DATASET_ROOT>/240325141234_M801C06L62G031_2673_end_extract/drive_5/03,time_of_day,It is daytime.,0.1281736195087433,1
<DATASET_ROOT>/240325141234_M801C06L62G031_2673_end_extract/drive_5/03,time_of_day,It is nighttime.,0.01571168564260006,0
<DATASET_ROOT>/240822134456_M801C06L62G031_2673_end_extract/drive_2/01,motion,The vehicle is stopped.,0.22638006508350372,1
<DATASET_ROOT>/240822134456_M801C06L62G031_2673_end_extract/drive_2/01,motion,The vehicle is moving straight.,0.45409250259399414,0
<DATASET_ROOT>/240822134456_M801C06L62G031_2673_end_extract/drive_2/01,weather,The weather is sunny.,0.11652915924787521,1
<DATASET_ROOT>/240822134456_M801C06L62G031_2673_end_extract/drive_2/01,weather,The weather is rainy.,0.0031460660975426435,0
<DATASET_ROOT>/240822134456_M801C06L62G031_2673_end_extract/drive_2/01,time_of_day,It is daytime.,0.14142826199531555,1
<DATASET_ROOT>/240822134456_M801C06L62G031_2673_end_extract/drive_2/01,time_of_day,It is nighttime.,0.006127405911684036,0
<DATASET_ROOT>/240529140943_M801C06L62G031_2673_end_extract/drive_31/03,motion,The vehicle is moving straight.,0.35453060269355774,1
<DATASET_ROOT>/240529140943_M801C06L62G031_2673_end_extract/drive_31/03,motion,The vehicle is stopped.,0.15207810699939728,0
<DATASET_ROOT>/240529140943_M801C06L62G031_2673_end_extract/drive_31/03,weather,The weather is sunny.,0.1734578013420105,1
<DATASET_ROOT>/240529140943_M801C06L62G031_2673_end_extract/drive_31/03,weather,It is snowing.,0.000403491168981418,0
<DATASET_ROOT>/240529140943_M801C06L62G031_2673_end_extract/drive_31/03,time_of_day,It is daytime.,0.13911893963813782,1
<DATASET_ROOT>/240529140943_M801C06L62G031_2673_end_extract/drive_31/03,time_of_day,It is nighttime.,0.010717811994254589,0
<DATASET_ROOT>/231106095132_M801C06L62G031_2673_end_extract/drive_6/02,motion,The vehicle is moving straight.,0.23109793663024902,1
<DATASET_ROOT>/231106095132_M801C06L62G031_2673_end_extract/drive_6/02,motion,The vehicle is turning left.,0.11139942705631256,0
<DATASET_ROOT>/231106095132_M801C06L62G031_2673_end_extract/drive_6/02,weather,The weather is rainy.,0.22522178292274475,1
<DATASET_ROOT>/231106095132_M801C06L62G031_2673_end_extract/drive_6/02,weather,The weather is sunny.,0.13824637234210968,0
<DATASET_ROOT>/231106095132_M801C06L62G031_2673_end_extract/drive_6/02,time_of_day,It is daytime.,0.14138929545879364,1
<DATASET_ROOT>/231106095132_M801C06L62G031_2673_end_extract/drive_6/02,time_of_day,It is nighttime.,0.02180694229900837,0
<DATASET_ROOT>/240325141234_M801C06L62G031_2673_end_extract/drive_6/04,motion,The vehicle is driving through a curve.,0.09288603067398071,1
<DATASET_ROOT>/240325141234_M801C06L62G031_2673_end_extract/drive_6/04,motion,The vehicle is moving straight.,0.420766681432724,0
<DATASET_ROOT>/240325141234_M801C06L62G031_2673_end_extract/drive_6/04,weather,The weather is rainy.,0.25517958402633667,1
<DATASET_ROOT>/240325141234_M801C06L62G031_2673_end_extract/drive_6/04,weather,The weather is sunny.,0.08632419258356094,0
<DATASET_ROOT>/240325141234_M801C06L62G031_2673_end_extract/drive_6/04,time_of_day,It is daytime.,0.1346413791179657,1
<DATASET_ROOT>/240325141234_M801C06L62G031_2673_end_extract/drive_6/04,time_of_day,It is nighttime.,0.01748591475188732,0
<DATASET_ROOT>/241018130234_M801C06L62G031_2673_end_extract/drive_3/02,motion,The vehicle is driving through a curve.,0.1405329555273056,1
<DATASET_ROOT>/241018130234_M801C06L62G031_2673_end_extract/drive_3/02,motion,The vehicle is stopped.,0.14679712057113647,0
<DATASET_ROOT>/241018130234_M801C06L62G031_2673_end_extract/drive_3/02,weather,The weather is rainy.,0.3401591181755066,1
<DATASET_ROOT>/241018130234_M801C06L62G031_2673_end_extract/drive_3/02,weather,The weather is cloudy.,0.15605448186397552,0
<DATASET_ROOT>/241018130234_M801C06L62G031_2673_end_extract/drive_3/02,time_of_day,It is daytime.,0.11800609529018402,1
<DATASET_ROOT>/241018130234_M801C06L62G031_2673_end_extract/drive_3/02,time_of_day,It is nighttime.,0.18612973392009735,0
<DATASET_ROOT>/231106095132_M801C06L62G031_2673_end_extract/drive_2/04,motion,The vehicle is moving straight.,0.16173012554645538,1
<DATASET_ROOT>/231106095132_M801C06L62G031_2673_end_extract/drive_2/04,motion,The vehicle is stopped.,0.1594220995903015,0
<DATASET_ROOT>/231106095132_M801C06L62G031_2673_end_extract/drive_2/04,weather,The weather is cloudy.,0.013534911908209324,1
<DATASET_ROOT>/231106095132_M801C06L62G031_2673_end_extract/drive_2/04,weather,The weather is sunny.,0.013445574790239334,0
<DATASET_ROOT>/231106095132_M801C06L62G031_2673_end_extract/drive_2/04,time_of_day,It is daytime.,0.0517699234187603,1
<DATASET_ROOT>/231106095132_M801C06L62G031_2673_end_extract/drive_2/04,time_of_day,It is nighttime.,0.20816753804683685,0
<DATASET_ROOT>/240205094744_M801C06L62G031_2673_end_extract/drive_5/01,motion,The vehicle is moving straight.,0.45550116896629333,1
<DATASET_ROOT>/240205094744_M801C06L62G031_2673_end_extract/drive_5/01,motion,The vehicle is stopped.,0.18955270946025848,0
<DATASET_ROOT>/240205094744_M801C06L62G031_2673_end_extract/drive_5/01,weather,The weather is rainy.,0.09139440208673477,1
<DATASET_ROOT>/240205094744_M801C06L62G031_2673_end_extract/drive_5/01,weather,It is snowing.,0.007000227924436331,0
<DATASET_ROOT>/240205094744_M801C06L62G031_2673_end_extract/drive_5/01,time_of_day,It is daytime.,0.14433126151561737,1
<DATASET_ROOT>/240205094744_M801C06L62G031_2673_end_extract/drive_5/01,time_of_day,It is nighttime.,0.017089666798710823,0
