source,query,clip_dir,score,is_positive
caption_txt,The vehicle is turning right.,<DATASET_ROOT>/240529140943_M801C06L62G031_2673_end_extract/drive_19/02,0.8595834374427795,True
caption_txt,The vehicle is turning right.,<DATASET_ROOT>/241018130234_M801C06L62G031_2673_end_extract/drive_16/04,0.8754236102104187,False
caption_txt,The vehicle is turning right.,<DATASET_ROOT>/240205094744_M801C06L62G031_2673_end_extract/drive_1/02,0.8361281156539917,False
caption_txt,The vehicle is turning right.,<DATASET_ROOT>/231106095132_M801C06L62G031_2673_end_extract/drive_2/03,0.8085198402404785,False
caption_txt,The vehicle is turning right.,<DATASET_ROOT>/240529140943_M801C06L62G031_2673_end_extract/drive_27/02,0.8853905200958252,False
caption_txt,The vehicle is turning right.,<DATASET_ROOT>/240529140943_M801C06L62G031_2673_end_extract/drive_14/03,0.8862103223800659,True
caption_txt,The vehicle is turning right.,<DATASET_ROOT>/240205094744_M801C06L62G031_2673_end_extract/drive_1/01,0.8176073431968689,False
caption_txt,The vehicle is turning right.,<DATASET_ROOT>/240530090206_M801C06L62G031_2673_end_extract/drive_16/01,0.870620846748352,False
caption_txt,The vehicle is turning right.,<DATASET_ROOT>/241018130234_M801C06L62G031_2673_end_extract/drive_18/02,0.8642677068710327,False
caption_txt,The vehicle is turning right.,<DATASET_ROOT>/241018130234_M801C06L62G031_2673_end_extract/drive_13/04,0.8873471021652222,False
caption_txt,The vehicle is turning right.,<DATASET_ROOT>/240530090206_M801C06L62G031_2673_end_extract/drive_16/02,0.8213036060333252,False
caption_txt,The vehicle is turning right.,<DATASET_ROOT>/241018130234_M801C06L62G031_2673_end_extract/drive_16/01,0.8782331943511963,False
caption_txt,The vehicle is turning right.,<DATASET_ROOT>/240205170303_M801C06L62G031_2673_end_extract/drive_2/02,0.8864922523498535,False
caption_txt,The vehicle is turning right.,<DATASET_ROOT>/240822084904_M801C06L62G031_2673_end_extract/drive_18/02,0.8779579997062683,False
caption_txt,The vehicle is turning right.,<DATASET_ROOT>/240530090206_M801C06L62G031_2673_end_extract/drive_16/04,0.8722378015518188,False
caption_txt,The vehicle is turning right.,<DATASET_ROOT>/240322135559_M801C06L62G031_2673_end_extract/drive_13/01,0.8684693574905396,True
caption_txt,The vehicle is turning right.,<DATASET_ROOT>/241018102947_M801C06L62G031_2673_end_extract/drive_5/01,0.8781319856643677,False
caption_txt,The vehicle is turning right.,<DATASET_ROOT>/241018130234_M801C06L62G031_2673_end_extract/drive_17/03,0.8534424304962158,False
caption_txt,The vehicle is turning right.,<DATASET_ROOT>/240205094744_M801C06L62G031_2673_end_extract/drive_1/03,0.8395658731460571,False
caption_txt,The vehicle is turning right.,<DATASET_ROOT>/240205094744_M801C06L62G031_2673_end_extract/drive_2/03,0.8817817568778992,False
caption_txt,The vehicle is turning right.,<DATASET_ROOT>/241018130234_M801C06L62G031_2673_end_extract/drive_13/03,0.9121155738830566,False
caption_txt,The vehicle is turning right.,<DATASET_ROOT>/241018130234_M801C06L62G031_2673_end_extract/drive_15/03,0.9037595987319946,False
caption_txt,The vehicle is turning right.,<DATASET_ROOT>/240205170303_M801C06L62G031_2673_end_extract/drive_1/01,0.8564930558204651,False
caption_txt,The vehicle is turning right.,<DATASET_ROOT>/241018130234_M801C06L62G031_2673_end_extract/drive_17/04,0.8854634761810303,False
caption_txt,The vehicle is turning right.,<DATASET_ROOT>/240529140943_M801C06L62G031_2673_end_extract/drive_27/04,0.8335626721382141,True
caption_txt,The vehicle is turning right.,<DATASET_ROOT>/240530090206_M801C06L62G031_2673_end_extract/drive_7/02,0.8788397312164307,True
caption_txt,The vehicle is turning right.,<DATASET_ROOT>/231106095132_M801C06L62G031_2673_end_extract/drive_1/02,0.8306092023849487,False
caption_txt,The vehicle is turning right.,<DATASET_ROOT>/241018102947_M801C06L62G031_2673_end_extract/drive_5/04,0.8666834235191345,False
caption_txt,The vehicle is turning right.,<DATASET_ROOT>/240205170303_M801C06L62G031_2673_end_extract/drive_1/02,0.8396024107933044,False
caption_txt,The vehicle is turning right.,<DATASET_ROOT>/240205170303_M801C06L62G031_2673_end_extract/drive_2/01,0.8625398874282837,False
caption_txt,The vehicle is turning right.,<DATASET_ROOT>/240529140943_M801C06L62G031_2673_end_extract/drive_3/01,0.8328431844711304,True
caption_txt,The vehicle is turning right.,<DATASET_ROOT>/240529140943_M801C06L62G031_2673_end_extract/drive_11/04,0.9034131169319153,True
caption_txt,The vehicle is turning right.,<DATASET_ROOT>/231106095132_M801C06L62G031_2673_end_extract/drive_2/02,0.8356590270996094,False
caption_txt,The vehicle is turning right.,<DATASET_ROOT>/240325141234_M801C06L62G031_2673_end_extract/drive_6/03,0.9012951850891113,False
caption_txt,The vehicle is turning right.,<DATASET_ROOT>/231106095132_M801C06L62G031_2673_end_extract/drive_1/03,0.8633283972740173,False
caption_txt,The vehicle is turning right.,<DATASET_ROOT>/240205170303_M801C06L62G031_2673_end_extract/drive_2/04,0.8708711266517639,False
caption_txt,The vehicle is turning right.,<DATASET_ROOT>/240205170303_M801C06L62G031_2673_end_extract/drive_2/03,0.8727594017982483,False
caption_txt,The vehicle is turning right.,<DATASET_ROOT>/240530090206_M801C06L62G031_2673_end_extract/drive_2/01,0.8889481425285339,False
caption_txt,The vehicle is turning right.,<DATASET_ROOT>/241018130234_M801C06L62G031_2673_end_extract/drive_16/02,0.8681079745292664,False
caption_txt,The vehicle is turning right.,<DATASET_ROOT>/241018130234_M801C06L62G031_2673_end_extract/drive_17/01,0.8681349158287048,False
caption_txt,The vehicle is turning right.,<DATASET_ROOT>/241018130234_M801C06L62G031_2673_end_extract/drive_14/01,0.8706331849098206,False
caption_txt,The vehicle is turning right.,<DATASET_ROOT>/231106095132_M801C06L62G031_2673_end_extract/drive_2/01,0.8732408881187439,False
caption_txt,The vehicle is turning right.,<DATASET_ROOT>/240322135559_M801C06L62G031_2673_end_extract/drive_17/02,0.8468176126480103,True
caption_txt,The vehicle is turning right.,<DATASET_ROOT>/241018130234_M801C06L62G031_2673_end_extract/drive_16/03,0.8917084336280823,False
caption_txt,The vehicle is turning right.,<DATASET_ROOT>/241018130234_M801C06L62G031_2673_end_extract/drive_18/04,0.8666514754295349,False
caption_txt,The vehicle is turning right.,<DATASET_ROOT>/241018130234_M801C06L62G031_2673_end_extract/drive_14/04,0.8670327663421631,False
caption_txt,The vehicle is turning right.,<DATASET_ROOT>/240530090206_M801C06L62G031_2673_end_extract/drive_16/03,0.8865020871162415,False
caption_txt,The vehicle is turning right.,<DATASET_ROOT>/231106095132_M801C06L62G031_2673_end_extract/drive_1/01,0.7517680525779724,True
caption_txt,The vehicle is turning right.,<DATASET_ROOT>/231106095132_M801C06L62G031_2673_end_extract/drive_1/04,0.8607068061828613,False
caption_txt,The vehicle is turning right.,<DATASET_ROOT>/240322135559_M801C06L62G031_2673_end_extract/drive_8/03,0.8339632153511047,False
caption_txt,The vehicle is turning right.,<DATASET_ROOT>/241018130234_M801C06L62G031_2673_end_extract/drive_15/02,0.8785532712936401,False
caption_txt,The vehicle is turning right.,<DATASET_ROOT>/240530090206_M801C06L62G031_2673_end_extract/drive_15/02,0.870292603969574,True
caption_txt,The vehicle is turning right.,<DATASET_ROOT>/241018130234_M801C06L62G031_2673_end_extract/drive_15/01,0.8724560737609863,False
caption_txt,The vehicle is turning right.,<DATASET_ROOT>/241018130234_M801C06L62G031_2673_end_extract/drive_14/02,0.8741050958633423,False
caption_txt,The vehicle is turning right.,<DATASET_ROOT>/241018130234_M801C06L62G031_2673_end_extract/drive_18/03,0.8379155397415161,False
caption_txt,The vehicle is turning right.,<DATASET_ROOT>/240529140943_M801C06L62G031_2673_end_extract/drive_18/03,0.8994645476341248,True
caption_txt,The vehicle is turning right.,<DATASET_ROOT>/240205170303_M801C06L62G031_2673_end_extract/drive_1/04,0.9190900921821594,False
caption_txt,The vehicle is turning right.,<DATASET_ROOT>/240205094744_M801C06L62G031_2673_end_extract/drive_2/01,0.8345714807510376,False
caption_txt,The vehicle is turning right.,<DATASET_ROOT>/240322135559_M801C06L62G031_2673_end_extract/drive_14/02,0.8671410083770752,True
caption_txt,The vehicle is turning right.,<DATASET_ROOT>/241018130234_M801C06L62G031_2673_end_extract/drive_17/02,0.7862264513969421,False
caption_txt,The vehicle is turning right.,<DATASET_ROOT>/240205094744_M801C06L62G031_2673_end_extract/drive_1/04,0.8781658411026001,False
caption_txt,The vehicle is turning right.,<DATASET_ROOT>/241018130234_M801C06L62G031_2673_end_extract/drive_14/03,0.8225668668746948,False
caption_txt,The vehicle is turning right.,<DATASET_ROOT>/241018130234_M801C06L62G031_2673_end_extract/drive_13/02,0.867969810962677,False
caption_txt,The vehicle is turning right.,<DATASET_ROOT>/240325141234_M801C06L62G031_2673_end_extract/drive_6/02,0.8648070693016052,False
caption_txt,The vehicle is turning right.,<DATASET_ROOT>/240530090206_M801C06L62G031_2673_end_extract/drive_20/04,0.8972576260566711,True
caption_txt,The vehicle is turning right.,<DATASET_ROOT>/240822134456_M801C06L62G031_2673_end_extract/drive_10/03,0.9107493758201599,False
caption_txt,The vehicle is turning right.,<DATASET_ROOT>/240529140943_M801C06L62G031_2673_end_extract/drive_4/02,0.8902326226234436,False
caption_txt,The vehicle is turning right.,<DATASET_ROOT>/241018102947_M801C06L62G031_2673_end_extract/drive_5/03,0.8716211915016174,False
caption_txt,The vehicle is turning right.,<DATASET_ROOT>/240205170303_M801C06L62G031_2673_end_extract/drive_1/03,0.8789529204368591,False
caption_txt,The vehicle is turning right.,<DATASET_ROOT>/231106095132_M801C06L62G031_2673_end_extract/drive_2/04,0.8621443510055542,False
caption_txt,The vehicle is turning right.,<DATASET_ROOT>/240530090206_M801C06L62G031_2673_end_extract/drive_21/02,0.8656578660011292,True
caption_txt,The vehicle is turning right.,<DATASET_ROOT>/241018102947_M801C06L62G031_2673_end_extract/drive_5/02,0.8589865565299988,False
caption_txt,The vehicle is turning right.,<DATASET_ROOT>/241018130234_M801C06L62G031_2673_end_extract/drive_13/01,0.8042919635772705,False
caption_txt,The vehicle is turning right.,<DATASET_ROOT>/240205094744_M801C06L62G031_2673_end_extract/drive_2/04,0.8317720890045166,False
caption_txt,The vehicle is turning right.,<DATASET_ROOT>/240530090206_M801C06L62G031_2673_end_extract/drive_1/02,0.8702328205108643,True
caption_txt,The vehicle is turning right.,<DATASET_ROOT>/241018130234_M801C06L62G031_2673_end_extract/drive_15/04,0.8467710614204407,False
caption_txt,The vehicle is turning right.,<DATASET_ROOT>/241018130234_M801C06L62G031_2673_end_extract/drive_18/01,0.8452963829040527,False
caption_txt,The vehicle is turning right.,<DATASET_ROOT>/240205094744_M801C06L62G031_2673_end_extract/drive_2/02,0.8806050419807434,False
caption_txt,The vehicle is turning right.,<DATASET_ROOT>/240529140943_M801C06L62G031_2673_end_extract/drive_26/04,0.9026678800582886,False
caption_txt,The vehicle is turning right.,<DATASET_ROOT>/240529140943_M801C06L62G031_2673_end_extract/drive_15/03,0.8800367116928101,False
caption_txt,The vehicle is turning right.,<DATASET_ROOT>/241018130234_M801C06L62G031_2673_end_extract/drive_7/02,0.8719838857650757,False
caption_txt,The vehicle is turning right.,<DATASET_ROOT>/240529140943_M801C06L62G031_2673_end_extract/drive_15/04,0.8456866145133972,False
caption_txt,The vehicle is turning right.,<DATASET_ROOT>/240822084904_M801C06L62G031_2673_end_extract/drive_5/03,0.8764347434043884,False
caption_txt,The vehicle is turning right.,<DATASET_ROOT>/240822084904_M801C06L62G031_2673_end_extract/drive_22/03,0.864529013633728,False
caption_txt,The vehicle is turning right.,<DATASET_ROOT>/240822084904_M801C06L62G031_2673_end_extract/drive_6/03,0.9116126894950867,False
caption_txt,The vehicle is turning right.,<DATASET_ROOT>/231116093002_M801C06L62G031_2673_end_extract/drive_4/02,0.8707473278045654,False
caption_txt,The vehicle is turning right.,<DATASET_ROOT>/240325141234_M801C06L62G031_2673_end_extract/drive_13/01,0.805325448513031,False
caption_txt,The vehicle is turning right.,<DATASET_ROOT>/240529140943_M801C06L62G031_2673_end_extract/drive_21/01,0.8279310464859009,False
caption_txt,The vehicle is turning right.,<DATASET_ROOT>/231116093002_M801C06L62G031_2673_end_extract/drive_1/03,0.8781486749649048,False
caption_txt,The vehicle is turning right.,<DATASET_ROOT>/240322135559_M801C06L62G031_2673_end_extract/drive_21/02,0.8839356303215027,False
caption_txt,The vehicle is turning right.,<DATASET_ROOT>/240822084904_M801C06L62G031_2673_end_extract/drive_18/03,0.8746978640556335,False
caption_txt,The vehicle is turning right.,<DATASET_ROOT>/240322135559_M801C06L62G031_2673_end_extract/drive_15/01,0.8617209196090698,False
caption_txt,The vehicle is turning right.,<DATASET_ROOT>/241018102947_M801C06L62G031_2673_end_extract/drive_4/01,0.8822478652000427,False
caption_txt,The vehicle is turning right.,<DATASET_ROOT>/240822084904_M801C06L62G031_2673_end_extract/drive_6/01,0.8812238574028015,False
caption_txt,The vehicle is turning right.,<DATASET_ROOT>/241018130234_M801C06L62G031_2673_end_extract/drive_11/01,0.8414984345436096,False
caption_txt,The vehicle is turning right.,<DATASET_ROOT>/240325141234_M801C06L62G031_2673_end_extract/drive_11/02,0.8614580631256104,False
caption_txt,The vehicle is turning right.,<DATASET_ROOT>/240822134456_M801C06L62G031_2673_end_extract/drive_10/04,0.8085924386978149,False
caption_txt,The vehicle is turning right.,<DATASET_ROOT>/240529140943_M801C06L62G031_2673_end_extract/drive_31/03,0.8708711266517639,False
caption_txt,The vehicle is turning right.,<DATASET_ROOT>/240822134456_M801C06L62G031_2673_end_extract/drive_8/03,0.9019325375556946,False
caption_txt,The vehicle is turning right.,<DATASET_ROOT>/240530090206_M801C06L62G031_2673_end_extract/drive_24/04,0.8691795468330383,False
caption_txt,The vehicle is turning left.,<DATASET_ROOT>/240529140943_M801C06L62G031_2673_end_extract/drive_19/02,0.8490983843803406,False
caption_txt,The vehicle is turning left.,<DATASET_ROOT>/241018130234_M801C06L62G031_2673_end_extract/drive_16/04,0.863486111164093,False
caption_txt,The vehicle is turning left.,<DATASET_ROOT>/240205094744_M801C06L62G031_2673_end_extract/drive_1/02,0.8403403759002686,False
caption_txt,The vehicle is turning left.,<DATASET_ROOT>/231106095132_M801C06L62G031_2673_end_extract/drive_2/03,0.8184904456138611,False
caption_txt,The vehicle is turning left.,<DATASET_ROOT>/240529140943_M801C06L62G031_2673_end_extract/drive_27/02,0.8758823275566101,True
caption_txt,The vehicle is turning left.,<DATASET_ROOT>/240529140943_M801C06L62G031_2673_end_extract/drive_14/03,0.8746229410171509,False
caption_txt,The vehicle is turning left.,<DATASET_ROOT>/240205094744_M801C06L62G031_2673_end_extract/drive_1/01,0.8284600973129272,False
caption_txt,The vehicle is turning left.,<DATASET_ROOT>/240530090206_M801C06L62G031_2673_end_extract/drive_16/01,0.8680933713912964,False
caption_txt,The vehicle is turning left.,<DATASET_ROOT>/241018130234_M801C06L62G031_2673_end_extract/drive_18/02,0.8551841378211975,False
caption_txt,The vehicle is turning left.,<DATASET_ROOT>/241018130234_M801C06L62G031_2673_end_extract/drive_13/04,0.8864697217941284,False
caption_txt,The vehicle is turning left.,<DATASET_ROOT>/240530090206_M801C06L62G031_2673_end_extract/drive_16/02,0.8147197961807251,False
caption_txt,The vehicle is turning left.,<DATASET_ROOT>/241018130234_M801C06L62G031_2673_end_extract/drive_16/01,0.8683940768241882,False
caption_txt,The vehicle is turning left.,<DATASET_ROOT>/240205170303_M801C06L62G031_2673_end_extract/drive_2/02,0.8776822686195374,False
caption_txt,The vehicle is turning left.,<DATASET_ROOT>/240822084904_M801C06L62G031_2673_end_extract/drive_18/02,0.8743901252746582,True
caption_txt,The vehicle is turning left.,<DATASET_ROOT>/240530090206_M801C06L62G031_2673_end_extract/drive_16/04,0.8607956767082214,False
caption_txt,The vehicle is turning left.,<DATASET_ROOT>/240322135559_M801C06L62G031_2673_end_extract/drive_13/01,0.8559530377388,False
caption_txt,The vehicle is turning left.,<DATASET_ROOT>/241018102947_M801C06L62G031_2673_end_extract/drive_5/01,0.8736807703971863,False
caption_txt,The vehicle is turning left.,<DATASET_ROOT>/241018130234_M801C06L62G031_2673_end_extract/drive_17/03,0.8585039377212524,False
caption_txt,The vehicle is turning left.,<DATASET_ROOT>/240205094744_M801C06L62G031_2673_end_extract/drive_1/03,0.8353576064109802,False
caption_txt,The vehicle is turning left.,<DATASET_ROOT>/240205094744_M801C06L62G031_2673_end_extract/drive_2/03,0.8685402870178223,False
caption_txt,The vehicle is turning left.,<DATASET_ROOT>/241018130234_M801C06L62G031_2673_end_extract/drive_13/03,0.9134895205497742,False
caption_txt,The vehicle is turning left.,<DATASET_ROOT>/241018130234_M801C06L62G031_2673_end_extract/drive_15/03,0.8943489789962769,False
caption_txt,The vehicle is turning left.,<DATASET_ROOT>/240205170303_M801C06L62G031_2673_end_extract/drive_1/01,0.857530415058136,False
caption_txt,The vehicle is turning left.,<DATASET_ROOT>/241018130234_M801C06L62G031_2673_end_extract/drive_17/04,0.8806407451629639,False
caption_txt,The vehicle is turning left.,<DATASET_ROOT>/240529140943_M801C06L62G031_2673_end_extract/drive_27/04,0.830041229724884,False
caption_txt,The vehicle is turning left.,<DATASET_ROOT>/240530090206_M801C06L62G031_2673_end_extract/drive_7/02,0.8801272511482239,False
caption_txt,The vehicle is turning left.,<DATASET_ROOT>/231106095132_M801C06L62G031_2673_end_extract/drive_1/02,0.823148787021637,False
caption_txt,The vehicle is turning left.,<DATASET_ROOT>/241018102947_M801C06L62G031_2673_end_extract/drive_5/04,0.8538563847541809,False
caption_txt,The vehicle is turning left.,<DATASET_ROOT>/240205170303_M801C06L62G031_2673_end_extract/drive_1/02,0.84007328748703,False
caption_txt,The vehicle is turning left.,<DATASET_ROOT>/240205170303_M801C06L62G031_2673_end_extract/drive_2/01,0.8572545051574707,False
caption_txt,The vehicle is turning left.,<DATASET_ROOT>/240529140943_M801C06L62G031_2673_end_extract/drive_3/01,0.8251102566719055,False
caption_txt,The vehicle is turning left.,<DATASET_ROOT>/240529140943_M801C06L62G031_2673_end_extract/drive_11/04,0.8916362524032593,False
caption_txt,The vehicle is turning left.,<DATASET_ROOT>/231106095132_M801C06L62G031_2673_end_extract/drive_2/02,0.8397783637046814,False
caption_txt,The vehicle is turning left.,<DATASET_ROOT>/240325141234_M801C06L62G031_2673_end_extract/drive_6/03,0.910353422164917,True
caption_txt,The vehicle is turning left.,<DATASET_ROOT>/231106095132_M801C06L62G031_2673_end_extract/drive_1/03,0.8569130897521973,False
caption_txt,The vehicle is turning left.,<DATASET_ROOT>/240205170303_M801C06L62G031_2673_end_extract/drive_2/04,0.8628417253494263,False
caption_txt,The vehicle is turning left.,<DATASET_ROOT>/240205170303_M801C06L62G031_2673_end_extract/drive_2/03,0.8607618808746338,False
caption_txt,The vehicle is turning left.,<DATASET_ROOT>/240530090206_M801C06L62G031_2673_end_extract/drive_2/01,0.8822187185287476,True
caption_txt,The vehicle is turning left.,<DATASET_ROOT>/241018130234_M801C06L62G031_2673_end_extract/drive_16/02,0.85921710729599,False
caption_txt,The vehicle is turning left.,<DATASET_ROOT>/241018130234_M801C06L62G031_2673_end_extract/drive_17/01,0.8568334579467773,False
caption_txt,The vehicle is turning left.,<DATASET_ROOT>/241018130234_M801C06L62G031_2673_end_extract/drive_14/01,0.8634478449821472,False
caption_txt,The vehicle is turning left.,<DATASET_ROOT>/231106095132_M801C06L62G031_2673_end_extract/drive_2/01,0.8738898634910583,False
caption_txt,The vehicle is turning left.,<DATASET_ROOT>/240322135559_M801C06L62G031_2673_end_extract/drive_17/02,0.8457261919975281,False
caption_txt,The vehicle is turning left.,<DATASET_ROOT>/241018130234_M801C06L62G031_2673_end_extract/drive_16/03,0.8768519759178162,False
caption_txt,The vehicle is turning left.,<DATASET_ROOT>/241018130234_M801C06L62G031_2673_end_extract/drive_18/04,0.8558040857315063,False
caption_txt,The vehicle is turning left.,<DATASET_ROOT>/241018130234_M801C06L62G031_2673_end_extract/drive_14/04,0.8585339784622192,False
caption_txt,The vehicle is turning left.,<DATASET_ROOT>/240530090206_M801C06L62G031_2673_end_extract/drive_16/03,0.8728222846984863,False
caption_txt,The vehicle is turning left.,<DATASET_ROOT>/231106095132_M801C06L62G031_2673_end_extract/drive_1/01,0.753538191318512,False
caption_txt,The vehicle is turning left.,<DATASET_ROOT>/231106095132_M801C06L62G031_2673_end_extract/drive_1/04,0.8595045804977417,False
caption_txt,The vehicle is turning left.,<DATASET_ROOT>/240322135559_M801C06L62G031_2673_end_extract/drive_8/03,0.8277868628501892,True
caption_txt,The vehicle is turning left.,<DATASET_ROOT>/241018130234_M801C06L62G031_2673_end_extract/drive_15/02,0.8688690066337585,False
caption_txt,The vehicle is turning left.,<DATASET_ROOT>/240530090206_M801C06L62G031_2673_end_extract/drive_15/02,0.8627907633781433,False
caption_txt,The vehicle is turning left.,<DATASET_ROOT>/241018130234_M801C06L62G031_2673_end_extract/drive_15/01,0.8631240129470825,False
caption_txt,The vehicle is turning left.,<DATASET_ROOT>/241018130234_M801C06L62G031_2673_end_extract/drive_14/02,0.8658707737922668,False
caption_txt,The vehicle is turning left.,<DATASET_ROOT>/241018130234_M801C06L62G031_2673_end_extract/drive_18/03,0.8280600905418396,False
caption_txt,The vehicle is turning left.,<DATASET_ROOT>/240529140943_M801C06L62G031_2673_end_extract/drive_18/03,0.8920807242393494,False
caption_txt,The vehicle is turning left.,<DATASET_ROOT>/240205170303_M801C06L62G031_2673_end_extract/drive_1/04,0.9088166952133179,False
caption_txt,The vehicle is turning left.,<DATASET_ROOT>/240205094744_M801C06L62G031_2673_end_extract/drive_2/01,0.8282533884048462,False
caption_txt,The vehicle is turning left.,<DATASET_ROOT>/240322135559_M801C06L62G031_2673_end_extract/drive_14/02,0.8709944486618042,False
caption_txt,The vehicle is turning left.,<DATASET_ROOT>/241018130234_M801C06L62G031_2673_end_extract/drive_17/02,0.7956416010856628,False
caption_txt,The vehicle is turning left.,<DATASET_ROOT>/240205094744_M801C06L62G031_2673_end_extract/drive_1/04,0.8707959055900574,False
caption_txt,The vehicle is turning left.,<DATASET_ROOT>/241018130234_M801C06L62G031_2673_end_extract/drive_14/03,0.8278538584709167,False
caption_txt,The vehicle is turning left.,<DATASET_ROOT>/241018130234_M801C06L62G031_2673_end_extract/drive_13/02,0.8696866035461426,False
caption_txt,The vehicle is turning left.,<DATASET_ROOT>/240325141234_M801C06L62G031_2673_end_extract/drive_6/02,0.8774610757827759,True
caption_txt,The vehicle is turning left.,<DATASET_ROOT>/240530090206_M801C06L62G031_2673_end_extract/drive_20/04,0.887484073638916,False
caption_txt,The vehicle is turning left.,<DATASET_ROOT>/240822134456_M801C06L62G031_2673_end_extract/drive_10/03,0.9050624966621399,True
caption_txt,The vehicle is turning left.,<DATASET_ROOT>/240529140943_M801C06L62G031_2673_end_extract/drive_4/02,0.8796048760414124,True
caption_txt,The vehicle is turning left.,<DATASET_ROOT>/241018102947_M801C06L62G031_2673_end_extract/drive_5/03,0.8598676919937134,False
caption_txt,The vehicle is turning left.,<DATASET_ROOT>/240205170303_M801C06L62G031_2673_end_extract/drive_1/03,0.8715693950653076,False
caption_txt,The vehicle is turning left.,<DATASET_ROOT>/231106095132_M801C06L62G031_2673_end_extract/drive_2/04,0.860558271408081,False
caption_txt,The vehicle is turning left.,<DATASET_ROOT>/240530090206_M801C06L62G031_2673_end_extract/drive_21/02,0.8664712905883789,False
caption_txt,The vehicle is turning left.,<DATASET_ROOT>/241018102947_M801C06L62G031_2673_end_extract/drive_5/02,0.8567293882369995,False
caption_txt,The vehicle is turning left.,<DATASET_ROOT>/241018130234_M801C06L62G031_2673_end_extract/drive_13/01,0.8054805397987366,False
caption_txt,The vehicle is turning left.,<DATASET_ROOT>/240205094744_M801C06L62G031_2673_end_extract/drive_2/04,0.8262197971343994,False
caption_txt,The vehicle is turning left.,<DATASET_ROOT>/240530090206_M801C06L62G031_2673_end_extract/drive_1/02,0.8584198951721191,False
caption_txt,The vehicle is turning left.,<DATASET_ROOT>/241018130234_M801C06L62G031_2673_end_extract/drive_15/04,0.847106397151947,False
caption_txt,The vehicle is turning left.,<DATASET_ROOT>/241018130234_M801C06L62G031_2673_end_extract/drive_18/01,0.8430569171905518,False
caption_txt,The vehicle is turning left.,<DATASET_ROOT>/240205094744_M801C06L62G031_2673_end_extract/drive_2/02,0.8816612958908081,False
caption_txt,The vehicle is turning left.,<DATASET_ROOT>/240529140943_M801C06L62G031_2673_end_extract/drive_26/04,0.8962542414665222,False
caption_txt,The vehicle is turning left.,<DATASET_ROOT>/240529140943_M801C06L62G031_2673_end_extract/drive_15/03,0.879083514213562,False
caption_txt,The vehicle is turning left.,<DATASET_ROOT>/241018130234_M801C06L62G031_2673_end_extract/drive_7/02,0.8606449961662292,False
caption_txt,The vehicle is turning left.,<DATASET_ROOT>/240529140943_M801C06L62G031_2673_end_extract/drive_15/04,0.8409328460693359,False
caption_txt,The vehicle is turning left.,<DATASET_ROOT>/240822084904_M801C06L62G031_2673_end_extract/drive_5/03,0.8645426034927368,False
caption_txt,The vehicle is turning left.,<DATASET_ROOT>/240822084904_M801C06L62G031_2673_end_extract/drive_22/03,0.8671311736106873,False
caption_txt,The vehicle is turning left.,<DATASET_ROOT>/240822084904_M801C06L62G031_2673_end_extract/drive_6/03,0.9067999124526978,False
caption_txt,The vehicle is turning left.,<DATASET_ROOT>/231116093002_M801C06L62G031_2673_end_extract/drive_4/02,0.8700224757194519,False
caption_txt,The vehicle is turning left.,<DATASET_ROOT>/240325141234_M801C06L62G031_2673_end_extract/drive_13/01,0.8189488053321838,False
caption_txt,The vehicle is turning left.,<DATASET_ROOT>/240529140943_M801C06L62G031_2673_end_extract/drive_21/01,0.8267219066619873,False
caption_txt,The vehicle is turning left.,<DATASET_ROOT>/231116093002_M801C06L62G031_2673_end_extract/drive_1/03,0.8633763194084167,False
caption_txt,The vehicle is turning left.,<DATASET_ROOT>/240322135559_M801C06L62G031_2673_end_extract/drive_21/02,0.8760513067245483,False
caption_txt,The vehicle is turning left.,<DATASET_ROOT>/240822084904_M801C06L62G031_2673_end_extract/drive_18/03,0.8727742433547974,False
caption_txt,The vehicle is turning left.,<DATASET_ROOT>/240322135559_M801C06L62G031_2673_end_extract/drive_15/01,0.8634858727455139,False
caption_txt,The vehicle is turning left.,<DATASET_ROOT>/241018102947_M801C06L62G031_2673_end_extract/drive_4/01,0.8785029053688049,False
caption_txt,The vehicle is turning left.,<DATASET_ROOT>/240822084904_M801C06L62G031_2673_end_extract/drive_6/01,0.8740060925483704,False
caption_txt,The vehicle is turning left.,<DATASET_ROOT>/241018130234_M801C06L62G031_2673_end_extract/drive_11/01,0.8446444869041443,False
caption_txt,The vehicle is turning left.,<DATASET_ROOT>/240325141234_M801C06L62G031_2673_end_extract/drive_11/02,0.8656925559043884,False
caption_txt,The vehicle is turning left.,<DATASET_ROOT>/240822134456_M801C06L62G031_2673_end_extract/drive_10/04,0.8128300905227661,False
caption_txt,The vehicle is turning left.,<DATASET_ROOT>/240529140943_M801C06L62G031_2673_end_extract/drive_31/03,0.8628417253494263,False
caption_txt,The vehicle is turning left.,<DATASET_ROOT>/240822134456_M801C06L62G031_2673_end_extract/drive_8/03,0.9000348448753357,False
caption_txt,The vehicle is turning left.,<DATASET_ROOT>/240530090206_M801C06L62G031_2673_end_extract/drive_24/04,0.8559024333953857,False
caption_txt,The vehicle is stopped.,<DATASET_ROOT>/240529140943_M801C06L62G031_2673_end_extract/drive_19/02,0.8396867513656616,False
caption_txt,The vehicle is stopped.,<DATASET_ROOT>/241018130234_M801C06L62G031_2673_end_extract/drive_16/04,0.8697094917297363,False
caption_txt,The vehicle is stopped.,<DATASET_ROOT>/240205094744_M801C06L62G031_2673_end_extract/drive_1/02,0.837956428527832,False
caption_txt,The vehicle is stopped.,<DATASET_ROOT>/231106095132_M801C06L62G031_2673_end_extract/drive_2/03,0.8005412817001343,False
caption_txt,The vehicle is stopped.,<DATASET_ROOT>/240529140943_M801C06L62G031_2673_end_extract/drive_27/02,0.856974184513092,False
caption_txt,The vehicle is stopped.,<DATASET_ROOT>/240529140943_M801C06L62G031_2673_end_extract/drive_14/03,0.8651794195175171,False
caption_txt,The vehicle is stopped.,<DATASET_ROOT>/240205094744_M801C06L62G031_2673_end_extract/drive_1/01,0.8094402551651001,False
caption_txt,The vehicle is stopped.,<DATASET_ROOT>/240530090206_M801C06L62G031_2673_end_extract/drive_16/01,0.8577570915222168,False
caption_txt,The vehicle is stopped.,<DATASET_ROOT>/241018130234_M801C06L62G031_2673_end_extract/drive_18/02,0.8555066585540771,False
caption_txt,The vehicle is stopped.,<DATASET_ROOT>/241018130234_M801C06L62G031_2673_end_extract/drive_13/04,0.8579531908035278,False
caption_txt,The vehicle is stopped.,<DATASET_ROOT>/240530090206_M801C06L62G031_2673_end_extract/drive_16/02,0.8018810153007507,False
caption_txt,The vehicle is stopped.,<DATASET_ROOT>/241018130234_M801C06L62G031_2673_end_extract/drive_16/01,0.8682791590690613,False
caption_txt,The vehicle is stopped.,<DATASET_ROOT>/240205170303_M801C06L62G031_2673_end_extract/drive_2/02,0.860672652721405,False
caption_txt,The vehicle is stopped.,<DATASET_ROOT>/240822084904_M801C06L62G031_2673_end_extract/drive_18/02,0.8572888374328613,False
caption_txt,The vehicle is stopped.,<DATASET_ROOT>/240530090206_M801C06L62G031_2673_end_extract/drive_16/04,0.8601848483085632,False
caption_txt,The vehicle is stopped.,<DATASET_ROOT>/240322135559_M801C06L62G031_2673_end_extract/drive_13/01,0.8258312940597534,False
caption_txt,The vehicle is stopped.,<DATASET_ROOT>/241018102947_M801C06L62G031_2673_end_extract/drive_5/01,0.8445208072662354,False
caption_txt,The vehicle is stopped.,<DATASET_ROOT>/241018130234_M801C06L62G031_2673_end_extract/drive_17/03,0.8305047154426575,False
caption_txt,The vehicle is stopped.,<DATASET_ROOT>/240205094744_M801C06L62G031_2673_end_extract/drive_1/03,0.8313757181167603,False
caption_txt,The vehicle is stopped.,<DATASET_ROOT>/240205094744_M801C06L62G031_2673_end_extract/drive_2/03,0.8657917976379395,False
caption_txt,The vehicle is stopped.,<DATASET_ROOT>/241018130234_M801C06L62G031_2673_end_extract/drive_13/03,0.9053162932395935,False
caption_txt,The vehicle is stopped.,<DATASET_ROOT>/241018130234_M801C06L62G031_2673_end_extract/drive_15/03,0.8749027848243713,False
caption_txt,The vehicle is stopped.,<DATASET_ROOT>/240205170303_M801C06L62G031_2673_end_extract/drive_1/01,0.8481501340866089,True
caption_txt,The vehicle is stopped.,<DATASET_ROOT>/241018130234_M801C06L62G031_2673_end_extract/drive_17/04,0.866455614566803,False
caption_txt,The vehicle is stopped.,<DATASET_ROOT>/240529140943_M801C06L62G031_2673_end_extract/drive_27/04,0.8165136575698853,False
caption_txt,The vehicle is stopped.,<DATASET_ROOT>/240530090206_M801C06L62G031_2673_end_extract/drive_7/02,0.8585299253463745,False
caption_txt,The vehicle is stopped.,<DATASET_ROOT>/231106095132_M801C06L62G031_2673_end_extract/drive_1/02,0.8075485229492188,False
caption_txt,The vehicle is stopped.,<DATASET_ROOT>/241018102947_M801C06L62G031_2673_end_extract/drive_5/04,0.8464915752410889,False
caption_txt,The vehicle is stopped.,<DATASET_ROOT>/240205170303_M801C06L62G031_2673_end_extract/drive_1/02,0.7985569834709167,False
caption_txt,The vehicle is stopped.,<DATASET_ROOT>/240205170303_M801C06L62G031_2673_end_extract/drive_2/01,0.8427256941795349,True
caption_txt,The vehicle is stopped.,<DATASET_ROOT>/240529140943_M801C06L62G031_2673_end_extract/drive_3/01,0.8129670023918152,False
caption_txt,The vehicle is stopped.,<DATASET_ROOT>/240529140943_M801C06L62G031_2673_end_extract/drive_11/04,0.8435924649238586,False
caption_txt,The vehicle is stopped.,<DATASET_ROOT>/231106095132_M801C06L62G031_2673_end_extract/drive_2/02,0.8368976712226868,False
caption_txt,The vehicle is stopped.,<DATASET_ROOT>/240325141234_M801C06L62G031_2673_end_extract/drive_6/03,0.8583137392997742,False
caption_txt,The vehicle is stopped.,<DATASET_ROOT>/231106095132_M801C06L62G031_2673_end_extract/drive_1/03,0.8467543721199036,False
caption_txt,The vehicle is stopped.,<DATASET_ROOT>/240205170303_M801C06L62G031_2673_end_extract/drive_2/04,0.8636419177055359,False
caption_txt,The vehicle is stopped.,<DATASET_ROOT>/240205170303_M801C06L62G031_2673_end_extract/drive_2/03,0.8583681583404541,False
caption_txt,The vehicle is stopped.,<DATASET_ROOT>/240530090206_M801C06L62G031_2673_end_extract/drive_2/01,0.8863469958305359,False
caption_txt,The vehicle is stopped.,<DATASET_ROOT>/241018130234_M801C06L62G031_2673_end_extract/drive_16/02,0.8548404574394226,False
caption_txt,The vehicle is stopped.,<DATASET_ROOT>/241018130234_M801C06L62G031_2673_end_extract/drive_17/01,0.8532284498214722,False
caption_txt,The vehicle is stopped.,<DATASET_ROOT>/241018130234_M801C06L62G031_2673_end_extract/drive_14/01,0.8547008633613586,False
caption_txt,The vehicle is stopped.,<DATASET_ROOT>/231106095132_M801C06L62G031_2673_end_extract/drive_2/01,0.8668373823165894,True
caption_txt,The vehicle is stopped.,<DATASET_ROOT>/240322135559_M801C06L62G031_2673_end_extract/drive_17/02,0.8294875621795654,False
caption_txt,The vehicle is stopped.,<DATASET_ROOT>/241018130234_M801C06L62G031_2673_end_extract/drive_16/03,0.8725563883781433,False
caption_txt,The vehicle is stopped.,<DATASET_ROOT>/241018130234_M801C06L62G031_2673_end_extract/drive_18/04,0.8557561039924622,False
caption_txt,The vehicle is stopped.,<DATASET_ROOT>/241018130234_M801C06L62G031_2673_end_extract/drive_14/04,0.8587038516998291,False
caption_txt,The vehicle is stopped.,<DATASET_ROOT>/240530090206_M801C06L62G031_2673_end_extract/drive_16/03,0.8588804006576538,False
caption_txt,The vehicle is stopped.,<DATASET_ROOT>/231106095132_M801C06L62G031_2673_end_extract/drive_1/01,0.7369274497032166,False
caption_txt,The vehicle is stopped.,<DATASET_ROOT>/231106095132_M801C06L62G031_2673_end_extract/drive_1/04,0.8399673700332642,False
caption_txt,The vehicle is stopped.,<DATASET_ROOT>/240322135559_M801C06L62G031_2673_end_extract/drive_8/03,0.816611647605896,False
caption_txt,The vehicle is stopped.,<DATASET_ROOT>/241018130234_M801C06L62G031_2673_end_extract/drive_15/02,0.8620991110801697,False
caption_txt,The vehicle is stopped.,<DATASET_ROOT>/240530090206_M801C06L62G031_2673_end_extract/drive_15/02,0.8610296249389648,False
caption_txt,The vehicle is stopped.,<DATASET_ROOT>/241018130234_M801C06L62G031_2673_end_extract/drive_15/01,0.8517910242080688,False
caption_txt,The vehicle is stopped.,<DATASET_ROOT>/241018130234_M801C06L62G031_2673_end_extract/drive_14/02,0.8524519205093384,False
caption_txt,The vehicle is stopped.,<DATASET_ROOT>/241018130234_M801C06L62G031_2673_end_extract/drive_18/03,0.8146758079528809,False
caption_txt,The vehicle is stopped.,<DATASET_ROOT>/240529140943_M801C06L62G031_2673_end_extract/drive_18/03,0.8564526438713074,False
caption_txt,The vehicle is stopped.,<DATASET_ROOT>/240205170303_M801C06L62G031_2673_end_extract/drive_1/04,0.8999543786048889,False
caption_txt,The vehicle is stopped.,<DATASET_ROOT>/240205094744_M801C06L62G031_2673_end_extract/drive_2/01,0.790272057056427,False
caption_txt,The vehicle is stopped.,<DATASET_ROOT>/240322135559_M801C06L62G031_2673_end_extract/drive_14/02,0.8331639766693115,False
caption_txt,The vehicle is stopped.,<DATASET_ROOT>/241018130234_M801C06L62G031_2673_end_extract/drive_17/02,0.7723078727722168,False
caption_txt,The vehicle is stopped.,<DATASET_ROOT>/240205094744_M801C06L62G031_2673_end_extract/drive_1/04,0.8670851588249207,False
caption_txt,The vehicle is stopped.,<DATASET_ROOT>/241018130234_M801C06L62G031_2673_end_extract/drive_14/03,0.8109481334686279,False
caption_txt,The vehicle is stopped.,<DATASET_ROOT>/241018130234_M801C06L62G031_2673_end_extract/drive_13/02,0.8467367887496948,True
caption_txt,The vehicle is stopped.,<DATASET_ROOT>/240325141234_M801C06L62G031_2673_end_extract/drive_6/02,0.8300884366035461,False
caption_txt,The vehicle is stopped.,<DATASET_ROOT>/240530090206_M801C06L62G031_2673_end_extract/drive_20/04,0.8848400712013245,False
caption_txt,The vehicle is stopped.,<DATASET_ROOT>/240822134456_M801C06L62G031_2673_end_extract/drive_10/03,0.8741605877876282,False
caption_txt,The vehicle is stopped.,<DATASET_ROOT>/240529140943_M801C06L62G031_2673_end_extract/drive_4/02,0.8804048299789429,False
caption_txt,The vehicle is stopped.,<DATASET_ROOT>/241018102947_M801C06L62G031_2673_end_extract/drive_5/03,0.8489617109298706,False
caption_txt,The vehicle is stopped.,<DATASET_ROOT>/240205170303_M801C06L62G031_2673_end_extract/drive_1/03,0.8645575046539307,False
caption_txt,The vehicle is stopped.,<DATASET_ROOT>/231106095132_M801C06L62G031_2673_end_extract/drive_2/04,0.8605700731277466,False
caption_txt,The vehicle is stopped.,<DATASET_ROOT>/240530090206_M801C06L62G031_2673_end_extract/drive_21/02,0.8528198003768921,False
caption_txt,The vehicle is stopped.,<DATASET_ROOT>/241018102947_M801C06L62G031_2673_end_extract/drive_5/02,0.8405870795249939,False
caption_txt,The vehicle is stopped.,<DATASET_ROOT>/241018130234_M801C06L62G031_2673_end_extract/drive_13/01,0.8087961077690125,True
caption_txt,The vehicle is stopped.,<DATASET_ROOT>/240205094744_M801C06L62G031_2673_end_extract/drive_2/04,0.831398606300354,False
caption_txt,The vehicle is stopped.,<DATASET_ROOT>/240530090206_M801C06L62G031_2673_end_extract/drive_1/02,0.825223445892334,False
caption_txt,The vehicle is stopped.,<DATASET_ROOT>/241018130234_M801C06L62G031_2673_end_extract/drive_15/04,0.8168424963951111,False
caption_txt,The vehicle is stopped.,<DATASET_ROOT>/241018130234_M801C06L62G031_2673_end_extract/drive_18/01,0.807056725025177,False
caption_txt,The vehicle is stopped.,<DATASET_ROOT>/240205094744_M801C06L62G031_2673_end_extract/drive_2/02,0.8830086588859558,False
caption_txt,The vehicle is stopped.,<DATASET_ROOT>/240529140943_M801C06L62G031_2673_end_extract/drive_26/04,0.8897348642349243,False
caption_txt,The vehicle is stopped.,<DATASET_ROOT>/240529140943_M801C06L62G031_2673_end_extract/drive_15/03,0.8549109101295471,False
caption_txt,The vehicle is stopped.,<DATASET_ROOT>/241018130234_M801C06L62G031_2673_end_extract/drive_7/02,0.850224494934082,False
caption_txt,The vehicle is stopped.,<DATASET_ROOT>/240529140943_M801C06L62G031_2673_end_extract/drive_15/04,0.8280445337295532,True
caption_txt,The vehicle is stopped.,<DATASET_ROOT>/240822084904_M801C06L62G031_2673_end_extract/drive_5/03,0.8688164949417114,False
caption_txt,The vehicle is stopped.,<DATASET_ROOT>/240822084904_M801C06L62G031_2673_end_extract/drive_22/03,0.8493881821632385,False
caption_txt,The vehicle is stopped.,<DATASET_ROOT>/240822084904_M801C06L62G031_2673_end_extract/drive_6/03,0.8660778403282166,False
caption_txt,The vehicle is stopped.,<DATASET_ROOT>/231116093002_M801C06L62G031_2673_end_extract/drive_4/02,0.8514028787612915,False
caption_txt,The vehicle is stopped.,<DATASET_ROOT>/240325141234_M801C06L62G031_2673_end_extract/drive_13/01,0.7898619174957275,True
caption_txt,The vehicle is stopped.,<DATASET_ROOT>/240529140943_M801C06L62G031_2673_end_extract/drive_21/01,0.8060998320579529,False
caption_txt,The vehicle is stopped.,<DATASET_ROOT>/231116093002_M801C06L62G031_2673_end_extract/drive_1/03,0.8564795255661011,False
caption_txt,The vehicle is stopped.,<DATASET_ROOT>/240322135559_M801C06L62G031_2673_end_extract/drive_21/02,0.8673230409622192,False
caption_txt,The vehicle is stopped.,<DATASET_ROOT>/240822084904_M801C06L62G031_2673_end_extract/drive_18/03,0.8672009706497192,False
caption_txt,The vehicle is stopped.,<DATASET_ROOT>/240322135559_M801C06L62G031_2673_end_extract/drive_15/01,0.8529945611953735,True
caption_txt,The vehicle is stopped.,<DATASET_ROOT>/241018102947_M801C06L62G031_2673_end_extract/drive_4/01,0.8824832439422607,True
caption_txt,The vehicle is stopped.,<DATASET_ROOT>/240822084904_M801C06L62G031_2673_end_extract/drive_6/01,0.867799699306488,False
caption_txt,The vehicle is stopped.,<DATASET_ROOT>/241018130234_M801C06L62G031_2673_end_extract/drive_11/01,0.8142251968383789,True
caption_txt,The vehicle is stopped.,<DATASET_ROOT>/240325141234_M801C06L62G031_2673_end_extract/drive_11/02,0.8481308817863464,False
caption_txt,The vehicle is stopped.,<DATASET_ROOT>/240822134456_M801C06L62G031_2673_end_extract/drive_10/04,0.7935705184936523,False
caption_txt,The vehicle is stopped.,<DATASET_ROOT>/240529140943_M801C06L62G031_2673_end_extract/drive_31/03,0.8636419177055359,False
caption_txt,The vehicle is stopped.,<DATASET_ROOT>/240822134456_M801C06L62G031_2673_end_extract/drive_8/03,0.8788134455680847,False
caption_txt,The vehicle is stopped.,<DATASET_ROOT>/240530090206_M801C06L62G031_2673_end_extract/drive_24/04,0.8502873182296753,True
caption_txt,The car drives through a tunnel.,<DATASET_ROOT>/240529140943_M801C06L62G031_2673_end_extract/drive_19/02,0.7641483545303345,False
caption_txt,The car drives through a tunnel.,<DATASET_ROOT>/241018130234_M801C06L62G031_2673_end_extract/drive_16/04,0.7764196991920471,False
caption_txt,The car drives through a tunnel.,<DATASET_ROOT>/240205094744_M801C06L62G031_2673_end_extract/drive_1/02,0.8883684277534485,True
caption_txt,The car drives through a tunnel.,<DATASET_ROOT>/231106095132_M801C06L62G031_2673_end_extract/drive_2/03,0.8320506811141968,True
caption_txt,The car drives through a tunnel.,<DATASET_ROOT>/240529140943_M801C06L62G031_2673_end_extract/drive_27/02,0.7713425755500793,False
caption_txt,The car drives through a tunnel.,<DATASET_ROOT>/240529140943_M801C06L62G031_2673_end_extract/drive_14/03,0.7770056128501892,False
caption_txt,The car drives through a tunnel.,<DATASET_ROOT>/240205094744_M801C06L62G031_2673_end_extract/drive_1/01,0.8980737924575806,True
caption_txt,The car drives through a tunnel.,<DATASET_ROOT>/240530090206_M801C06L62G031_2673_end_extract/drive_16/01,0.8381920456886292,True
caption_txt,The car drives through a tunnel.,<DATASET_ROOT>/241018130234_M801C06L62G031_2673_end_extract/drive_18/02,0.7526553869247437,False
caption_txt,The car drives through a tunnel.,<DATASET_ROOT>/241018130234_M801C06L62G031_2673_end_extract/drive_13/04,0.7753969430923462,False
caption_txt,The car drives through a tunnel.,<DATASET_ROOT>/240530090206_M801C06L62G031_2673_end_extract/drive_16/02,0.7271460294723511,True
caption_txt,The car drives through a tunnel.,<DATASET_ROOT>/241018130234_M801C06L62G031_2673_end_extract/drive_16/01,0.7876682877540588,False
caption_txt,The car drives through a tunnel.,<DATASET_ROOT>/240205170303_M801C06L62G031_2673_end_extract/drive_2/02,0.7637958526611328,False
caption_txt,The car drives through a tunnel.,<DATASET_ROOT>/240822084904_M801C06L62G031_2673_end_extract/drive_18/02,0.7746990323066711,False
caption_txt,The car drives through a tunnel.,<DATASET_ROOT>/240530090206_M801C06L62G031_2673_end_extract/drive_16/04,0.7679951190948486,True
caption_txt,The car drives through a tunnel.,<DATASET_ROOT>/240322135559_M801C06L62G031_2673_end_extract/drive_13/01,0.7553142309188843,False
caption_txt,The car drives through a tunnel.,<DATASET_ROOT>/241018102947_M801C06L62G031_2673_end_extract/drive_5/01,0.7837956547737122,False
caption_txt,The car drives through a tunnel.,<DATASET_ROOT>/241018130234_M801C06L62G031_2673_end_extract/drive_17/03,0.779441237449646,False
caption_txt,The car drives through a tunnel.,<DATASET_ROOT>/240205094744_M801C06L62G031_2673_end_extract/drive_1/03,0.8697364330291748,True
caption_txt,The car drives through a tunnel.,<DATASET_ROOT>/240205094744_M801C06L62G031_2673_end_extract/drive_2/03,0.8759602308273315,True
caption_txt,The car drives through a tunnel.,<DATASET_ROOT>/241018130234_M801C06L62G031_2673_end_extract/drive_13/03,0.8053541779518127,False
caption_txt,The car drives through a tunnel.,<DATASET_ROOT>/241018130234_M801C06L62G031_2673_end_extract/drive_15/03,0.8211797475814819,False
caption_txt,The car drives through a tunnel.,<DATASET_ROOT>/240205170303_M801C06L62G031_2673_end_extract/drive_1/01,0.7803349494934082,False
caption_txt,The car drives through a tunnel.,<DATASET_ROOT>/241018130234_M801C06L62G031_2673_end_extract/drive_17/04,0.7931654453277588,False
caption_txt,The car drives through a tunnel.,<DATASET_ROOT>/240529140943_M801C06L62G031_2673_end_extract/drive_27/04,0.7333568930625916,False
caption_txt,The car drives through a tunnel.,<DATASET_ROOT>/240530090206_M801C06L62G031_2673_end_extract/drive_7/02,0.7725182175636292,False
caption_txt,The car drives through a tunnel.,<DATASET_ROOT>/231106095132_M801C06L62G031_2673_end_extract/drive_1/02,0.7442156076431274,False
caption_txt,The car drives through a tunnel.,<DATASET_ROOT>/241018102947_M801C06L62G031_2673_end_extract/drive_5/04,0.7505044341087341,False
caption_txt,The car drives through a tunnel.,<DATASET_ROOT>/240205170303_M801C06L62G031_2673_end_extract/drive_1/02,0.7305966019630432,False
caption_txt,The car drives through a tunnel.,<DATASET_ROOT>/240205170303_M801C06L62G031_2673_end_extract/drive_2/01,0.786819577217102,False
caption_txt,The car drives through a tunnel.,<DATASET_ROOT>/240529140943_M801C06L62G031_2673_end_extract/drive_3/01,0.752630352973938,False
caption_txt,The car drives through a tunnel.,<DATASET_ROOT>/240529140943_M801C06L62G031_2673_end_extract/drive_11/04,0.7716081142425537,False
caption_txt,The car drives through a tunnel.,<DATASET_ROOT>/231106095132_M801C06L62G031_2673_end_extract/drive_2/02,0.8532984256744385,True
caption_txt,The car drives through a tunnel.,<DATASET_ROOT>/240325141234_M801C06L62G031_2673_end_extract/drive_6/03,0.811596691608429,False
caption_txt,The car drives through a tunnel.,<DATASET_ROOT>/231106095132_M801C06L62G031_2673_end_extract/drive_1/03,0.7933914065361023,False
caption_txt,The car drives through a tunnel.,<DATASET_ROOT>/240205170303_M801C06L62G031_2673_end_extract/drive_2/04,0.7559053897857666,False
caption_txt,The car drives through a tunnel.,<DATASET_ROOT>/240205170303_M801C06L62G031_2673_end_extract/drive_2/03,0.7686348557472229,False
caption_txt,The car drives through a tunnel.,<DATASET_ROOT>/240530090206_M801C06L62G031_2673_end_extract/drive_2/01,0.7687750458717346,False
caption_txt,The car drives through a tunnel.,<DATASET_ROOT>/241018130234_M801C06L62G031_2673_end_extract/drive_16/02,0.7567527294158936,False
caption_txt,The car drives through a tunnel.,<DATASET_ROOT>/241018130234_M801C06L62G031_2673_end_extract/drive_17/01,0.7744800448417664,False
caption_txt,The car drives through a tunnel.,<DATASET_ROOT>/241018130234_M801C06L62G031_2673_end_extract/drive_14/01,0.7760082483291626,False
caption_txt,The car drives through a tunnel.,<DATASET_ROOT>/231106095132_M801C06L62G031_2673_end_extract/drive_2/01,0.8232618570327759,True
caption_txt,The car drives through a tunnel.,<DATASET_ROOT>/240322135559_M801C06L62G031_2673_end_extract/drive_17/02,0.7534809112548828,False
caption_txt,The car drives through a tunnel.,<DATASET_ROOT>/241018130234_M801C06L62G031_2673_end_extract/drive_16/03,0.7913158535957336,False
caption_txt,The car drives through a tunnel.,<DATASET_ROOT>/241018130234_M801C06L62G031_2673_end_extract/drive_18/04,0.7666116952896118,False
caption_txt,The car drives through a tunnel.,<DATASET_ROOT>/241018130234_M801C06L62G031_2673_end_extract/drive_14/04,0.7899035811424255,False
caption_txt,The car drives through a tunnel.,<DATASET_ROOT>/240530090206_M801C06L62G031_2673_end_extract/drive_16/03,0.8745847344398499,True
caption_txt,The car drives through a tunnel.,<DATASET_ROOT>/231106095132_M801C06L62G031_2673_end_extract/drive_1/01,0.6794301271438599,False
caption_txt,The car drives through a tunnel.,<DATASET_ROOT>/231106095132_M801C06L62G031_2673_end_extract/drive_1/04,0.7940354943275452,False
caption_txt,The car drives through a tunnel.,<DATASET_ROOT>/240322135559_M801C06L62G031_2673_end_extract/drive_8/03,0.7664568424224854,False
caption_txt,The car drives through a tunnel.,<DATASET_ROOT>/241018130234_M801C06L62G031_2673_end_extract/drive_15/02,0.7951916456222534,False
caption_txt,The car drives through a tunnel.,<DATASET_ROOT>/240530090206_M801C06L62G031_2673_end_extract/drive_15/02,0.7641379833221436,False
caption_txt,The car drives through a tunnel.,<DATASET_ROOT>/241018130234_M801C06L62G031_2673_end_extract/drive_15/01,0.771571934223175,False
caption_txt,The car drives through a tunnel.,<DATASET_ROOT>/241018130234_M801C06L62G031_2673_end_extract/drive_14/02,0.7679587006568909,False
caption_txt,The car drives through a tunnel.,<DATASET_ROOT>/241018130234_M801C06L62G031_2673_end_extract/drive_18/03,0.7448421716690063,False
caption_txt,The car drives through a tunnel.,<DATASET_ROOT>/240529140943_M801C06L62G031_2673_end_extract/drive_18/03,0.7761427164077759,False
caption_txt,The car drives through a tunnel.,<DATASET_ROOT>/240205170303_M801C06L62G031_2673_end_extract/drive_1/04,0.814970076084137,False
caption_txt,The car drives through a tunnel.,<DATASET_ROOT>/240205094744_M801C06L62G031_2673_end_extract/drive_2/01,0.8629035949707031,True
caption_txt,The car drives through a tunnel.,<DATASET_ROOT>/240322135559_M801C06L62G031_2673_end_extract/drive_14/02,0.7539486885070801,False
caption_txt,The car drives through a tunnel.,<DATASET_ROOT>/241018130234_M801C06L62G031_2673_end_extract/drive_17/02,0.7290991544723511,False
caption_txt,The car drives through a tunnel.,<DATASET_ROOT>/240205094744_M801C06L62G031_2673_end_extract/drive_1/04,0.8614677786827087,True
caption_txt,The car drives through a tunnel.,<DATASET_ROOT>/241018130234_M801C06L62G031_2673_end_extract/drive_14/03,0.7550801038742065,False
caption_txt,The car drives through a tunnel.,<DATASET_ROOT>/241018130234_M801C06L62G031_2673_end_extract/drive_13/02,0.7881690263748169,False
caption_txt,The car drives through a tunnel.,<DATASET_ROOT>/240325141234_M801C06L62G031_2673_end_extract/drive_6/02,0.7838590145111084,False
caption_txt,The car drives through a tunnel.,<DATASET_ROOT>/240530090206_M801C06L62G031_2673_end_extract/drive_20/04,0.7759600281715393,False
caption_txt,The car drives through a tunnel.,<DATASET_ROOT>/240822134456_M801C06L62G031_2673_end_extract/drive_10/03,0.7945159673690796,False
caption_txt,The car drives through a tunnel.,<DATASET_ROOT>/240529140943_M801C06L62G031_2673_end_extract/drive_4/02,0.7786958813667297,False
caption_txt,The car drives through a tunnel.,<DATASET_ROOT>/241018102947_M801C06L62G031_2673_end_extract/drive_5/03,0.7630653381347656,False
caption_txt,The car drives through a tunnel.,<DATASET_ROOT>/240205170303_M801C06L62G031_2673_end_extract/drive_1/03,0.7869499325752258,False
caption_txt,The car drives through a tunnel.,<DATASET_ROOT>/231106095132_M801C06L62G031_2673_end_extract/drive_2/04,0.8825459480285645,True
caption_txt,The car drives through a tunnel.,<DATASET_ROOT>/240530090206_M801C06L62G031_2673_end_extract/drive_21/02,0.7539684772491455,False
caption_txt,The car drives through a tunnel.,<DATASET_ROOT>/241018102947_M801C06L62G031_2673_end_extract/drive_5/02,0.7628060579299927,False
caption_txt,The car drives through a tunnel.,<DATASET_ROOT>/241018130234_M801C06L62G031_2673_end_extract/drive_13/01,0.7269493341445923,False
caption_txt,The car drives through a tunnel.,<DATASET_ROOT>/240205094744_M801C06L62G031_2673_end_extract/drive_2/04,0.7399016618728638,True
caption_txt,The car drives through a tunnel.,<DATASET_ROOT>/240530090206_M801C06L62G031_2673_end_extract/drive_1/02,0.7626477479934692,False
caption_txt,The car drives through a tunnel.,<DATASET_ROOT>/241018130234_M801C06L62G031_2673_end_extract/drive_15/04,0.7466181516647339,False
caption_txt,The car drives through a tunnel.,<DATASET_ROOT>/241018130234_M801C06L62G031_2673_end_extract/drive_18/01,0.7505348920822144,False
caption_txt,The car drives through a tunnel.,<DATASET_ROOT>/240205094744_M801C06L62G031_2673_end_extract/drive_2/02,0.852128803730011,True
caption_txt,The car drives through a tunnel.,<DATASET_ROOT>/240529140943_M801C06L62G031_2673_end_extract/drive_26/04,0.782631516456604,False
caption_txt,The car drives through a tunnel.,<DATASET_ROOT>/240529140943_M801C06L62G031_2673_end_extract/drive_15/03,0.7727107405662537,False
caption_txt,The car drives through a tunnel.,<DATASET_ROOT>/241018130234_M801C06L62G031_2673_end_extract/drive_7/02,0.7728760838508606,False
caption_txt,The car drives through a tunnel.,<DATASET_ROOT>/240529140943_M801C06L62G031_2673_end_extract/drive_15/04,0.7562600374221802,False
caption_txt,The car drives through a tunnel.,<DATASET_ROOT>/240822084904_M801C06L62G031_2673_end_extract/drive_5/03,0.7637937068939209,False
caption_txt,The car drives through a tunnel.,<DATASET_ROOT>/240822084904_M801C06L62G031_2673_end_extract/drive_22/03,0.7890408635139465,False
caption_txt,The car drives through a tunnel.,<DATASET_ROOT>/240822084904_M801C06L62G031_2673_end_extract/drive_6/03,0.7989253401756287,False
caption_txt,The car drives through a tunnel.,<DATASET_ROOT>/231116093002_M801C06L62G031_2673_end_extract/drive_4/02,0.7897457480430603,False
caption_txt,The car drives through a tunnel.,<DATASET_ROOT>/240325141234_M801C06L62G031_2673_end_extract/drive_13/01,0.7275515794754028,False
caption_txt,The car drives through a tunnel.,<DATASET_ROOT>/240529140943_M801C06L62G031_2673_end_extract/drive_21/01,0.744091808795929,False
caption_txt,The car drives through a tunnel.,<DATASET_ROOT>/231116093002_M801C06L62G031_2673_end_extract/drive_1/03,0.767941415309906,False
caption_txt,The car drives through a tunnel.,<DATASET_ROOT>/240322135559_M801C06L62G031_2673_end_extract/drive_21/02,0.7895469069480896,False
caption_txt,The car drives through a tunnel.,<DATASET_ROOT>/240822084904_M801C06L62G031_2673_end_extract/drive_18/03,0.7720488905906677,False
caption_txt,The car drives through a tunnel.,<DATASET_ROOT>/240322135559_M801C06L62G031_2673_end_extract/drive_15/01,0.7764490842819214,False
caption_txt,The car drives through a tunnel.,<DATASET_ROOT>/241018102947_M801C06L62G031_2673_end_extract/drive_4/01,0.7561947107315063,False
caption_txt,The car drives through a tunnel.,<DATASET_ROOT>/240822084904_M801C06L62G031_2673_end_extract/drive_6/01,0.7891057133674622,False
caption_txt,The car drives through a tunnel.,<DATASET_ROOT>/241018130234_M801C06L62G031_2673_end_extract/drive_11/01,0.7595959901809692,False
caption_txt,The car drives through a tunnel.,<DATASET_ROOT>/240325141234_M801C06L62G031_2673_end_extract/drive_11/02,0.7635526061058044,False
caption_txt,The car drives through a tunnel.,<DATASET_ROOT>/240822134456_M801C06L62G031_2673_end_extract/drive_10/04,0.7249425053596497,False
caption_txt,The car drives through a tunnel.,<DATASET_ROOT>/240529140943_M801C06L62G031_2673_end_extract/drive_31/03,0.768537700176239,False
caption_txt,The car drives through a tunnel.,<DATASET_ROOT>/240822134456_M801C06L62G031_2673_end_extract/drive_8/03,0.8035804629325867,False
caption_txt,The car drives through a tunnel.,<DATASET_ROOT>/240530090206_M801C06L62G031_2673_end_extract/drive_24/04,0.7674813270568848,False
caption_txt,The car crosses a bridge.,<DATASET_ROOT>/240529140943_M801C06L62G031_2673_end_extract/drive_19/02,0.7899646759033203,False
caption_txt,The car crosses a bridge.,<DATASET_ROOT>/241018130234_M801C06L62G031_2673_end_extract/drive_16/04,0.8224789500236511,False
caption_txt,The car crosses a bridge.,<DATASET_ROOT>/240205094744_M801C06L62G031_2673_end_extract/drive_1/02,0.8252356648445129,False
caption_txt,The car crosses a bridge.,<DATASET_ROOT>/231106095132_M801C06L62G031_2673_end_extract/drive_2/03,0.7715581655502319,False
caption_txt,The car crosses a bridge.,<DATASET_ROOT>/240529140943_M801C06L62G031_2673_end_extract/drive_27/02,0.8107584714889526,False
caption_txt,The car crosses a bridge.,<DATASET_ROOT>/240529140943_M801C06L62G031_2673_end_extract/drive_14/03,0.8178306818008423,False
caption_txt,The car crosses a bridge.,<DATASET_ROOT>/240205094744_M801C06L62G031_2673_end_extract/drive_1/01,0.8178579211235046,False
caption_txt,The car crosses a bridge.,<DATASET_ROOT>/240530090206_M801C06L62G031_2673_end_extract/drive_16/01,0.8363696336746216,False
caption_txt,The car crosses a bridge.,<DATASET_ROOT>/241018130234_M801C06L62G031_2673_end_extract/drive_18/02,0.8011760711669922,False
caption_txt,The car crosses a bridge.,<DATASET_ROOT>/241018130234_M801C06L62G031_2673_end_extract/drive_13/04,0.8114796876907349,False
caption_txt,The car crosses a bridge.,<DATASET_ROOT>/240530090206_M801C06L62G031_2673_end_extract/drive_16/02,0.7475247383117676,False
caption_txt,The car crosses a bridge.,<DATASET_ROOT>/241018130234_M801C06L62G031_2673_end_extract/drive_16/01,0.8197159171104431,False
caption_txt,The car crosses a bridge.,<DATASET_ROOT>/240205170303_M801C06L62G031_2673_end_extract/drive_2/02,0.8023512363433838,False
caption_txt,The car crosses a bridge.,<DATASET_ROOT>/240822084904_M801C06L62G031_2673_end_extract/drive_18/02,0.811326265335083,False
caption_txt,The car crosses a bridge.,<DATASET_ROOT>/240530090206_M801C06L62G031_2673_end_extract/drive_16/04,0.8012445569038391,False
caption_txt,The car crosses a bridge.,<DATASET_ROOT>/240322135559_M801C06L62G031_2673_end_extract/drive_13/01,0.790157675743103,False
caption_txt,The car crosses a bridge.,<DATASET_ROOT>/241018102947_M801C06L62G031_2673_end_extract/drive_5/01,0.7924714088439941,True
caption_txt,The car crosses a bridge.,<DATASET_ROOT>/241018130234_M801C06L62G031_2673_end_extract/drive_17/03,0.8107724785804749,False
caption_txt,The car crosses a bridge.,<DATASET_ROOT>/240205094744_M801C06L62G031_2673_end_extract/drive_1/03,0.8174684643745422,False
caption_txt,The car crosses a bridge.,<DATASET_ROOT>/240205094744_M801C06L62G031_2673_end_extract/drive_2/03,0.8232120871543884,False
caption_txt,The car crosses a bridge.,<DATASET_ROOT>/241018130234_M801C06L62G031_2673_end_extract/drive_13/03,0.8619514107704163,False
caption_txt,The car crosses a bridge.,<DATASET_ROOT>/241018130234_M801C06L62G031_2673_end_extract/drive_15/03,0.8321886658668518,False
caption_txt,The car crosses a bridge.,<DATASET_ROOT>/240205170303_M801C06L62G031_2673_end_extract/drive_1/01,0.820266842842102,False
caption_txt,The car crosses a bridge.,<DATASET_ROOT>/241018130234_M801C06L62G031_2673_end_extract/drive_17/04,0.8210157752037048,False
caption_txt,The car crosses a bridge.,<DATASET_ROOT>/240529140943_M801C06L62G031_2673_end_extract/drive_27/04,0.7708578705787659,False
caption_txt,The car crosses a bridge.,<DATASET_ROOT>/240530090206_M801C06L62G031_2673_end_extract/drive_7/02,0.8046143054962158,False
caption_txt,The car crosses a bridge.,<DATASET_ROOT>/231106095132_M801C06L62G031_2673_end_extract/drive_1/02,0.7754074931144714,True
caption_txt,The car crosses a bridge.,<DATASET_ROOT>/241018102947_M801C06L62G031_2673_end_extract/drive_5/04,0.8095642328262329,True
caption_txt,The car crosses a bridge.,<DATASET_ROOT>/240205170303_M801C06L62G031_2673_end_extract/drive_1/02,0.7773923873901367,False
caption_txt,The car crosses a bridge.,<DATASET_ROOT>/240205170303_M801C06L62G031_2673_end_extract/drive_2/01,0.8154209852218628,False
caption_txt,The car crosses a bridge.,<DATASET_ROOT>/240529140943_M801C06L62G031_2673_end_extract/drive_3/01,0.7814793586730957,False
caption_txt,The car crosses a bridge.,<DATASET_ROOT>/240529140943_M801C06L62G031_2673_end_extract/drive_11/04,0.8054318428039551,False
caption_txt,The car crosses a bridge.,<DATASET_ROOT>/231106095132_M801C06L62G031_2673_end_extract/drive_2/02,0.8306758403778076,False
caption_txt,The car crosses a bridge.,<DATASET_ROOT>/240325141234_M801C06L62G031_2673_end_extract/drive_6/03,0.8199087381362915,False
caption_txt,The car crosses a bridge.,<DATASET_ROOT>/231106095132_M801C06L62G031_2673_end_extract/drive_1/03,0.8816751837730408,True
caption_txt,The car crosses a bridge.,<DATASET_ROOT>/240205170303_M801C06L62G031_2673_end_extract/drive_2/04,0.8070387244224548,False
caption_txt,The car crosses a bridge.,<DATASET_ROOT>/240205170303_M801C06L62G031_2673_end_extract/drive_2/03,0.8030627965927124,False
caption_txt,The car crosses a bridge.,<DATASET_ROOT>/240530090206_M801C06L62G031_2673_end_extract/drive_2/01,0.8077825903892517,False
caption_txt,The car crosses a bridge.,<DATASET_ROOT>/241018130234_M801C06L62G031_2673_end_extract/drive_16/02,0.7996931076049805,False
caption_txt,The car crosses a bridge.,<DATASET_ROOT>/241018130234_M801C06L62G031_2673_end_extract/drive_17/01,0.8157141804695129,False
caption_txt,The car crosses a bridge.,<DATASET_ROOT>/241018130234_M801C06L62G031_2673_end_extract/drive_14/01,0.8113775849342346,False
caption_txt,The car crosses a bridge.,<DATASET_ROOT>/231106095132_M801C06L62G031_2673_end_extract/drive_2/01,0.8267158269882202,False
caption_txt,The car crosses a bridge.,<DATASET_ROOT>/240322135559_M801C06L62G031_2673_end_extract/drive_17/02,0.7810835838317871,False
caption_txt,The car crosses a bridge.,<DATASET_ROOT>/241018130234_M801C06L62G031_2673_end_extract/drive_16/03,0.8251476883888245,False
caption_txt,The car crosses a bridge.,<DATASET_ROOT>/241018130234_M801C06L62G031_2673_end_extract/drive_18/04,0.8009048700332642,False
caption_txt,The car crosses a bridge.,<DATASET_ROOT>/241018130234_M801C06L62G031_2673_end_extract/drive_14/04,0.8109959959983826,False
caption_txt,The car crosses a bridge.,<DATASET_ROOT>/240530090206_M801C06L62G031_2673_end_extract/drive_16/03,0.8230595588684082,False
caption_txt,The car crosses a bridge.,<DATASET_ROOT>/231106095132_M801C06L62G031_2673_end_extract/drive_1/01,0.691087543964386,True
caption_txt,The car crosses a bridge.,<DATASET_ROOT>/231106095132_M801C06L62G031_2673_end_extract/drive_1/04,0.8145368695259094,True
caption_txt,The car crosses a bridge.,<DATASET_ROOT>/240322135559_M801C06L62G031_2673_end_extract/drive_8/03,0.7892900109291077,False
caption_txt,The car crosses a bridge.,<DATASET_ROOT>/241018130234_M801C06L62G031_2673_end_extract/drive_15/02,0.8392541408538818,False
caption_txt,The car crosses a bridge.,<DATASET_ROOT>/240530090206_M801C06L62G031_2673_end_extract/drive_15/02,0.8115566968917847,False
caption_txt,The car crosses a bridge.,<DATASET_ROOT>/241018130234_M801C06L62G031_2673_end_extract/drive_15/01,0.8163597583770752,False
caption_txt,The car crosses a bridge.,<DATASET_ROOT>/241018130234_M801C06L62G031_2673_end_extract/drive_14/02,0.8003700971603394,False
caption_txt,The car crosses a bridge.,<DATASET_ROOT>/241018130234_M801C06L62G031_2673_end_extract/drive_18/03,0.7885826826095581,False
caption_txt,The car crosses a bridge.,<DATASET_ROOT>/240529140943_M801C06L62G031_2673_end_extract/drive_18/03,0.821461021900177,False
caption_txt,The car crosses a bridge.,<DATASET_ROOT>/240205170303_M801C06L62G031_2673_end_extract/drive_1/04,0.8624731302261353,False
caption_txt,The car crosses a bridge.,<DATASET_ROOT>/240205094744_M801C06L62G031_2673_end_extract/drive_2/01,0.7804344892501831,False
caption_txt,The car crosses a bridge.,<DATASET_ROOT>/240322135559_M801C06L62G031_2673_end_extract/drive_14/02,0.8067823052406311,False
caption_txt,The car crosses a bridge.,<DATASET_ROOT>/241018130234_M801C06L62G031_2673_end_extract/drive_17/02,0.7743515968322754,False
caption_txt,The car crosses a bridge.,<DATASET_ROOT>/240205094744_M801C06L62G031_2673_end_extract/drive_1/04,0.8428834676742554,False
caption_txt,The car crosses a bridge.,<DATASET_ROOT>/241018130234_M801C06L62G031_2673_end_extract/drive_14/03,0.7755801677703857,False
caption_txt,The car crosses a bridge.,<DATASET_ROOT>/241018130234_M801C06L62G031_2673_end_extract/drive_13/02,0.8278185129165649,False
caption_txt,The car crosses a bridge.,<DATASET_ROOT>/240325141234_M801C06L62G031_2673_end_extract/drive_6/02,0.8106580972671509,False
caption_txt,The car crosses a bridge.,<DATASET_ROOT>/240530090206_M801C06L62G031_2673_end_extract/drive_20/04,0.8337491154670715,False
caption_txt,The car crosses a bridge.,<DATASET_ROOT>/240822134456_M801C06L62G031_2673_end_extract/drive_10/03,0.819566547870636,False
caption_txt,The car crosses a bridge.,<DATASET_ROOT>/240529140943_M801C06L62G031_2673_end_extract/drive_4/02,0.8221462368965149,False
caption_txt,The car crosses a bridge.,<DATASET_ROOT>/241018102947_M801C06L62G031_2673_end_extract/drive_5/03,0.7895592451095581,True
caption_txt,The car crosses a bridge.,<DATASET_ROOT>/240205170303_M801C06L62G031_2673_end_extract/drive_1/03,0.8236345648765564,False
caption_txt,The car crosses a bridge.,<DATASET_ROOT>/231106095132_M801C06L62G031_2673_end_extract/drive_2/04,0.8356068730354309,False
caption_txt,The car crosses a bridge.,<DATASET_ROOT>/240530090206_M801C06L62G031_2673_end_extract/drive_21/02,0.8052286505699158,False
caption_txt,The car crosses a bridge.,<DATASET_ROOT>/241018102947_M801C06L62G031_2673_end_extract/drive_5/02,0.8124926686286926,True
caption_txt,The car crosses a bridge.,<DATASET_ROOT>/241018130234_M801C06L62G031_2673_end_extract/drive_13/01,0.773719847202301,False
caption_txt,The car crosses a bridge.,<DATASET_ROOT>/240205094744_M801C06L62G031_2673_end_extract/drive_2/04,0.7805250883102417,False
caption_txt,The car crosses a bridge.,<DATASET_ROOT>/240530090206_M801C06L62G031_2673_end_extract/drive_1/02,0.786605954170227,False
caption_txt,The car crosses a bridge.,<DATASET_ROOT>/241018130234_M801C06L62G031_2673_end_extract/drive_15/04,0.7774191498756409,False
caption_txt,The car crosses a bridge.,<DATASET_ROOT>/241018130234_M801C06L62G031_2673_end_extract/drive_18/01,0.7787849307060242,False
caption_txt,The car crosses a bridge.,<DATASET_ROOT>/240205094744_M801C06L62G031_2673_end_extract/drive_2/02,0.8484775424003601,False
caption_txt,The car crosses a bridge.,<DATASET_ROOT>/240529140943_M801C06L62G031_2673_end_extract/drive_26/04,0.8187477588653564,False
caption_txt,The car crosses a bridge.,<DATASET_ROOT>/240529140943_M801C06L62G031_2673_end_extract/drive_15/03,0.8202965259552002,False
caption_txt,The car crosses a bridge.,<DATASET_ROOT>/241018130234_M801C06L62G031_2673_end_extract/drive_7/02,0.7981069087982178,False
caption_txt,The car crosses a bridge.,<DATASET_ROOT>/240529140943_M801C06L62G031_2673_end_extract/drive_15/04,0.782670259475708,False
caption_txt,The car crosses a bridge.,<DATASET_ROOT>/240822084904_M801C06L62G031_2673_end_extract/drive_5/03,0.8009056448936462,False
caption_txt,The car crosses a bridge.,<DATASET_ROOT>/240822084904_M801C06L62G031_2673_end_extract/drive_22/03,0.8329458236694336,False
caption_txt,The car crosses a bridge.,<DATASET_ROOT>/240822084904_M801C06L62G031_2673_end_extract/drive_6/03,0.8267008066177368,False
caption_txt,The car crosses a bridge.,<DATASET_ROOT>/231116093002_M801C06L62G031_2673_end_extract/drive_4/02,0.8120640516281128,False
caption_txt,The car crosses a bridge.,<DATASET_ROOT>/240325141234_M801C06L62G031_2673_end_extract/drive_13/01,0.7699192762374878,False
caption_txt,The car crosses a bridge.,<DATASET_ROOT>/240529140943_M801C06L62G031_2673_end_extract/drive_21/01,0.7808763384819031,False
caption_txt,The car crosses a bridge.,<DATASET_ROOT>/231116093002_M801C06L62G031_2673_end_extract/drive_1/03,0.814609169960022,False
caption_txt,The car crosses a bridge.,<DATASET_ROOT>/240322135559_M801C06L62G031_2673_end_extract/drive_21/02,0.8144411444664001,False
caption_txt,The car crosses a bridge.,<DATASET_ROOT>/240822084904_M801C06L62G031_2673_end_extract/drive_18/03,0.8231472373008728,False
caption_txt,The car crosses a bridge.,<DATASET_ROOT>/240322135559_M801C06L62G031_2673_end_extract/drive_15/01,0.8059782385826111,False
caption_txt,The car crosses a bridge.,<DATASET_ROOT>/241018102947_M801C06L62G031_2673_end_extract/drive_4/01,0.8110432028770447,False
caption_txt,The car crosses a bridge.,<DATASET_ROOT>/240822084904_M801C06L62G031_2673_end_extract/drive_6/01,0.820744514465332,False
caption_txt,The car crosses a bridge.,<DATASET_ROOT>/241018130234_M801C06L62G031_2673_end_extract/drive_11/01,0.8023310899734497,False
caption_txt,The car crosses a bridge.,<DATASET_ROOT>/240325141234_M801C06L62G031_2673_end_extract/drive_11/02,0.809468150138855,False
caption_txt,The car crosses a bridge.,<DATASET_ROOT>/240822134456_M801C06L62G031_2673_end_extract/drive_10/04,0.7778178453445435,False
caption_txt,The car crosses a bridge.,<DATASET_ROOT>/240529140943_M801C06L62G031_2673_end_extract/drive_31/03,0.8070387244224548,False
caption_txt,The car crosses a bridge.,<DATASET_ROOT>/240822134456_M801C06L62G031_2673_end_extract/drive_8/03,0.8341304063796997,False
caption_txt,The car crosses a bridge.,<DATASET_ROOT>/240530090206_M801C06L62G031_2673_end_extract/drive_24/04,0.8090672492980957,False
caption_txt,The scene is at night.,<DATASET_ROOT>/240529140943_M801C06L62G031_2673_end_extract/drive_19/02,0.8216924071311951,False
caption_txt,The scene is at night.,<DATASET_ROOT>/241018130234_M801C06L62G031_2673_end_extract/drive_16/04,0.8279310464859009,True
caption_txt,The scene is at night.,<DATASET_ROOT>/240205094744_M801C06L62G031_2673_end_extract/drive_1/02,0.7621380686759949,False
caption_txt,The scene is at night.,<DATASET_ROOT>/231106095132_M801C06L62G031_2673_end_extract/drive_2/03,0.7970036268234253,False
caption_txt,The scene is at night.,<DATASET_ROOT>/240529140943_M801C06L62G031_2673_end_extract/drive_27/02,0.7907201647758484,False
caption_txt,The scene is at night.,<DATASET_ROOT>/240529140943_M801C06L62G031_2673_end_extract/drive_14/03,0.8351768255233765,False
caption_txt,The scene is at night.,<DATASET_ROOT>/240205094744_M801C06L62G031_2673_end_extract/drive_1/01,0.8099977970123291,False
caption_txt,The scene is at night.,<DATASET_ROOT>/240530090206_M801C06L62G031_2673_end_extract/drive_16/01,0.8278692960739136,False
caption_txt,The scene is at night.,<DATASET_ROOT>/241018130234_M801C06L62G031_2673_end_extract/drive_18/02,0.8618001341819763,True
caption_txt,The scene is at night.,<DATASET_ROOT>/241018130234_M801C06L62G031_2673_end_extract/drive_13/04,0.81489098072052,True
caption_txt,The scene is at night.,<DATASET_ROOT>/240530090206_M801C06L62G031_2673_end_extract/drive_16/02,0.7579958438873291,False
caption_txt,The scene is at night.,<DATASET_ROOT>/241018130234_M801C06L62G031_2673_end_extract/drive_16/01,0.8255168795585632,True
caption_txt,The scene is at night.,<DATASET_ROOT>/240205170303_M801C06L62G031_2673_end_extract/drive_2/02,0.7996475100517273,False
caption_txt,The scene is at night.,<DATASET_ROOT>/240822084904_M801C06L62G031_2673_end_extract/drive_18/02,0.7847892045974731,False
caption_txt,The scene is at night.,<DATASET_ROOT>/240530090206_M801C06L62G031_2673_end_extract/drive_16/04,0.7994539141654968,False
caption_txt,The scene is at night.,<DATASET_ROOT>/240322135559_M801C06L62G031_2673_end_extract/drive_13/01,0.7641273140907288,False
caption_txt,The scene is at night.,<DATASET_ROOT>/241018102947_M801C06L62G031_2673_end_extract/drive_5/01,0.7750269770622253,False
caption_txt,The scene is at night.,<DATASET_ROOT>/241018130234_M801C06L62G031_2673_end_extract/drive_17/03,0.8010836839675903,True
caption_txt,The scene is at night.,<DATASET_ROOT>/240205094744_M801C06L62G031_2673_end_extract/drive_1/03,0.7544968128204346,False
caption_txt,The scene is at night.,<DATASET_ROOT>/240205094744_M801C06L62G031_2673_end_extract/drive_2/03,0.8297924995422363,False
caption_txt,The scene is at night.,<DATASET_ROOT>/241018130234_M801C06L62G031_2673_end_extract/drive_13/03,0.8313993215560913,True
caption_txt,The scene is at night.,<DATASET_ROOT>/241018130234_M801C06L62G031_2673_end_extract/drive_15/03,0.8134647011756897,True
caption_txt,The scene is at night.,<DATASET_ROOT>/240205170303_M801C06L62G031_2673_end_extract/drive_1/01,0.7594706416130066,False
caption_txt,The scene is at night.,<DATASET_ROOT>/241018130234_M801C06L62G031_2673_end_extract/drive_17/04,0.8175540566444397,True
caption_txt,The scene is at night.,<DATASET_ROOT>/240529140943_M801C06L62G031_2673_end_extract/drive_27/04,0.751823365688324,False
caption_txt,The scene is at night.,<DATASET_ROOT>/240530090206_M801C06L62G031_2673_end_extract/drive_7/02,0.801539421081543,False
caption_txt,The scene is at night.,<DATASET_ROOT>/231106095132_M801C06L62G031_2673_end_extract/drive_1/02,0.7989611029624939,False
caption_txt,The scene is at night.,<DATASET_ROOT>/241018102947_M801C06L62G031_2673_end_extract/drive_5/04,0.8044102787971497,False
caption_txt,The scene is at night.,<DATASET_ROOT>/240205170303_M801C06L62G031_2673_end_extract/drive_1/02,0.7392815947532654,False
caption_txt,The scene is at night.,<DATASET_ROOT>/240205170303_M801C06L62G031_2673_end_extract/drive_2/01,0.8255944848060608,False
caption_txt,The scene is at night.,<DATASET_ROOT>/240529140943_M801C06L62G031_2673_end_extract/drive_3/01,0.7972082495689392,False
caption_txt,The scene is at night.,<DATASET_ROOT>/240529140943_M801C06L62G031_2673_end_extract/drive_11/04,0.779521644115448,False
caption_txt,The scene is at night.,<DATASET_ROOT>/231106095132_M801C06L62G031_2673_end_extract/drive_2/02,0.8083946704864502,False
caption_txt,The scene is at night.,<DATASET_ROOT>/240325141234_M801C06L62G031_2673_end_extract/drive_6/03,0.8370324969291687,False
caption_txt,The scene is at night.,<DATASET_ROOT>/231106095132_M801C06L62G031_2673_end_extract/drive_1/03,0.7637885808944702,False
caption_txt,The scene is at night.,<DATASET_ROOT>/240205170303_M801C06L62G031_2673_end_extract/drive_2/04,0.8095953464508057,False
caption_txt,The scene is at night.,<DATASET_ROOT>/240205170303_M801C06L62G031_2673_end_extract/drive_2/03,0.7991376519203186,False
caption_txt,The scene is at night.,<DATASET_ROOT>/240530090206_M801C06L62G031_2673_end_extract/drive_2/01,0.8915501832962036,False
caption_txt,The scene is at night.,<DATASET_ROOT>/241018130234_M801C06L62G031_2673_end_extract/drive_16/02,0.7909586429595947,True
caption_txt,The scene is at night.,<DATASET_ROOT>/241018130234_M801C06L62G031_2673_end_extract/drive_17/01,0.8174888491630554,True
caption_txt,The scene is at night.,<DATASET_ROOT>/241018130234_M801C06L62G031_2673_end_extract/drive_14/01,0.8432086110115051,True
caption_txt,The scene is at night.,<DATASET_ROOT>/231106095132_M801C06L62G031_2673_end_extract/drive_2/01,0.7894396185874939,False
caption_txt,The scene is at night.,<DATASET_ROOT>/240322135559_M801C06L62G031_2673_end_extract/drive_17/02,0.7390546798706055,False
caption_txt,The scene is at night.,<DATASET_ROOT>/241018130234_M801C06L62G031_2673_end_extract/drive_16/03,0.8466777801513672,True
caption_txt,The scene is at night.,<DATASET_ROOT>/241018130234_M801C06L62G031_2673_end_extract/drive_18/04,0.7998666763305664,True
caption_txt,The scene is at night.,<DATASET_ROOT>/241018130234_M801C06L62G031_2673_end_extract/drive_14/04,0.7859070897102356,True
caption_txt,The scene is at night.,<DATASET_ROOT>/240530090206_M801C06L62G031_2673_end_extract/drive_16/03,0.8459071516990662,False
caption_txt,The scene is at night.,<DATASET_ROOT>/231106095132_M801C06L62G031_2673_end_extract/drive_1/01,0.6938797235488892,False
caption_txt,The scene is at night.,<DATASET_ROOT>/231106095132_M801C06L62G031_2673_end_extract/drive_1/04,0.780445396900177,False
caption_txt,The scene is at night.,<DATASET_ROOT>/240322135559_M801C06L62G031_2673_end_extract/drive_8/03,0.7779160141944885,False
caption_txt,The scene is at night.,<DATASET_ROOT>/241018130234_M801C06L62G031_2673_end_extract/drive_15/02,0.7980552911758423,True
caption_txt,The scene is at night.,<DATASET_ROOT>/240530090206_M801C06L62G031_2673_end_extract/drive_15/02,0.8014289140701294,False
caption_txt,The scene is at night.,<DATASET_ROOT>/241018130234_M801C06L62G031_2673_end_extract/drive_15/01,0.8719794750213623,True
caption_txt,The scene is at night.,<DATASET_ROOT>/241018130234_M801C06L62G031_2673_end_extract/drive_14/02,0.7864977121353149,True
caption_txt,The scene is at night.,<DATASET_ROOT>/241018130234_M801C06L62G031_2673_end_extract/drive_18/03,0.8891186118125916,True
caption_txt,The scene is at night.,<DATASET_ROOT>/240529140943_M801C06L62G031_2673_end_extract/drive_18/03,0.7867579460144043,False
caption_txt,The scene is at night.,<DATASET_ROOT>/240205170303_M801C06L62G031_2673_end_extract/drive_1/04,0.8424598574638367,False
caption_txt,The scene is at night.,<DATASET_ROOT>/240205094744_M801C06L62G031_2673_end_extract/drive_2/01,0.7357463240623474,False
caption_txt,The scene is at night.,<DATASET_ROOT>/240322135559_M801C06L62G031_2673_end_extract/drive_14/02,0.7498740553855896,False
caption_txt,The scene is at night.,<DATASET_ROOT>/241018130234_M801C06L62G031_2673_end_extract/drive_17/02,0.766357421875,True
caption_txt,The scene is at night.,<DATASET_ROOT>/240205094744_M801C06L62G031_2673_end_extract/drive_1/04,0.8051037192344666,False
caption_txt,The scene is at night.,<DATASET_ROOT>/241018130234_M801C06L62G031_2673_end_extract/drive_14/03,0.7002041935920715,True
caption_txt,The scene is at night.,<DATASET_ROOT>/241018130234_M801C06L62G031_2673_end_extract/drive_13/02,0.7762018442153931,True
caption_txt,The scene is at night.,<DATASET_ROOT>/240325141234_M801C06L62G031_2673_end_extract/drive_6/02,0.8261235952377319,False
caption_txt,The scene is at night.,<DATASET_ROOT>/240530090206_M801C06L62G031_2673_end_extract/drive_20/04,0.8167779445648193,False
caption_txt,The scene is at night.,<DATASET_ROOT>/240822134456_M801C06L62G031_2673_end_extract/drive_10/03,0.784452497959137,False
caption_txt,The scene is at night.,<DATASET_ROOT>/240529140943_M801C06L62G031_2673_end_extract/drive_4/02,0.8034273982048035,False
caption_txt,The scene is at night.,<DATASET_ROOT>/241018102947_M801C06L62G031_2673_end_extract/drive_5/03,0.838391125202179,False
caption_txt,The scene is at night.,<DATASET_ROOT>/240205170303_M801C06L62G031_2673_end_extract/drive_1/03,0.8321788311004639,False
caption_txt,The scene is at night.,<DATASET_ROOT>/231106095132_M801C06L62G031_2673_end_extract/drive_2/04,0.7936336994171143,False
caption_txt,The scene is at night.,<DATASET_ROOT>/240530090206_M801C06L62G031_2673_end_extract/drive_21/02,0.8046690225601196,False
caption_txt,The scene is at night.,<DATASET_ROOT>/241018102947_M801C06L62G031_2673_end_extract/drive_5/02,0.7944985628128052,False
caption_txt,The scene is at night.,<DATASET_ROOT>/241018130234_M801C06L62G031_2673_end_extract/drive_13/01,0.7470937967300415,True
caption_txt,The scene is at night.,<DATASET_ROOT>/240205094744_M801C06L62G031_2673_end_extract/drive_2/04,0.774773359298706,False
caption_txt,The scene is at night.,<DATASET_ROOT>/240530090206_M801C06L62G031_2673_end_extract/drive_1/02,0.786896288394928,False
caption_txt,The scene is at night.,<DATASET_ROOT>/241018130234_M801C06L62G031_2673_end_extract/drive_15/04,0.7638937830924988,True
caption_txt,The scene is at night.,<DATASET_ROOT>/241018130234_M801C06L62G031_2673_end_extract/drive_18/01,0.8204473853111267,True
caption_txt,The scene is at night.,<DATASET_ROOT>/240205094744_M801C06L62G031_2673_end_extract/drive_2/02,0.8153074383735657,False
caption_txt,The scene is at night.,<DATASET_ROOT>/240529140943_M801C06L62G031_2673_end_extract/drive_26/04,0.8227689266204834,False
caption_txt,The scene is at night.,<DATASET_ROOT>/240529140943_M801C06L62G031_2673_end_extract/drive_15/03,0.7825212478637695,False
caption_txt,The scene is at night.,<DATASET_ROOT>/241018130234_M801C06L62G031_2673_end_extract/drive_7/02,0.8248257040977478,False
caption_txt,The scene is at night.,<DATASET_ROOT>/240529140943_M801C06L62G031_2673_end_extract/drive_15/04,0.7749975919723511,False
caption_txt,The scene is at night.,<DATASET_ROOT>/240822084904_M801C06L62G031_2673_end_extract/drive_5/03,0.8289622068405151,False
caption_txt,The scene is at night.,<DATASET_ROOT>/240822084904_M801C06L62G031_2673_end_extract/drive_22/03,0.7855626940727234,False
caption_txt,The scene is at night.,<DATASET_ROOT>/240822084904_M801C06L62G031_2673_end_extract/drive_6/03,0.813555121421814,False
caption_txt,The scene is at night.,<DATASET_ROOT>/231116093002_M801C06L62G031_2673_end_extract/drive_4/02,0.7720962762832642,False
caption_txt,The scene is at night.,<DATASET_ROOT>/240325141234_M801C06L62G031_2673_end_extract/drive_13/01,0.7948783040046692,False
caption_txt,The scene is at night.,<DATASET_ROOT>/240529140943_M801C06L62G031_2673_end_extract/drive_21/01,0.7361323833465576,False
caption_txt,The scene is at night.,<DATASET_ROOT>/231116093002_M801C06L62G031_2673_end_extract/drive_1/03,0.815966010093689,False
caption_txt,The scene is at night.,<DATASET_ROOT>/240322135559_M801C06L62G031_2673_end_extract/drive_21/02,0.8080536723136902,False
caption_txt,The scene is at night.,<DATASET_ROOT>/240822084904_M801C06L62G031_2673_end_extract/drive_18/03,0.8124573230743408,False
caption_txt,The scene is at night.,<DATASET_ROOT>/240322135559_M801C06L62G031_2673_end_extract/drive_15/01,0.8149911761283875,False
caption_txt,The scene is at night.,<DATASET_ROOT>/241018102947_M801C06L62G031_2673_end_extract/drive_4/01,0.7808990478515625,False
caption_txt,The scene is at night.,<DATASET_ROOT>/240822084904_M801C06L62G031_2673_end_extract/drive_6/01,0.8433796167373657,False
caption_txt,The scene is at night.,<DATASET_ROOT>/241018130234_M801C06L62G031_2673_end_extract/drive_11/01,0.786674976348877,False
caption_txt,The scene is at night.,<DATASET_ROOT>/240325141234_M801C06L62G031_2673_end_extract/drive_11/02,0.7837432622909546,False
caption_txt,The scene is at night.,<DATASET_ROOT>/240822134456_M801C06L62G031_2673_end_extract/drive_10/04,0.7334409356117249,False
caption_txt,The scene is at night.,<DATASET_ROOT>/240529140943_M801C06L62G031_2673_end_extract/drive_31/03,0.8492304086685181,False
caption_txt,The scene is at night.,<DATASET_ROOT>/240822134456_M801C06L62G031_2673_end_extract/drive_8/03,0.8062780499458313,False
caption_txt,The scene is at night.,<DATASET_ROOT>/240530090206_M801C06L62G031_2673_end_extract/drive_24/04,0.8085202574729919,False
caption_txt,It is raining.,<DATASET_ROOT>/240529140943_M801C06L62G031_2673_end_extract/drive_19/02,0.818544864654541,False
caption_txt,It is raining.,<DATASET_ROOT>/241018130234_M801C06L62G031_2673_end_extract/drive_16/04,0.7962853908538818,False
caption_txt,It is raining.,<DATASET_ROOT>/240205094744_M801C06L62G031_2673_end_extract/drive_1/02,0.727148175239563,True
caption_txt,It is raining.,<DATASET_ROOT>/231106095132_M801C06L62G031_2673_end_extract/drive_2/03,0.8415696024894714,False
caption_txt,It is raining.,<DATASET_ROOT>/240529140943_M801C06L62G031_2673_end_extract/drive_27/02,0.7647801637649536,False
caption_txt,It is raining.,<DATASET_ROOT>/240529140943_M801C06L62G031_2673_end_extract/drive_14/03,0.831541895866394,False
caption_txt,It is raining.,<DATASET_ROOT>/240205094744_M801C06L62G031_2673_end_extract/drive_1/01,0.8557549715042114,True
caption_txt,It is raining.,<DATASET_ROOT>/240530090206_M801C06L62G031_2673_end_extract/drive_16/01,0.8244955539703369,False
caption_txt,It is raining.,<DATASET_ROOT>/241018130234_M801C06L62G031_2673_end_extract/drive_18/02,0.8788696527481079,False
caption_txt,It is raining.,<DATASET_ROOT>/241018130234_M801C06L62G031_2673_end_extract/drive_13/04,0.803005039691925,True
caption_txt,It is raining.,<DATASET_ROOT>/240530090206_M801C06L62G031_2673_end_extract/drive_16/02,0.7979855537414551,False
caption_txt,It is raining.,<DATASET_ROOT>/241018130234_M801C06L62G031_2673_end_extract/drive_16/01,0.8251193165779114,False
caption_txt,It is raining.,<DATASET_ROOT>/240205170303_M801C06L62G031_2673_end_extract/drive_2/02,0.7735206484794617,False
caption_txt,It is raining.,<DATASET_ROOT>/240822084904_M801C06L62G031_2673_end_extract/drive_18/02,0.8008350729942322,False
caption_txt,It is raining.,<DATASET_ROOT>/240530090206_M801C06L62G031_2673_end_extract/drive_16/04,0.8069713711738586,False
caption_txt,It is raining.,<DATASET_ROOT>/240322135559_M801C06L62G031_2673_end_extract/drive_13/01,0.731157660484314,False
caption_txt,It is raining.,<DATASET_ROOT>/241018102947_M801C06L62G031_2673_end_extract/drive_5/01,0.7916603684425354,True
caption_txt,It is raining.,<DATASET_ROOT>/241018130234_M801C06L62G031_2673_end_extract/drive_17/03,0.7865844368934631,False
caption_txt,It is raining.,<DATASET_ROOT>/240205094744_M801C06L62G031_2673_end_extract/drive_1/03,0.7357836961746216,True
caption_txt,It is raining.,<DATASET_ROOT>/240205094744_M801C06L62G031_2673_end_extract/drive_2/03,0.8366751074790955,True
caption_txt,It is raining.,<DATASET_ROOT>/241018130234_M801C06L62G031_2673_end_extract/drive_13/03,0.7918961048126221,True
caption_txt,It is raining.,<DATASET_ROOT>/241018130234_M801C06L62G031_2673_end_extract/drive_15/03,0.8083902597427368,True
caption_txt,It is raining.,<DATASET_ROOT>/240205170303_M801C06L62G031_2673_end_extract/drive_1/01,0.7605469822883606,False
caption_txt,It is raining.,<DATASET_ROOT>/241018130234_M801C06L62G031_2673_end_extract/drive_17/04,0.86443692445755,False
caption_txt,It is raining.,<DATASET_ROOT>/240529140943_M801C06L62G031_2673_end_extract/drive_27/04,0.7123868465423584,False
caption_txt,It is raining.,<DATASET_ROOT>/240530090206_M801C06L62G031_2673_end_extract/drive_7/02,0.801900327205658,False
caption_txt,It is raining.,<DATASET_ROOT>/231106095132_M801C06L62G031_2673_end_extract/drive_1/02,0.8476099371910095,False
caption_txt,It is raining.,<DATASET_ROOT>/241018102947_M801C06L62G031_2673_end_extract/drive_5/04,0.9392372965812683,True
caption_txt,It is raining.,<DATASET_ROOT>/240205170303_M801C06L62G031_2673_end_extract/drive_1/02,0.7977379560470581,False
caption_txt,It is raining.,<DATASET_ROOT>/240205170303_M801C06L62G031_2673_end_extract/drive_2/01,0.8366032838821411,False
caption_txt,It is raining.,<DATASET_ROOT>/240529140943_M801C06L62G031_2673_end_extract/drive_3/01,0.7689082026481628,False
caption_txt,It is raining.,<DATASET_ROOT>/240529140943_M801C06L62G031_2673_end_extract/drive_11/04,0.7578401565551758,False
caption_txt,It is raining.,<DATASET_ROOT>/231106095132_M801C06L62G031_2673_end_extract/drive_2/02,0.8344765901565552,False
caption_txt,It is raining.,<DATASET_ROOT>/240325141234_M801C06L62G031_2673_end_extract/drive_6/03,0.8599504232406616,True
caption_txt,It is raining.,<DATASET_ROOT>/231106095132_M801C06L62G031_2673_end_extract/drive_1/03,0.755400538444519,False
caption_txt,It is raining.,<DATASET_ROOT>/240205170303_M801C06L62G031_2673_end_extract/drive_2/04,0.7951929569244385,False
caption_txt,It is raining.,<DATASET_ROOT>/240205170303_M801C06L62G031_2673_end_extract/drive_2/03,0.7840241193771362,False
caption_txt,It is raining.,<DATASET_ROOT>/240530090206_M801C06L62G031_2673_end_extract/drive_2/01,0.8477764129638672,False
caption_txt,It is raining.,<DATASET_ROOT>/241018130234_M801C06L62G031_2673_end_extract/drive_16/02,0.7645833492279053,False
caption_txt,It is raining.,<DATASET_ROOT>/241018130234_M801C06L62G031_2673_end_extract/drive_17/01,0.7788493633270264,False
caption_txt,It is raining.,<DATASET_ROOT>/241018130234_M801C06L62G031_2673_end_extract/drive_14/01,0.7710383534431458,True
caption_txt,It is raining.,<DATASET_ROOT>/231106095132_M801C06L62G031_2673_end_extract/drive_2/01,0.7710539698600769,False
caption_txt,It is raining.,<DATASET_ROOT>/240322135559_M801C06L62G031_2673_end_extract/drive_17/02,0.7106585502624512,False
caption_txt,It is raining.,<DATASET_ROOT>/241018130234_M801C06L62G031_2673_end_extract/drive_16/03,0.8147650361061096,False
caption_txt,It is raining.,<DATASET_ROOT>/241018130234_M801C06L62G031_2673_end_extract/drive_18/04,0.8092525005340576,False
caption_txt,It is raining.,<DATASET_ROOT>/241018130234_M801C06L62G031_2673_end_extract/drive_14/04,0.7816618084907532,True
caption_txt,It is raining.,<DATASET_ROOT>/240530090206_M801C06L62G031_2673_end_extract/drive_16/03,0.8443247675895691,False
caption_txt,It is raining.,<DATASET_ROOT>/231106095132_M801C06L62G031_2673_end_extract/drive_1/01,0.7106574773788452,False
caption_txt,It is raining.,<DATASET_ROOT>/231106095132_M801C06L62G031_2673_end_extract/drive_1/04,0.7608896493911743,False
caption_txt,It is raining.,<DATASET_ROOT>/240322135559_M801C06L62G031_2673_end_extract/drive_8/03,0.8421161770820618,False
caption_txt,It is raining.,<DATASET_ROOT>/241018130234_M801C06L62G031_2673_end_extract/drive_15/02,0.7902236580848694,True
caption_txt,It is raining.,<DATASET_ROOT>/240530090206_M801C06L62G031_2673_end_extract/drive_15/02,0.7905089855194092,False
caption_txt,It is raining.,<DATASET_ROOT>/241018130234_M801C06L62G031_2673_end_extract/drive_15/01,0.7761252522468567,True
caption_txt,It is raining.,<DATASET_ROOT>/241018130234_M801C06L62G031_2673_end_extract/drive_14/02,0.7676183581352234,True
caption_txt,It is raining.,<DATASET_ROOT>/241018130234_M801C06L62G031_2673_end_extract/drive_18/03,0.7878879904747009,False
caption_txt,It is raining.,<DATASET_ROOT>/240529140943_M801C06L62G031_2673_end_extract/drive_18/03,0.8048142790794373,False
caption_txt,It is raining.,<DATASET_ROOT>/240205170303_M801C06L62G031_2673_end_extract/drive_1/04,0.810417890548706,False
caption_txt,It is raining.,<DATASET_ROOT>/240205094744_M801C06L62G031_2673_end_extract/drive_2/01,0.805450439453125,True
caption_txt,It is raining.,<DATASET_ROOT>/240322135559_M801C06L62G031_2673_end_extract/drive_14/02,0.7708984613418579,False
caption_txt,It is raining.,<DATASET_ROOT>/241018130234_M801C06L62G031_2673_end_extract/drive_17/02,0.6690219044685364,False
caption_txt,It is raining.,<DATASET_ROOT>/240205094744_M801C06L62G031_2673_end_extract/drive_1/04,0.7956525087356567,True
caption_txt,It is raining.,<DATASET_ROOT>/241018130234_M801C06L62G031_2673_end_extract/drive_14/03,0.6848150491714478,True
caption_txt,It is raining.,<DATASET_ROOT>/241018130234_M801C06L62G031_2673_end_extract/drive_13/02,0.7370914816856384,True
caption_txt,It is raining.,<DATASET_ROOT>/240325141234_M801C06L62G031_2673_end_extract/drive_6/02,0.8719980120658875,True
caption_txt,It is raining.,<DATASET_ROOT>/240530090206_M801C06L62G031_2673_end_extract/drive_20/04,0.8109815716743469,False
caption_txt,It is raining.,<DATASET_ROOT>/240822134456_M801C06L62G031_2673_end_extract/drive_10/03,0.7738876938819885,False
caption_txt,It is raining.,<DATASET_ROOT>/240529140943_M801C06L62G031_2673_end_extract/drive_4/02,0.7848789691925049,False
caption_txt,It is raining.,<DATASET_ROOT>/241018102947_M801C06L62G031_2673_end_extract/drive_5/03,0.9139732122421265,True
caption_txt,It is raining.,<DATASET_ROOT>/240205170303_M801C06L62G031_2673_end_extract/drive_1/03,0.8282191157341003,False
caption_txt,It is raining.,<DATASET_ROOT>/231106095132_M801C06L62G031_2673_end_extract/drive_2/04,0.8239603638648987,False
caption_txt,It is raining.,<DATASET_ROOT>/240530090206_M801C06L62G031_2673_end_extract/drive_21/02,0.801170825958252,False
caption_txt,It is raining.,<DATASET_ROOT>/241018102947_M801C06L62G031_2673_end_extract/drive_5/02,0.8601565361022949,True
caption_txt,It is raining.,<DATASET_ROOT>/241018130234_M801C06L62G031_2673_end_extract/drive_13/01,0.7211224436759949,True
caption_txt,It is raining.,<DATASET_ROOT>/240205094744_M801C06L62G031_2673_end_extract/drive_2/04,0.8728344440460205,True
caption_txt,It is raining.,<DATASET_ROOT>/240530090206_M801C06L62G031_2673_end_extract/drive_1/02,0.758779764175415,False
caption_txt,It is raining.,<DATASET_ROOT>/241018130234_M801C06L62G031_2673_end_extract/drive_15/04,0.7046406269073486,True
caption_txt,It is raining.,<DATASET_ROOT>/241018130234_M801C06L62G031_2673_end_extract/drive_18/01,0.8091814517974854,False
caption_txt,It is raining.,<DATASET_ROOT>/240205094744_M801C06L62G031_2673_end_extract/drive_2/02,0.8036528825759888,True
caption_txt,It is raining.,<DATASET_ROOT>/240529140943_M801C06L62G031_2673_end_extract/drive_26/04,0.8153428435325623,False
caption_txt,It is raining.,<DATASET_ROOT>/240529140943_M801C06L62G031_2673_end_extract/drive_15/03,0.7564226984977722,False
caption_txt,It is raining.,<DATASET_ROOT>/241018130234_M801C06L62G031_2673_end_extract/drive_7/02,0.9021533727645874,True
caption_txt,It is raining.,<DATASET_ROOT>/240529140943_M801C06L62G031_2673_end_extract/drive_15/04,0.7667664885520935,False
caption_txt,It is raining.,<DATASET_ROOT>/240822084904_M801C06L62G031_2673_end_extract/drive_5/03,0.800981879234314,False
caption_txt,It is raining.,<DATASET_ROOT>/240822084904_M801C06L62G031_2673_end_extract/drive_22/03,0.7687387466430664,False
caption_txt,It is raining.,<DATASET_ROOT>/240822084904_M801C06L62G031_2673_end_extract/drive_6/03,0.7998101711273193,False
caption_txt,It is raining.,<DATASET_ROOT>/231116093002_M801C06L62G031_2673_end_extract/drive_4/02,0.8209643363952637,True
caption_txt,It is raining.,<DATASET_ROOT>/240325141234_M801C06L62G031_2673_end_extract/drive_13/01,0.834157407283783,True
caption_txt,It is raining.,<DATASET_ROOT>/240529140943_M801C06L62G031_2673_end_extract/drive_21/01,0.6909167170524597,False
caption_txt,It is raining.,<DATASET_ROOT>/231116093002_M801C06L62G031_2673_end_extract/drive_1/03,0.8674491047859192,True
caption_txt,It is raining.,<DATASET_ROOT>/240322135559_M801C06L62G031_2673_end_extract/drive_21/02,0.8381059765815735,True
caption_txt,It is raining.,<DATASET_ROOT>/240822084904_M801C06L62G031_2673_end_extract/drive_18/03,0.8075997233390808,False
caption_txt,It is raining.,<DATASET_ROOT>/240322135559_M801C06L62G031_2673_end_extract/drive_15/01,0.8192635774612427,True
caption_txt,It is raining.,<DATASET_ROOT>/241018102947_M801C06L62G031_2673_end_extract/drive_4/01,0.785556435585022,True
caption_txt,It is raining.,<DATASET_ROOT>/240822084904_M801C06L62G031_2673_end_extract/drive_6/01,0.8287274837493896,False
caption_txt,It is raining.,<DATASET_ROOT>/241018130234_M801C06L62G031_2673_end_extract/drive_11/01,0.7601020336151123,True
caption_txt,It is raining.,<DATASET_ROOT>/240325141234_M801C06L62G031_2673_end_extract/drive_11/02,0.8327886462211609,True
caption_txt,It is raining.,<DATASET_ROOT>/240822134456_M801C06L62G031_2673_end_extract/drive_10/04,0.7158991098403931,False
caption_txt,It is raining.,<DATASET_ROOT>/240529140943_M801C06L62G031_2673_end_extract/drive_31/03,0.824931800365448,False
caption_txt,It is raining.,<DATASET_ROOT>/240822134456_M801C06L62G031_2673_end_extract/drive_8/03,0.8007341623306274,False
caption_txt,It is raining.,<DATASET_ROOT>/240530090206_M801C06L62G031_2673_end_extract/drive_24/04,0.8087823987007141,False
caption_txt,It is snowing.,<DATASET_ROOT>/240529140943_M801C06L62G031_2673_end_extract/drive_19/02,0.826502799987793,False
caption_txt,It is snowing.,<DATASET_ROOT>/241018130234_M801C06L62G031_2673_end_extract/drive_16/04,0.7662956714630127,False
caption_txt,It is snowing.,<DATASET_ROOT>/240205094744_M801C06L62G031_2673_end_extract/drive_1/02,0.7115644812583923,False
caption_txt,It is snowing.,<DATASET_ROOT>/231106095132_M801C06L62G031_2673_end_extract/drive_2/03,0.7754331827163696,False
caption_txt,It is snowing.,<DATASET_ROOT>/240529140943_M801C06L62G031_2673_end_extract/drive_27/02,0.7588116526603699,False
caption_txt,It is snowing.,<DATASET_ROOT>/240529140943_M801C06L62G031_2673_end_extract/drive_14/03,0.8202595710754395,False
caption_txt,It is snowing.,<DATASET_ROOT>/240205094744_M801C06L62G031_2673_end_extract/drive_1/01,0.7998899817466736,False
caption_txt,It is snowing.,<DATASET_ROOT>/240530090206_M801C06L62G031_2673_end_extract/drive_16/01,0.7824741005897522,False
caption_txt,It is snowing.,<DATASET_ROOT>/241018130234_M801C06L62G031_2673_end_extract/drive_18/02,0.822629988193512,False
caption_txt,It is snowing.,<DATASET_ROOT>/241018130234_M801C06L62G031_2673_end_extract/drive_13/04,0.7765558362007141,False
caption_txt,It is snowing.,<DATASET_ROOT>/240530090206_M801C06L62G031_2673_end_extract/drive_16/02,0.7747107744216919,False
caption_txt,It is snowing.,<DATASET_ROOT>/241018130234_M801C06L62G031_2673_end_extract/drive_16/01,0.7878828644752502,False
caption_txt,It is snowing.,<DATASET_ROOT>/240205170303_M801C06L62G031_2673_end_extract/drive_2/02,0.7465572357177734,True
caption_txt,It is snowing.,<DATASET_ROOT>/240822084904_M801C06L62G031_2673_end_extract/drive_18/02,0.774343729019165,False
caption_txt,It is snowing.,<DATASET_ROOT>/240530090206_M801C06L62G031_2673_end_extract/drive_16/04,0.7876983284950256,False
caption_txt,It is snowing.,<DATASET_ROOT>/240322135559_M801C06L62G031_2673_end_extract/drive_13/01,0.7285645008087158,False
caption_txt,It is snowing.,<DATASET_ROOT>/241018102947_M801C06L62G031_2673_end_extract/drive_5/01,0.7601763010025024,False
caption_txt,It is snowing.,<DATASET_ROOT>/241018130234_M801C06L62G031_2673_end_extract/drive_17/03,0.7466310858726501,False
caption_txt,It is snowing.,<DATASET_ROOT>/240205094744_M801C06L62G031_2673_end_extract/drive_1/03,0.716558039188385,False
caption_txt,It is snowing.,<DATASET_ROOT>/240205094744_M801C06L62G031_2673_end_extract/drive_2/03,0.7889955043792725,False
caption_txt,It is snowing.,<DATASET_ROOT>/241018130234_M801C06L62G031_2673_end_extract/drive_13/03,0.7741546630859375,False
caption_txt,It is snowing.,<DATASET_ROOT>/241018130234_M801C06L62G031_2673_end_extract/drive_15/03,0.7869063019752502,False
caption_txt,It is snowing.,<DATASET_ROOT>/240205170303_M801C06L62G031_2673_end_extract/drive_1/01,0.839989185333252,True
caption_txt,It is snowing.,<DATASET_ROOT>/241018130234_M801C06L62G031_2673_end_extract/drive_17/04,0.8287140130996704,False
caption_txt,It is snowing.,<DATASET_ROOT>/240529140943_M801C06L62G031_2673_end_extract/drive_27/04,0.7061337232589722,False
caption_txt,It is snowing.,<DATASET_ROOT>/240530090206_M801C06L62G031_2673_end_extract/drive_7/02,0.7790583968162537,False
caption_txt,It is snowing.,<DATASET_ROOT>/231106095132_M801C06L62G031_2673_end_extract/drive_1/02,0.8110743165016174,False
caption_txt,It is snowing.,<DATASET_ROOT>/241018102947_M801C06L62G031_2673_end_extract/drive_5/04,0.869947075843811,False
caption_txt,It is snowing.,<DATASET_ROOT>/240205170303_M801C06L62G031_2673_end_extract/drive_1/02,0.7659297585487366,True
caption_txt,It is snowing.,<DATASET_ROOT>/240205170303_M801C06L62G031_2673_end_extract/drive_2/01,0.8269184827804565,True
caption_txt,It is snowing.,<DATASET_ROOT>/240529140943_M801C06L62G031_2673_end_extract/drive_3/01,0.7670107483863831,False
caption_txt,It is snowing.,<DATASET_ROOT>/240529140943_M801C06L62G031_2673_end_extract/drive_11/04,0.7371346354484558,False
caption_txt,It is snowing.,<DATASET_ROOT>/231106095132_M801C06L62G031_2673_end_extract/drive_2/02,0.7932655215263367,False
caption_txt,It is snowing.,<DATASET_ROOT>/240325141234_M801C06L62G031_2673_end_extract/drive_6/03,0.819309651851654,False
caption_txt,It is snowing.,<DATASET_ROOT>/231106095132_M801C06L62G031_2673_end_extract/drive_1/03,0.7360520362854004,False
caption_txt,It is snowing.,<DATASET_ROOT>/240205170303_M801C06L62G031_2673_end_extract/drive_2/04,0.7834861874580383,True
caption_txt,It is snowing.,<DATASET_ROOT>/240205170303_M801C06L62G031_2673_end_extract/drive_2/03,0.7598755955696106,True
caption_txt,It is snowing.,<DATASET_ROOT>/240530090206_M801C06L62G031_2673_end_extract/drive_2/01,0.8117913603782654,False
caption_txt,It is snowing.,<DATASET_ROOT>/241018130234_M801C06L62G031_2673_end_extract/drive_16/02,0.7370986938476562,False
caption_txt,It is snowing.,<DATASET_ROOT>/241018130234_M801C06L62G031_2673_end_extract/drive_17/01,0.7588710188865662,False
caption_txt,It is snowing.,<DATASET_ROOT>/241018130234_M801C06L62G031_2673_end_extract/drive_14/01,0.7482833862304688,False
caption_txt,It is snowing.,<DATASET_ROOT>/231106095132_M801C06L62G031_2673_end_extract/drive_2/01,0.7586621046066284,False
caption_txt,It is snowing.,<DATASET_ROOT>/240322135559_M801C06L62G031_2673_end_extract/drive_17/02,0.7055407166481018,False
caption_txt,It is snowing.,<DATASET_ROOT>/241018130234_M801C06L62G031_2673_end_extract/drive_16/03,0.769675076007843,False
caption_txt,It is snowing.,<DATASET_ROOT>/241018130234_M801C06L62G031_2673_end_extract/drive_18/04,0.7820930480957031,False
caption_txt,It is snowing.,<DATASET_ROOT>/241018130234_M801C06L62G031_2673_end_extract/drive_14/04,0.7681081891059875,False
caption_txt,It is snowing.,<DATASET_ROOT>/240530090206_M801C06L62G031_2673_end_extract/drive_16/03,0.8138306140899658,False
caption_txt,It is snowing.,<DATASET_ROOT>/231106095132_M801C06L62G031_2673_end_extract/drive_1/01,0.6829999089241028,False
caption_txt,It is snowing.,<DATASET_ROOT>/231106095132_M801C06L62G031_2673_end_extract/drive_1/04,0.7397953867912292,False
caption_txt,It is snowing.,<DATASET_ROOT>/240322135559_M801C06L62G031_2673_end_extract/drive_8/03,0.7966904044151306,False
caption_txt,It is snowing.,<DATASET_ROOT>/241018130234_M801C06L62G031_2673_end_extract/drive_15/02,0.7837531566619873,False
caption_txt,It is snowing.,<DATASET_ROOT>/240530090206_M801C06L62G031_2673_end_extract/drive_15/02,0.7760624289512634,False
caption_txt,It is snowing.,<DATASET_ROOT>/241018130234_M801C06L62G031_2673_end_extract/drive_15/01,0.7603769898414612,False
caption_txt,It is snowing.,<DATASET_ROOT>/241018130234_M801C06L62G031_2673_end_extract/drive_14/02,0.74007248878479,False
caption_txt,It is snowing.,<DATASET_ROOT>/241018130234_M801C06L62G031_2673_end_extract/drive_18/03,0.7557258009910583,False
caption_txt,It is snowing.,<DATASET_ROOT>/240529140943_M801C06L62G031_2673_end_extract/drive_18/03,0.7846387028694153,False
caption_txt,It is snowing.,<DATASET_ROOT>/240205170303_M801C06L62G031_2673_end_extract/drive_1/04,0.7748206853866577,True
caption_txt,It is snowing.,<DATASET_ROOT>/240205094744_M801C06L62G031_2673_end_extract/drive_2/01,0.786534309387207,False
caption_txt,It is snowing.,<DATASET_ROOT>/240322135559_M801C06L62G031_2673_end_extract/drive_14/02,0.7246545553207397,False
caption_txt,It is snowing.,<DATASET_ROOT>/241018130234_M801C06L62G031_2673_end_extract/drive_17/02,0.6752820611000061,False
caption_txt,It is snowing.,<DATASET_ROOT>/240205094744_M801C06L62G031_2673_end_extract/drive_1/04,0.7776355743408203,False
caption_txt,It is snowing.,<DATASET_ROOT>/241018130234_M801C06L62G031_2673_end_extract/drive_14/03,0.6785736680030823,False
caption_txt,It is snowing.,<DATASET_ROOT>/241018130234_M801C06L62G031_2673_end_extract/drive_13/02,0.727886438369751,False
caption_txt,It is snowing.,<DATASET_ROOT>/240325141234_M801C06L62G031_2673_end_extract/drive_6/02,0.8315691947937012,False
caption_txt,It is snowing.,<DATASET_ROOT>/240530090206_M801C06L62G031_2673_end_extract/drive_20/04,0.7894706726074219,False
caption_txt,It is snowing.,<DATASET_ROOT>/240822134456_M801C06L62G031_2673_end_extract/drive_10/03,0.7573471069335938,False
caption_txt,It is snowing.,<DATASET_ROOT>/240529140943_M801C06L62G031_2673_end_extract/drive_4/02,0.7696855068206787,False
caption_txt,It is snowing.,<DATASET_ROOT>/241018102947_M801C06L62G031_2673_end_extract/drive_5/03,0.8538986444473267,False
caption_txt,It is snowing.,<DATASET_ROOT>/240205170303_M801C06L62G031_2673_end_extract/drive_1/03,0.8342949748039246,True
caption_txt,It is snowing.,<DATASET_ROOT>/231106095132_M801C06L62G031_2673_end_extract/drive_2/04,0.7887840867042542,False
caption_txt,It is snowing.,<DATASET_ROOT>/240530090206_M801C06L62G031_2673_end_extract/drive_21/02,0.7752171754837036,False
caption_txt,It is snowing.,<DATASET_ROOT>/241018102947_M801C06L62G031_2673_end_extract/drive_5/02,0.8275509476661682,False
caption_txt,It is snowing.,<DATASET_ROOT>/241018130234_M801C06L62G031_2673_end_extract/drive_13/01,0.7037143111228943,False
caption_txt,It is snowing.,<DATASET_ROOT>/240205094744_M801C06L62G031_2673_end_extract/drive_2/04,0.8087766170501709,False
caption_txt,It is snowing.,<DATASET_ROOT>/240530090206_M801C06L62G031_2673_end_extract/drive_1/02,0.7402979731559753,False
caption_txt,It is snowing.,<DATASET_ROOT>/241018130234_M801C06L62G031_2673_end_extract/drive_15/04,0.6905260682106018,False
caption_txt,It is snowing.,<DATASET_ROOT>/241018130234_M801C06L62G031_2673_end_extract/drive_18/01,0.7578279376029968,False
caption_txt,It is snowing.,<DATASET_ROOT>/240205094744_M801C06L62G031_2673_end_extract/drive_2/02,0.7711941599845886,False
caption_txt,It is snowing.,<DATASET_ROOT>/240529140943_M801C06L62G031_2673_end_extract/drive_26/04,0.7850396037101746,False
caption_txt,It is snowing.,<DATASET_ROOT>/240529140943_M801C06L62G031_2673_end_extract/drive_15/03,0.7441633343696594,False
caption_txt,It is snowing.,<DATASET_ROOT>/241018130234_M801C06L62G031_2673_end_extract/drive_7/02,0.8513350486755371,False
caption_txt,It is snowing.,<DATASET_ROOT>/240529140943_M801C06L62G031_2673_end_extract/drive_15/04,0.7673290371894836,False
caption_txt,It is snowing.,<DATASET_ROOT>/240822084904_M801C06L62G031_2673_end_extract/drive_5/03,0.7864482998847961,False
caption_txt,It is snowing.,<DATASET_ROOT>/240822084904_M801C06L62G031_2673_end_extract/drive_22/03,0.7560392618179321,False
caption_txt,It is snowing.,<DATASET_ROOT>/240822084904_M801C06L62G031_2673_end_extract/drive_6/03,0.7959851026535034,False
caption_txt,It is snowing.,<DATASET_ROOT>/231116093002_M801C06L62G031_2673_end_extract/drive_4/02,0.8013044595718384,False
caption_txt,It is snowing.,<DATASET_ROOT>/240325141234_M801C06L62G031_2673_end_extract/drive_13/01,0.7766545414924622,False
caption_txt,It is snowing.,<DATASET_ROOT>/240529140943_M801C06L62G031_2673_end_extract/drive_21/01,0.6826097965240479,False
caption_txt,It is snowing.,<DATASET_ROOT>/231116093002_M801C06L62G031_2673_end_extract/drive_1/03,0.8039278984069824,False
caption_txt,It is snowing.,<DATASET_ROOT>/240322135559_M801C06L62G031_2673_end_extract/drive_21/02,0.8065232634544373,False
caption_txt,It is snowing.,<DATASET_ROOT>/240822084904_M801C06L62G031_2673_end_extract/drive_18/03,0.7901471853256226,False
caption_txt,It is snowing.,<DATASET_ROOT>/240322135559_M801C06L62G031_2673_end_extract/drive_15/01,0.7678549885749817,False
caption_txt,It is snowing.,<DATASET_ROOT>/241018102947_M801C06L62G031_2673_end_extract/drive_4/01,0.7361642718315125,False
caption_txt,It is snowing.,<DATASET_ROOT>/240822084904_M801C06L62G031_2673_end_extract/drive_6/01,0.793346107006073,False
caption_txt,It is snowing.,<DATASET_ROOT>/241018130234_M801C06L62G031_2673_end_extract/drive_11/01,0.7438056468963623,False
caption_txt,It is snowing.,<DATASET_ROOT>/240325141234_M801C06L62G031_2673_end_extract/drive_11/02,0.7947984933853149,False
caption_txt,It is snowing.,<DATASET_ROOT>/240822134456_M801C06L62G031_2673_end_extract/drive_10/04,0.7299272418022156,False
caption_txt,It is snowing.,<DATASET_ROOT>/240529140943_M801C06L62G031_2673_end_extract/drive_31/03,0.8027365207672119,False
caption_txt,It is snowing.,<DATASET_ROOT>/240822134456_M801C06L62G031_2673_end_extract/drive_8/03,0.799246072769165,False
caption_txt,It is snowing.,<DATASET_ROOT>/240530090206_M801C06L62G031_2673_end_extract/drive_24/04,0.7904364466667175,False
caption_txt,The vehicle drives on a multi-lane highway.,<DATASET_ROOT>/240529140943_M801C06L62G031_2673_end_extract/drive_19/02,0.8587278723716736,False
caption_txt,The vehicle drives on a multi-lane highway.,<DATASET_ROOT>/241018130234_M801C06L62G031_2673_end_extract/drive_16/04,0.8927968740463257,True
caption_txt,The vehicle drives on a multi-lane highway.,<DATASET_ROOT>/240205094744_M801C06L62G031_2673_end_extract/drive_1/02,0.8860023021697998,False
caption_txt,The vehicle drives on a multi-lane highway.,<DATASET_ROOT>/231106095132_M801C06L62G031_2673_end_extract/drive_2/03,0.8568429350852966,False
caption_txt,The vehicle drives on a multi-lane highway.,<DATASET_ROOT>/240529140943_M801C06L62G031_2673_end_extract/drive_27/02,0.8849275708198547,False
caption_txt,The vehicle drives on a multi-lane highway.,<DATASET_ROOT>/240529140943_M801C06L62G031_2673_end_extract/drive_14/03,0.8793415427207947,False
caption_txt,The vehicle drives on a multi-lane highway.,<DATASET_ROOT>/240205094744_M801C06L62G031_2673_end_extract/drive_1/01,0.8642591238021851,False
caption_txt,The vehicle drives on a multi-lane highway.,<DATASET_ROOT>/240530090206_M801C06L62G031_2673_end_extract/drive_16/01,0.8782288432121277,False
caption_txt,The vehicle drives on a multi-lane highway.,<DATASET_ROOT>/241018130234_M801C06L62G031_2673_end_extract/drive_18/02,0.8597626686096191,True
caption_txt,The vehicle drives on a multi-lane highway.,<DATASET_ROOT>/241018130234_M801C06L62G031_2673_end_extract/drive_13/04,0.8885020017623901,True
caption_txt,The vehicle drives on a multi-lane highway.,<DATASET_ROOT>/240530090206_M801C06L62G031_2673_end_extract/drive_16/02,0.8419299125671387,False
caption_txt,The vehicle drives on a multi-lane highway.,<DATASET_ROOT>/241018130234_M801C06L62G031_2673_end_extract/drive_16/01,0.8980198502540588,True
caption_txt,The vehicle drives on a multi-lane highway.,<DATASET_ROOT>/240205170303_M801C06L62G031_2673_end_extract/drive_2/02,0.9003452658653259,True
caption_txt,The vehicle drives on a multi-lane highway.,<DATASET_ROOT>/240822084904_M801C06L62G031_2673_end_extract/drive_18/02,0.8685851097106934,False
caption_txt,The vehicle drives on a multi-lane highway.,<DATASET_ROOT>/240530090206_M801C06L62G031_2673_end_extract/drive_16/04,0.8584570288658142,False
caption_txt,The vehicle drives on a multi-lane highway.,<DATASET_ROOT>/240322135559_M801C06L62G031_2673_end_extract/drive_13/01,0.8669958114624023,False
caption_txt,The vehicle drives on a multi-lane highway.,<DATASET_ROOT>/241018102947_M801C06L62G031_2673_end_extract/drive_5/01,0.8749261498451233,False
caption_txt,The vehicle drives on a multi-lane highway.,<DATASET_ROOT>/241018130234_M801C06L62G031_2673_end_extract/drive_17/03,0.8915281295776367,True
caption_txt,The vehicle drives on a multi-lane highway.,<DATASET_ROOT>/240205094744_M801C06L62G031_2673_end_extract/drive_1/03,0.8565648794174194,False
caption_txt,The vehicle drives on a multi-lane highway.,<DATASET_ROOT>/240205094744_M801C06L62G031_2673_end_extract/drive_2/03,0.8715685606002808,False
caption_txt,The vehicle drives on a multi-lane highway.,<DATASET_ROOT>/241018130234_M801C06L62G031_2673_end_extract/drive_13/03,0.8975716829299927,True
caption_txt,The vehicle drives on a multi-lane highway.,<DATASET_ROOT>/241018130234_M801C06L62G031_2673_end_extract/drive_15/03,0.8747488856315613,True
caption_txt,The vehicle drives on a multi-lane highway.,<DATASET_ROOT>/240205170303_M801C06L62G031_2673_end_extract/drive_1/01,0.9258362054824829,True
caption_txt,The vehicle drives on a multi-lane highway.,<DATASET_ROOT>/241018130234_M801C06L62G031_2673_end_extract/drive_17/04,0.873076856136322,True
caption_txt,The vehicle drives on a multi-lane highway.,<DATASET_ROOT>/240529140943_M801C06L62G031_2673_end_extract/drive_27/04,0.8434624075889587,False
caption_txt,The vehicle drives on a multi-lane highway.,<DATASET_ROOT>/240530090206_M801C06L62G031_2673_end_extract/drive_7/02,0.8784868717193604,False
caption_txt,The vehicle drives on a multi-lane highway.,<DATASET_ROOT>/231106095132_M801C06L62G031_2673_end_extract/drive_1/02,0.8584301471710205,False
caption_txt,The vehicle drives on a multi-lane highway.,<DATASET_ROOT>/241018102947_M801C06L62G031_2673_end_extract/drive_5/04,0.8779292702674866,False
caption_txt,The vehicle drives on a multi-lane highway.,<DATASET_ROOT>/240205170303_M801C06L62G031_2673_end_extract/drive_1/02,0.8398087024688721,True
caption_txt,The vehicle drives on a multi-lane highway.,<DATASET_ROOT>/240205170303_M801C06L62G031_2673_end_extract/drive_2/01,0.8728991150856018,True
caption_txt,The vehicle drives on a multi-lane highway.,<DATASET_ROOT>/240529140943_M801C06L62G031_2673_end_extract/drive_3/01,0.858403205871582,False
caption_txt,The vehicle drives on a multi-lane highway.,<DATASET_ROOT>/240529140943_M801C06L62G031_2673_end_extract/drive_11/04,0.8682489395141602,False
caption_txt,The vehicle drives on a multi-lane highway.,<DATASET_ROOT>/231106095132_M801C06L62G031_2673_end_extract/drive_2/02,0.8726892471313477,False
caption_txt,The vehicle drives on a multi-lane highway.,<DATASET_ROOT>/240325141234_M801C06L62G031_2673_end_extract/drive_6/03,0.8811568021774292,False
caption_txt,The vehicle drives on a multi-lane highway.,<DATASET_ROOT>/231106095132_M801C06L62G031_2673_end_extract/drive_1/03,0.8827604055404663,False
caption_txt,The vehicle drives on a multi-lane highway.,<DATASET_ROOT>/240205170303_M801C06L62G031_2673_end_extract/drive_2/04,0.8842039704322815,True
caption_txt,The vehicle drives on a multi-lane highway.,<DATASET_ROOT>/240205170303_M801C06L62G031_2673_end_extract/drive_2/03,0.8583518266677856,True
caption_txt,The vehicle drives on a multi-lane highway.,<DATASET_ROOT>/240530090206_M801C06L62G031_2673_end_extract/drive_2/01,0.897979736328125,True
caption_txt,The vehicle drives on a multi-lane highway.,<DATASET_ROOT>/241018130234_M801C06L62G031_2673_end_extract/drive_16/02,0.8554372191429138,True
caption_txt,The vehicle drives on a multi-lane highway.,<DATASET_ROOT>/241018130234_M801C06L62G031_2673_end_extract/drive_17/01,0.8988128900527954,True
caption_txt,The vehicle drives on a multi-lane highway.,<DATASET_ROOT>/241018130234_M801C06L62G031_2673_end_extract/drive_14/01,0.8805837035179138,False
caption_txt,The vehicle drives on a multi-lane highway.,<DATASET_ROOT>/231106095132_M801C06L62G031_2673_end_extract/drive_2/01,0.8935786485671997,False
caption_txt,The vehicle drives on a multi-lane highway.,<DATASET_ROOT>/240322135559_M801C06L62G031_2673_end_extract/drive_17/02,0.8648607134819031,False
caption_txt,The vehicle drives on a multi-lane highway.,<DATASET_ROOT>/241018130234_M801C06L62G031_2673_end_extract/drive_16/03,0.8740549683570862,True
caption_txt,The vehicle drives on a multi-lane highway.,<DATASET_ROOT>/241018130234_M801C06L62G031_2673_end_extract/drive_18/04,0.881575882434845,True
caption_txt,The vehicle drives on a multi-lane highway.,<DATASET_ROOT>/241018130234_M801C06L62G031_2673_end_extract/drive_14/04,0.8794077038764954,False
caption_txt,The vehicle drives on a multi-lane highway.,<DATASET_ROOT>/240530090206_M801C06L62G031_2673_end_extract/drive_16/03,0.8765645027160645,False
caption_txt,The vehicle drives on a multi-lane highway.,<DATASET_ROOT>/231106095132_M801C06L62G031_2673_end_extract/drive_1/01,0.7711842060089111,False
caption_txt,The vehicle drives on a multi-lane highway.,<DATASET_ROOT>/231106095132_M801C06L62G031_2673_end_extract/drive_1/04,0.8758746385574341,False
caption_txt,The vehicle drives on a multi-lane highway.,<DATASET_ROOT>/240322135559_M801C06L62G031_2673_end_extract/drive_8/03,0.8665551543235779,False
caption_txt,The vehicle drives on a multi-lane highway.,<DATASET_ROOT>/241018130234_M801C06L62G031_2673_end_extract/drive_15/02,0.8694206476211548,True
caption_txt,The vehicle drives on a multi-lane highway.,<DATASET_ROOT>/240530090206_M801C06L62G031_2673_end_extract/drive_15/02,0.8881461024284363,True
caption_txt,The vehicle drives on a multi-lane highway.,<DATASET_ROOT>/241018130234_M801C06L62G031_2673_end_extract/drive_15/01,0.8893790245056152,True
caption_txt,The vehicle drives on a multi-lane highway.,<DATASET_ROOT>/241018130234_M801C06L62G031_2673_end_extract/drive_14/02,0.8547879457473755,False
caption_txt,The vehicle drives on a multi-lane highway.,<DATASET_ROOT>/241018130234_M801C06L62G031_2673_end_extract/drive_18/03,0.8630126714706421,True
caption_txt,The vehicle drives on a multi-lane highway.,<DATASET_ROOT>/240529140943_M801C06L62G031_2673_end_extract/drive_18/03,0.8680717349052429,False
caption_txt,The vehicle drives on a multi-lane highway.,<DATASET_ROOT>/240205170303_M801C06L62G031_2673_end_extract/drive_1/04,0.9081857800483704,True
caption_txt,The vehicle drives on a multi-lane highway.,<DATASET_ROOT>/240205094744_M801C06L62G031_2673_end_extract/drive_2/01,0.8375023603439331,False
caption_txt,The vehicle drives on a multi-lane highway.,<DATASET_ROOT>/240322135559_M801C06L62G031_2673_end_extract/drive_14/02,0.8724833726882935,False
caption_txt,The vehicle drives on a multi-lane highway.,<DATASET_ROOT>/241018130234_M801C06L62G031_2673_end_extract/drive_17/02,0.8658307194709778,True
caption_txt,The vehicle drives on a multi-lane highway.,<DATASET_ROOT>/240205094744_M801C06L62G031_2673_end_extract/drive_1/04,0.882420539855957,False
caption_txt,The vehicle drives on a multi-lane highway.,<DATASET_ROOT>/241018130234_M801C06L62G031_2673_end_extract/drive_14/03,0.8578000664710999,False
caption_txt,The vehicle drives on a multi-lane highway.,<DATASET_ROOT>/241018130234_M801C06L62G031_2673_end_extract/drive_13/02,0.8874441385269165,True
caption_txt,The vehicle drives on a multi-lane highway.,<DATASET_ROOT>/240325141234_M801C06L62G031_2673_end_extract/drive_6/02,0.867104172706604,False
caption_txt,The vehicle drives on a multi-lane highway.,<DATASET_ROOT>/240530090206_M801C06L62G031_2673_end_extract/drive_20/04,0.86728435754776,False
caption_txt,The vehicle drives on a multi-lane highway.,<DATASET_ROOT>/240822134456_M801C06L62G031_2673_end_extract/drive_10/03,0.8869537115097046,False
caption_txt,The vehicle drives on a multi-lane highway.,<DATASET_ROOT>/240529140943_M801C06L62G031_2673_end_extract/drive_4/02,0.8675957322120667,False
caption_txt,The vehicle drives on a multi-lane highway.,<DATASET_ROOT>/241018102947_M801C06L62G031_2673_end_extract/drive_5/03,0.8818181753158569,False
caption_txt,The vehicle drives on a multi-lane highway.,<DATASET_ROOT>/240205170303_M801C06L62G031_2673_end_extract/drive_1/03,0.8862150311470032,True
caption_txt,The vehicle drives on a multi-lane highway.,<DATASET_ROOT>/231106095132_M801C06L62G031_2673_end_extract/drive_2/04,0.8857558965682983,False
caption_txt,The vehicle drives on a multi-lane highway.,<DATASET_ROOT>/240530090206_M801C06L62G031_2673_end_extract/drive_21/02,0.8843221068382263,True
caption_txt,The vehicle drives on a multi-lane highway.,<DATASET_ROOT>/241018102947_M801C06L62G031_2673_end_extract/drive_5/02,0.9070894718170166,False
caption_txt,The vehicle drives on a multi-lane highway.,<DATASET_ROOT>/241018130234_M801C06L62G031_2673_end_extract/drive_13/01,0.8931614756584167,True
caption_txt,The vehicle drives on a multi-lane highway.,<DATASET_ROOT>/240205094744_M801C06L62G031_2673_end_extract/drive_2/04,0.8751562833786011,False
caption_txt,The vehicle drives on a multi-lane highway.,<DATASET_ROOT>/240530090206_M801C06L62G031_2673_end_extract/drive_1/02,0.8438106179237366,True
caption_txt,The vehicle drives on a multi-lane highway.,<DATASET_ROOT>/241018130234_M801C06L62G031_2673_end_extract/drive_15/04,0.8623204231262207,True
caption_txt,The vehicle drives on a multi-lane highway.,<DATASET_ROOT>/241018130234_M801C06L62G031_2673_end_extract/drive_18/01,0.8566513657569885,True
caption_txt,The vehicle drives on a multi-lane highway.,<DATASET_ROOT>/240205094744_M801C06L62G031_2673_end_extract/drive_2/02,0.8884239196777344,False
caption_txt,The vehicle drives on a multi-lane highway.,<DATASET_ROOT>/240529140943_M801C06L62G031_2673_end_extract/drive_26/04,0.8792099952697754,True
caption_txt,The vehicle drives on a multi-lane highway.,<DATASET_ROOT>/240529140943_M801C06L62G031_2673_end_extract/drive_15/03,0.8553605079650879,False
caption_txt,The vehicle drives on a multi-lane highway.,<DATASET_ROOT>/241018130234_M801C06L62G031_2673_end_extract/drive_7/02,0.875555694103241,True
caption_txt,The vehicle drives on a multi-lane highway.,<DATASET_ROOT>/240529140943_M801C06L62G031_2673_end_extract/drive_15/04,0.8615544438362122,False
caption_txt,The vehicle drives on a multi-lane highway.,<DATASET_ROOT>/240822084904_M801C06L62G031_2673_end_extract/drive_5/03,0.8776428699493408,False
caption_txt,The vehicle drives on a multi-lane highway.,<DATASET_ROOT>/240822084904_M801C06L62G031_2673_end_extract/drive_22/03,0.8742578029632568,False
caption_txt,The vehicle drives on a multi-lane highway.,<DATASET_ROOT>/240822084904_M801C06L62G031_2673_end_extract/drive_6/03,0.8878834247589111,False
caption_txt,The vehicle drives on a multi-lane highway.,<DATASET_ROOT>/231116093002_M801C06L62G031_2673_end_extract/drive_4/02,0.9123923182487488,True
caption_txt,The vehicle drives on a multi-lane highway.,<DATASET_ROOT>/240325141234_M801C06L62G031_2673_end_extract/drive_13/01,0.868280291557312,True
caption_txt,The vehicle drives on a multi-lane highway.,<DATASET_ROOT>/240529140943_M801C06L62G031_2673_end_extract/drive_21/01,0.8720324635505676,False
caption_txt,The vehicle drives on a multi-lane highway.,<DATASET_ROOT>/231116093002_M801C06L62G031_2673_end_extract/drive_1/03,0.874251127243042,True
caption_txt,The vehicle drives on a multi-lane highway.,<DATASET_ROOT>/240322135559_M801C06L62G031_2673_end_extract/drive_21/02,0.8781176209449768,False
caption_txt,The vehicle drives on a multi-lane highway.,<DATASET_ROOT>/240822084904_M801C06L62G031_2673_end_extract/drive_18/03,0.8776552677154541,False
caption_txt,The vehicle drives on a multi-lane highway.,<DATASET_ROOT>/240322135559_M801C06L62G031_2673_end_extract/drive_15/01,0.8724255561828613,True
caption_txt,The vehicle drives on a multi-lane highway.,<DATASET_ROOT>/241018102947_M801C06L62G031_2673_end_extract/drive_4/01,0.8637863397598267,False
caption_txt,The vehicle drives on a multi-lane highway.,<DATASET_ROOT>/240822084904_M801C06L62G031_2673_end_extract/drive_6/01,0.8949941992759705,False
caption_txt,The vehicle drives on a multi-lane highway.,<DATASET_ROOT>/241018130234_M801C06L62G031_2673_end_extract/drive_11/01,0.8937630653381348,True
caption_txt,The vehicle drives on a multi-lane highway.,<DATASET_ROOT>/240325141234_M801C06L62G031_2673_end_extract/drive_11/02,0.9041325449943542,True
caption_txt,The vehicle drives on a multi-lane highway.,<DATASET_ROOT>/240822134456_M801C06L62G031_2673_end_extract/drive_10/04,0.8521357178688049,False
caption_txt,The vehicle drives on a multi-lane highway.,<DATASET_ROOT>/240529140943_M801C06L62G031_2673_end_extract/drive_31/03,0.8626499772071838,True
caption_txt,The vehicle drives on a multi-lane highway.,<DATASET_ROOT>/240822134456_M801C06L62G031_2673_end_extract/drive_8/03,0.9010798931121826,False
caption_txt,The vehicle drives on a multi-lane highway.,<DATASET_ROOT>/240530090206_M801C06L62G031_2673_end_extract/drive_24/04,0.8641945123672485,False
sb_caption_2,The vehicle is turning right.,<DATASET_ROOT>/240529140943_M801C06L62G031_2673_end_extract/drive_19/02,0.8168248534202576,True
sb_caption_2,The vehicle is turning right.,<DATASET_ROOT>/241018130234_M801C06L62G031_2673_end_extract/drive_16/04,0.7818306088447571,False
sb_caption_2,The vehicle is turning right.,<DATASET_ROOT>/240205094744_M801C06L62G031_2673_end_extract/drive_1/02,0.8645094037055969,False
sb_caption_2,The vehicle is turning right.,<DATASET_ROOT>/231106095132_M801C06L62G031_2673_end_extract/drive_2/03,0.9012503623962402,False
sb_caption_2,The vehicle is turning right.,<DATASET_ROOT>/240529140943_M801C06L62G031_2673_end_extract/drive_27/02,0.8545020818710327,False
sb_caption_2,The vehicle is turning right.,<DATASET_ROOT>/240529140943_M801C06L62G031_2673_end_extract/drive_14/03,0.9036616683006287,True
sb_caption_2,The vehicle is turning right.,<DATASET_ROOT>/240205094744_M801C06L62G031_2673_end_extract/drive_1/01,0.9084864258766174,False
sb_caption_2,The vehicle is turning right.,<DATASET_ROOT>/240530090206_M801C06L62G031_2673_end_extract/drive_16/01,0.8627588748931885,False
sb_caption_2,The vehicle is turning right.,<DATASET_ROOT>/241018130234_M801C06L62G031_2673_end_extract/drive_18/02,0.8414164781570435,False
sb_caption_2,The vehicle is turning right.,<DATASET_ROOT>/241018130234_M801C06L62G031_2673_end_extract/drive_13/04,0.8511823415756226,False
sb_caption_2,The vehicle is turning right.,<DATASET_ROOT>/240530090206_M801C06L62G031_2673_end_extract/drive_16/02,0.8577446341514587,False
sb_caption_2,The vehicle is turning right.,<DATASET_ROOT>/241018130234_M801C06L62G031_2673_end_extract/drive_16/01,0.8379656076431274,False
sb_caption_2,The vehicle is turning right.,<DATASET_ROOT>/240205170303_M801C06L62G031_2673_end_extract/drive_2/02,0.7858080267906189,False
sb_caption_2,The vehicle is turning right.,<DATASET_ROOT>/240822084904_M801C06L62G031_2673_end_extract/drive_18/02,0.8362561464309692,False
sb_caption_2,The vehicle is turning right.,<DATASET_ROOT>/240530090206_M801C06L62G031_2673_end_extract/drive_16/04,0.82051682472229,False
sb_caption_2,The vehicle is turning right.,<DATASET_ROOT>/240322135559_M801C06L62G031_2673_end_extract/drive_13/01,0.8645094037055969,True
sb_caption_2,The vehicle is turning right.,<DATASET_ROOT>/241018102947_M801C06L62G031_2673_end_extract/drive_5/01,0.8645094037055969,False
sb_caption_2,The vehicle is turning right.,<DATASET_ROOT>/241018130234_M801C06L62G031_2673_end_extract/drive_17/03,0.8604520559310913,False
sb_caption_2,The vehicle is turning right.,<DATASET_ROOT>/240205094744_M801C06L62G031_2673_end_extract/drive_1/03,0.8188474178314209,False
sb_caption_2,The vehicle is turning right.,<DATASET_ROOT>/240205094744_M801C06L62G031_2673_end_extract/drive_2/03,0.8778481483459473,False
sb_caption_2,The vehicle is turning right.,<DATASET_ROOT>/241018130234_M801C06L62G031_2673_end_extract/drive_13/03,0.8152997493743896,False
sb_caption_2,The vehicle is turning right.,<DATASET_ROOT>/241018130234_M801C06L62G031_2673_end_extract/drive_15/03,0.7608502507209778,False
sb_caption_2,The vehicle is turning right.,<DATASET_ROOT>/240205170303_M801C06L62G031_2673_end_extract/drive_1/01,0.8728657960891724,False
sb_caption_2,The vehicle is turning right.,<DATASET_ROOT>/241018130234_M801C06L62G031_2673_end_extract/drive_17/04,0.8982599377632141,False
sb_caption_2,The vehicle is turning right.,<DATASET_ROOT>/240529140943_M801C06L62G031_2673_end_extract/drive_27/04,0.886803150177002,True
sb_caption_2,The vehicle is turning right.,<DATASET_ROOT>/240530090206_M801C06L62G031_2673_end_extract/drive_7/02,0.8390757441520691,True
sb_caption_2,The vehicle is turning right.,<DATASET_ROOT>/231106095132_M801C06L62G031_2673_end_extract/drive_1/02,0.8795698881149292,False
sb_caption_2,The vehicle is turning right.,<DATASET_ROOT>/241018102947_M801C06L62G031_2673_end_extract/drive_5/04,0.8645094037055969,False
sb_caption_2,The vehicle is turning right.,<DATASET_ROOT>/240205170303_M801C06L62G031_2673_end_extract/drive_1/02,0.8917800784111023,False
sb_caption_2,The vehicle is turning right.,<DATASET_ROOT>/240205170303_M801C06L62G031_2673_end_extract/drive_2/01,0.7966501116752625,False
sb_caption_2,The vehicle is turning right.,<DATASET_ROOT>/240529140943_M801C06L62G031_2673_end_extract/drive_3/01,0.8168248534202576,True
sb_caption_2,The vehicle is turning right.,<DATASET_ROOT>/240529140943_M801C06L62G031_2673_end_extract/drive_11/04,0.8162145614624023,True
sb_caption_2,The vehicle is turning right.,<DATASET_ROOT>/231106095132_M801C06L62G031_2673_end_extract/drive_2/02,0.8920149803161621,False
sb_caption_2,The vehicle is turning right.,<DATASET_ROOT>/240325141234_M801C06L62G031_2673_end_extract/drive_6/03,0.8162145614624023,False
sb_caption_2,The vehicle is turning right.,<DATASET_ROOT>/231106095132_M801C06L62G031_2673_end_extract/drive_1/03,0.891422688961029,False
sb_caption_2,The vehicle is turning right.,<DATASET_ROOT>/240205170303_M801C06L62G031_2673_end_extract/drive_2/04,0.8216967582702637,False
sb_caption_2,The vehicle is turning right.,<DATASET_ROOT>/240205170303_M801C06L62G031_2673_end_extract/drive_2/03,0.8577338457107544,False
sb_caption_2,The vehicle is turning right.,<DATASET_ROOT>/240530090206_M801C06L62G031_2673_end_extract/drive_2/01,0.8598901629447937,False
sb_caption_2,The vehicle is turning right.,<DATASET_ROOT>/241018130234_M801C06L62G031_2673_end_extract/drive_16/02,0.8243318200111389,False
sb_caption_2,The vehicle is turning right.,<DATASET_ROOT>/241018130234_M801C06L62G031_2673_end_extract/drive_17/01,0.8920149803161621,False
sb_caption_2,The vehicle is turning right.,<DATASET_ROOT>/241018130234_M801C06L62G031_2673_end_extract/drive_14/01,0.8145456314086914,False
sb_caption_2,The vehicle is turning right.,<DATASET_ROOT>/231106095132_M801C06L62G031_2673_end_extract/drive_2/01,0.8645094037055969,False
sb_caption_2,The vehicle is turning right.,<DATASET_ROOT>/240322135559_M801C06L62G031_2673_end_extract/drive_17/02,0.8764185309410095,True
sb_caption_2,The vehicle is turning right.,<DATASET_ROOT>/241018130234_M801C06L62G031_2673_end_extract/drive_16/03,0.8374218344688416,False
sb_caption_2,The vehicle is turning right.,<DATASET_ROOT>/241018130234_M801C06L62G031_2673_end_extract/drive_18/04,0.8886692523956299,False
sb_caption_2,The vehicle is turning right.,<DATASET_ROOT>/241018130234_M801C06L62G031_2673_end_extract/drive_14/04,0.8292768597602844,False
sb_caption_2,The vehicle is turning right.,<DATASET_ROOT>/240530090206_M801C06L62G031_2673_end_extract/drive_16/03,0.774868905544281,False
sb_caption_2,The vehicle is turning right.,<DATASET_ROOT>/231106095132_M801C06L62G031_2673_end_extract/drive_1/01,0.840148389339447,True
sb_caption_2,The vehicle is turning right.,<DATASET_ROOT>/231106095132_M801C06L62G031_2673_end_extract/drive_1/04,0.9140002131462097,False
sb_caption_2,The vehicle is turning right.,<DATASET_ROOT>/240322135559_M801C06L62G031_2673_end_extract/drive_8/03,0.8764185309410095,False
sb_caption_2,The vehicle is turning right.,<DATASET_ROOT>/241018130234_M801C06L62G031_2673_end_extract/drive_15/02,0.8162145614624023,False
sb_caption_2,The vehicle is turning right.,<DATASET_ROOT>/240530090206_M801C06L62G031_2673_end_extract/drive_15/02,0.8813321590423584,True
sb_caption_2,The vehicle is turning right.,<DATASET_ROOT>/241018130234_M801C06L62G031_2673_end_extract/drive_15/01,0.7796753644943237,False
sb_caption_2,The vehicle is turning right.,<DATASET_ROOT>/241018130234_M801C06L62G031_2673_end_extract/drive_14/02,0.8302337527275085,False
sb_caption_2,The vehicle is turning right.,<DATASET_ROOT>/241018130234_M801C06L62G031_2673_end_extract/drive_18/03,0.7898733615875244,False
sb_caption_2,The vehicle is turning right.,<DATASET_ROOT>/240529140943_M801C06L62G031_2673_end_extract/drive_18/03,0.8303965926170349,True
sb_caption_2,The vehicle is turning right.,<DATASET_ROOT>/240205170303_M801C06L62G031_2673_end_extract/drive_1/04,0.8204240798950195,False
sb_caption_2,The vehicle is turning right.,<DATASET_ROOT>/240205094744_M801C06L62G031_2673_end_extract/drive_2/01,0.802200973033905,False
sb_caption_2,The vehicle is turning right.,<DATASET_ROOT>/240322135559_M801C06L62G031_2673_end_extract/drive_14/02,0.8934035301208496,True
sb_caption_2,The vehicle is turning right.,<DATASET_ROOT>/241018130234_M801C06L62G031_2673_end_extract/drive_17/02,0.8814849257469177,False
sb_caption_2,The vehicle is turning right.,<DATASET_ROOT>/240205094744_M801C06L62G031_2673_end_extract/drive_1/04,0.8647398948669434,False
sb_caption_2,The vehicle is turning right.,<DATASET_ROOT>/241018130234_M801C06L62G031_2673_end_extract/drive_14/03,0.8645094037055969,False
sb_caption_2,The vehicle is turning right.,<DATASET_ROOT>/241018130234_M801C06L62G031_2673_end_extract/drive_13/02,0.8527235984802246,False
sb_caption_2,The vehicle is turning right.,<DATASET_ROOT>/240325141234_M801C06L62G031_2673_end_extract/drive_6/02,0.7967690229415894,False
sb_caption_2,The vehicle is turning right.,<DATASET_ROOT>/240530090206_M801C06L62G031_2673_end_extract/drive_20/04,0.8645094037055969,True
sb_caption_2,The vehicle is turning right.,<DATASET_ROOT>/240822134456_M801C06L62G031_2673_end_extract/drive_10/03,0.8707661032676697,False
sb_caption_2,The vehicle is turning right.,<DATASET_ROOT>/240529140943_M801C06L62G031_2673_end_extract/drive_4/02,0.8606735467910767,False
sb_caption_2,The vehicle is turning right.,<DATASET_ROOT>/241018102947_M801C06L62G031_2673_end_extract/drive_5/03,0.7954391241073608,False
sb_caption_2,The vehicle is turning right.,<DATASET_ROOT>/240205170303_M801C06L62G031_2673_end_extract/drive_1/03,0.8560447692871094,False
sb_caption_2,The vehicle is turning right.,<DATASET_ROOT>/231106095132_M801C06L62G031_2673_end_extract/drive_2/04,0.8205277323722839,False
sb_caption_2,The vehicle is turning right.,<DATASET_ROOT>/240530090206_M801C06L62G031_2673_end_extract/drive_21/02,0.8548052310943604,True
sb_caption_2,The vehicle is turning right.,<DATASET_ROOT>/241018102947_M801C06L62G031_2673_end_extract/drive_5/02,0.8205769658088684,False
sb_caption_2,The vehicle is turning right.,<DATASET_ROOT>/241018130234_M801C06L62G031_2673_end_extract/drive_13/01,0.8645094037055969,False
sb_caption_2,The vehicle is turning right.,<DATASET_ROOT>/240205094744_M801C06L62G031_2673_end_extract/drive_2/04,0.8455294966697693,False
sb_caption_2,The vehicle is turning right.,<DATASET_ROOT>/240530090206_M801C06L62G031_2673_end_extract/drive_1/02,0.8756237626075745,True
sb_caption_2,The vehicle is turning right.,<DATASET_ROOT>/241018130234_M801C06L62G031_2673_end_extract/drive_15/04,0.8214301466941833,False
sb_caption_2,The vehicle is turning right.,<DATASET_ROOT>/241018130234_M801C06L62G031_2673_end_extract/drive_18/01,0.8162145614624023,False
sb_caption_2,The vehicle is turning right.,<DATASET_ROOT>/240205094744_M801C06L62G031_2673_end_extract/drive_2/02,0.8229446411132812,False
sb_caption_2,The vehicle is turning right.,<DATASET_ROOT>/240529140943_M801C06L62G031_2673_end_extract/drive_26/04,0.885532021522522,False
sb_caption_2,The vehicle is turning right.,<DATASET_ROOT>/240529140943_M801C06L62G031_2673_end_extract/drive_15/03,0.845756471157074,False
sb_caption_2,The vehicle is turning right.,<DATASET_ROOT>/241018130234_M801C06L62G031_2673_end_extract/drive_7/02,0.8645094037055969,False
sb_caption_2,The vehicle is turning right.,<DATASET_ROOT>/240529140943_M801C06L62G031_2673_end_extract/drive_15/04,0.8277714252471924,False
sb_caption_2,The vehicle is turning right.,<DATASET_ROOT>/240822084904_M801C06L62G031_2673_end_extract/drive_5/03,0.8707661032676697,False
sb_caption_2,The vehicle is turning right.,<DATASET_ROOT>/240822084904_M801C06L62G031_2673_end_extract/drive_22/03,0.8190988302230835,False
sb_caption_2,The vehicle is turning right.,<DATASET_ROOT>/240822084904_M801C06L62G031_2673_end_extract/drive_6/03,0.8899437785148621,False
sb_caption_2,The vehicle is turning right.,<DATASET_ROOT>/231116093002_M801C06L62G031_2673_end_extract/drive_4/02,0.9084864258766174,False
sb_caption_2,The vehicle is turning right.,<DATASET_ROOT>/240325141234_M801C06L62G031_2673_end_extract/drive_13/01,0.8530462384223938,False
sb_caption_2,The vehicle is turning right.,<DATASET_ROOT>/240529140943_M801C06L62G031_2673_end_extract/drive_21/01,0.8254414796829224,False
sb_caption_2,The vehicle is turning right.,<DATASET_ROOT>/231116093002_M801C06L62G031_2673_end_extract/drive_1/03,0.8800174593925476,False
sb_caption_2,The vehicle is turning right.,<DATASET_ROOT>/240322135559_M801C06L62G031_2673_end_extract/drive_21/02,0.8920149803161621,False
sb_caption_2,The vehicle is turning right.,<DATASET_ROOT>/240822084904_M801C06L62G031_2673_end_extract/drive_18/03,0.8457425236701965,False
sb_caption_2,The vehicle is turning right.,<DATASET_ROOT>/240322135559_M801C06L62G031_2673_end_extract/drive_15/01,0.9005126357078552,False
sb_caption_2,The vehicle is turning right.,<DATASET_ROOT>/241018102947_M801C06L62G031_2673_end_extract/drive_4/01,0.7698239684104919,False
sb_caption_2,The vehicle is turning right.,<DATASET_ROOT>/240822084904_M801C06L62G031_2673_end_extract/drive_6/01,0.8136387467384338,False
sb_caption_2,The vehicle is turning right.,<DATASET_ROOT>/241018130234_M801C06L62G031_2673_end_extract/drive_11/01,0.8457003831863403,False
sb_caption_2,The vehicle is turning right.,<DATASET_ROOT>/240325141234_M801C06L62G031_2673_end_extract/drive_11/02,0.8271306157112122,False
sb_caption_2,The vehicle is turning right.,<DATASET_ROOT>/240822134456_M801C06L62G031_2673_end_extract/drive_10/04,0.8553844690322876,False
sb_caption_2,The vehicle is turning right.,<DATASET_ROOT>/240529140943_M801C06L62G031_2673_end_extract/drive_31/03,0.8204240798950195,False
sb_caption_2,The vehicle is turning right.,<DATASET_ROOT>/240822134456_M801C06L62G031_2673_end_extract/drive_8/03,0.8681641221046448,False
sb_caption_2,The vehicle is turning right.,<DATASET_ROOT>/240530090206_M801C06L62G031_2673_end_extract/drive_24/04,0.8665190935134888,False
sb_caption_2,The vehicle is turning left.,<DATASET_ROOT>/240529140943_M801C06L62G031_2673_end_extract/drive_19/02,0.8044000864028931,False
sb_caption_2,The vehicle is turning left.,<DATASET_ROOT>/241018130234_M801C06L62G031_2673_end_extract/drive_16/04,0.7875596284866333,False
sb_caption_2,The vehicle is turning left.,<DATASET_ROOT>/240205094744_M801C06L62G031_2673_end_extract/drive_1/02,0.8685619831085205,False
sb_caption_2,The vehicle is turning left.,<DATASET_ROOT>/231106095132_M801C06L62G031_2673_end_extract/drive_2/03,0.8972656726837158,False
sb_caption_2,The vehicle is turning left.,<DATASET_ROOT>/240529140943_M801C06L62G031_2673_end_extract/drive_27/02,0.8650825023651123,True
sb_caption_2,The vehicle is turning left.,<DATASET_ROOT>/240529140943_M801C06L62G031_2673_end_extract/drive_14/03,0.9049861431121826,False
sb_caption_2,The vehicle is turning left.,<DATASET_ROOT>/240205094744_M801C06L62G031_2673_end_extract/drive_1/01,0.9067513942718506,False
sb_caption_2,The vehicle is turning left.,<DATASET_ROOT>/240530090206_M801C06L62G031_2673_end_extract/drive_16/01,0.855490505695343,False
sb_caption_2,The vehicle is turning left.,<DATASET_ROOT>/241018130234_M801C06L62G031_2673_end_extract/drive_18/02,0.8536267876625061,False
sb_caption_2,The vehicle is turning left.,<DATASET_ROOT>/241018130234_M801C06L62G031_2673_end_extract/drive_13/04,0.8540371656417847,False
sb_caption_2,The vehicle is turning left.,<DATASET_ROOT>/240530090206_M801C06L62G031_2673_end_extract/drive_16/02,0.8589423298835754,False
sb_caption_2,The vehicle is turning left.,<DATASET_ROOT>/241018130234_M801C06L62G031_2673_end_extract/drive_16/01,0.8263640999794006,False
sb_caption_2,The vehicle is turning left.,<DATASET_ROOT>/240205170303_M801C06L62G031_2673_end_extract/drive_2/02,0.78706294298172,False
sb_caption_2,The vehicle is turning left.,<DATASET_ROOT>/240822084904_M801C06L62G031_2673_end_extract/drive_18/02,0.8365160226821899,True
sb_caption_2,The vehicle is turning left.,<DATASET_ROOT>/240530090206_M801C06L62G031_2673_end_extract/drive_16/04,0.825007975101471,False
sb_caption_2,The vehicle is turning left.,<DATASET_ROOT>/240322135559_M801C06L62G031_2673_end_extract/drive_13/01,0.8685619831085205,False
sb_caption_2,The vehicle is turning left.,<DATASET_ROOT>/241018102947_M801C06L62G031_2673_end_extract/drive_5/01,0.8685619831085205,False
sb_caption_2,The vehicle is turning left.,<DATASET_ROOT>/241018130234_M801C06L62G031_2673_end_extract/drive_17/03,0.868998646736145,False
sb_caption_2,The vehicle is turning left.,<DATASET_ROOT>/240205094744_M801C06L62G031_2673_end_extract/drive_1/03,0.8225628733634949,False
sb_caption_2,The vehicle is turning left.,<DATASET_ROOT>/240205094744_M801C06L62G031_2673_end_extract/drive_2/03,0.8768638968467712,False
sb_caption_2,The vehicle is turning left.,<DATASET_ROOT>/241018130234_M801C06L62G031_2673_end_extract/drive_13/03,0.8188434839248657,False
sb_caption_2,The vehicle is turning left.,<DATASET_ROOT>/241018130234_M801C06L62G031_2673_end_extract/drive_15/03,0.7644979953765869,False
sb_caption_2,The vehicle is turning left.,<DATASET_ROOT>/240205170303_M801C06L62G031_2673_end_extract/drive_1/01,0.8721936345100403,False
sb_caption_2,The vehicle is turning left.,<DATASET_ROOT>/241018130234_M801C06L62G031_2673_end_extract/drive_17/04,0.8966979384422302,False
sb_caption_2,The vehicle is turning left.,<DATASET_ROOT>/240529140943_M801C06L62G031_2673_end_extract/drive_27/04,0.8901099562644958,False
sb_caption_2,The vehicle is turning left.,<DATASET_ROOT>/240530090206_M801C06L62G031_2673_end_extract/drive_7/02,0.8257689476013184,False
sb_caption_2,The vehicle is turning left.,<DATASET_ROOT>/231106095132_M801C06L62G031_2673_end_extract/drive_1/02,0.8718697428703308,False
sb_caption_2,The vehicle is turning left.,<DATASET_ROOT>/241018102947_M801C06L62G031_2673_end_extract/drive_5/04,0.8685619831085205,False
sb_caption_2,The vehicle is turning left.,<DATASET_ROOT>/240205170303_M801C06L62G031_2673_end_extract/drive_1/02,0.8879451155662537,False
sb_caption_2,The vehicle is turning left.,<DATASET_ROOT>/240205170303_M801C06L62G031_2673_end_extract/drive_2/01,0.8044000864028931,False
sb_caption_2,The vehicle is turning left.,<DATASET_ROOT>/240529140943_M801C06L62G031_2673_end_extract/drive_3/01,0.8197948932647705,False
sb_caption_2,The vehicle is turning left.,<DATASET_ROOT>/240529140943_M801C06L62G031_2673_end_extract/drive_11/04,0.8197948932647705,False
sb_caption_2,The vehicle is turning left.,<DATASET_ROOT>/231106095132_M801C06L62G031_2673_end_extract/drive_2/02,0.8945774435997009,False
sb_caption_2,The vehicle is turning left.,<DATASET_ROOT>/240325141234_M801C06L62G031_2673_end_extract/drive_6/03,0.8197948932647705,True
sb_caption_2,The vehicle is turning left.,<DATASET_ROOT>/231106095132_M801C06L62G031_2673_end_extract/drive_1/03,0.8909315466880798,False
sb_caption_2,The vehicle is turning left.,<DATASET_ROOT>/240205170303_M801C06L62G031_2673_end_extract/drive_2/04,0.8156046271324158,False
sb_caption_2,The vehicle is turning left.,<DATASET_ROOT>/240205170303_M801C06L62G031_2673_end_extract/drive_2/03,0.867523193359375,False
sb_caption_2,The vehicle is turning left.,<DATASET_ROOT>/240530090206_M801C06L62G031_2673_end_extract/drive_2/01,0.8615140914916992,True
sb_caption_2,The vehicle is turning left.,<DATASET_ROOT>/241018130234_M801C06L62G031_2673_end_extract/drive_16/02,0.8284342885017395,False
sb_caption_2,The vehicle is turning left.,<DATASET_ROOT>/241018130234_M801C06L62G031_2673_end_extract/drive_17/01,0.8945774435997009,False
sb_caption_2,The vehicle is turning left.,<DATASET_ROOT>/241018130234_M801C06L62G031_2673_end_extract/drive_14/01,0.8142510056495667,False
sb_caption_2,The vehicle is turning left.,<DATASET_ROOT>/231106095132_M801C06L62G031_2673_end_extract/drive_2/01,0.8685619831085205,False
sb_caption_2,The vehicle is turning left.,<DATASET_ROOT>/240322135559_M801C06L62G031_2673_end_extract/drive_17/02,0.8777597546577454,False
sb_caption_2,The vehicle is turning left.,<DATASET_ROOT>/241018130234_M801C06L62G031_2673_end_extract/drive_16/03,0.8393024206161499,False
sb_caption_2,The vehicle is turning left.,<DATASET_ROOT>/241018130234_M801C06L62G031_2673_end_extract/drive_18/04,0.8789088726043701,False
sb_caption_2,The vehicle is turning left.,<DATASET_ROOT>/241018130234_M801C06L62G031_2673_end_extract/drive_14/04,0.8246690630912781,False
sb_caption_2,The vehicle is turning left.,<DATASET_ROOT>/240530090206_M801C06L62G031_2673_end_extract/drive_16/03,0.7731581330299377,False
sb_caption_2,The vehicle is turning left.,<DATASET_ROOT>/231106095132_M801C06L62G031_2673_end_extract/drive_1/01,0.8420295119285583,False
sb_caption_2,The vehicle is turning left.,<DATASET_ROOT>/231106095132_M801C06L62G031_2673_end_extract/drive_1/04,0.9132351875305176,False
sb_caption_2,The vehicle is turning left.,<DATASET_ROOT>/240322135559_M801C06L62G031_2673_end_extract/drive_8/03,0.8777597546577454,True
sb_caption_2,The vehicle is turning left.,<DATASET_ROOT>/241018130234_M801C06L62G031_2673_end_extract/drive_15/02,0.8197948932647705,False
sb_caption_2,The vehicle is turning left.,<DATASET_ROOT>/240530090206_M801C06L62G031_2673_end_extract/drive_15/02,0.8803175091743469,False
sb_caption_2,The vehicle is turning left.,<DATASET_ROOT>/241018130234_M801C06L62G031_2673_end_extract/drive_15/01,0.7829660177230835,False
sb_caption_2,The vehicle is turning left.,<DATASET_ROOT>/241018130234_M801C06L62G031_2673_end_extract/drive_14/02,0.827804446220398,False
sb_caption_2,The vehicle is turning left.,<DATASET_ROOT>/241018130234_M801C06L62G031_2673_end_extract/drive_18/03,0.7890483140945435,False
sb_caption_2,The vehicle is turning left.,<DATASET_ROOT>/240529140943_M801C06L62G031_2673_end_extract/drive_18/03,0.8225811123847961,False
sb_caption_2,The vehicle is turning left.,<DATASET_ROOT>/240205170303_M801C06L62G031_2673_end_extract/drive_1/04,0.825007975101471,False
sb_caption_2,The vehicle is turning left.,<DATASET_ROOT>/240205094744_M801C06L62G031_2673_end_extract/drive_2/01,0.8074795603752136,False
sb_caption_2,The vehicle is turning left.,<DATASET_ROOT>/240322135559_M801C06L62G031_2673_end_extract/drive_14/02,0.8941637873649597,False
sb_caption_2,The vehicle is turning left.,<DATASET_ROOT>/241018130234_M801C06L62G031_2673_end_extract/drive_17/02,0.8758483529090881,False
sb_caption_2,The vehicle is turning left.,<DATASET_ROOT>/240205094744_M801C06L62G031_2673_end_extract/drive_1/04,0.86700439453125,False
sb_caption_2,The vehicle is turning left.,<DATASET_ROOT>/241018130234_M801C06L62G031_2673_end_extract/drive_14/03,0.8685619831085205,False
sb_caption_2,The vehicle is turning left.,<DATASET_ROOT>/241018130234_M801C06L62G031_2673_end_extract/drive_13/02,0.8510208129882812,False
sb_caption_2,The vehicle is turning left.,<DATASET_ROOT>/240325141234_M801C06L62G031_2673_end_extract/drive_6/02,0.8156625628471375,True
sb_caption_2,The vehicle is turning left.,<DATASET_ROOT>/240530090206_M801C06L62G031_2673_end_extract/drive_20/04,0.8685619831085205,False
sb_caption_2,The vehicle is turning left.,<DATASET_ROOT>/240822134456_M801C06L62G031_2673_end_extract/drive_10/03,0.8676994442939758,True
sb_caption_2,The vehicle is turning left.,<DATASET_ROOT>/240529140943_M801C06L62G031_2673_end_extract/drive_4/02,0.8565937280654907,True
sb_caption_2,The vehicle is turning left.,<DATASET_ROOT>/241018102947_M801C06L62G031_2673_end_extract/drive_5/03,0.8007009625434875,False
sb_caption_2,The vehicle is turning left.,<DATASET_ROOT>/240205170303_M801C06L62G031_2673_end_extract/drive_1/03,0.8511152863502502,False
sb_caption_2,The vehicle is turning left.,<DATASET_ROOT>/231106095132_M801C06L62G031_2673_end_extract/drive_2/04,0.8252063989639282,False
sb_caption_2,The vehicle is turning left.,<DATASET_ROOT>/240530090206_M801C06L62G031_2673_end_extract/drive_21/02,0.8445031642913818,False
sb_caption_2,The vehicle is turning left.,<DATASET_ROOT>/241018102947_M801C06L62G031_2673_end_extract/drive_5/02,0.8240691423416138,False
sb_caption_2,The vehicle is turning left.,<DATASET_ROOT>/241018130234_M801C06L62G031_2673_end_extract/drive_13/01,0.8685619831085205,False
sb_caption_2,The vehicle is turning left.,<DATASET_ROOT>/240205094744_M801C06L62G031_2673_end_extract/drive_2/04,0.8486995100975037,False
sb_caption_2,The vehicle is turning left.,<DATASET_ROOT>/240530090206_M801C06L62G031_2673_end_extract/drive_1/02,0.8774450421333313,False
sb_caption_2,The vehicle is turning left.,<DATASET_ROOT>/241018130234_M801C06L62G031_2673_end_extract/drive_15/04,0.8249615430831909,False
sb_caption_2,The vehicle is turning left.,<DATASET_ROOT>/241018130234_M801C06L62G031_2673_end_extract/drive_18/01,0.8197948932647705,False
sb_caption_2,The vehicle is turning left.,<DATASET_ROOT>/240205094744_M801C06L62G031_2673_end_extract/drive_2/02,0.8288326263427734,False
sb_caption_2,The vehicle is turning left.,<DATASET_ROOT>/240529140943_M801C06L62G031_2673_end_extract/drive_26/04,0.8791540861129761,False
sb_caption_2,The vehicle is turning left.,<DATASET_ROOT>/240529140943_M801C06L62G031_2673_end_extract/drive_15/03,0.8467223048210144,False
sb_caption_2,The vehicle is turning left.,<DATASET_ROOT>/241018130234_M801C06L62G031_2673_end_extract/drive_7/02,0.8685619831085205,False
sb_caption_2,The vehicle is turning left.,<DATASET_ROOT>/240529140943_M801C06L62G031_2673_end_extract/drive_15/04,0.825353741645813,False
sb_caption_2,The vehicle is turning left.,<DATASET_ROOT>/240822084904_M801C06L62G031_2673_end_extract/drive_5/03,0.8676994442939758,False
sb_caption_2,The vehicle is turning left.,<DATASET_ROOT>/240822084904_M801C06L62G031_2673_end_extract/drive_22/03,0.8229904174804688,False
sb_caption_2,The vehicle is turning left.,<DATASET_ROOT>/240822084904_M801C06L62G031_2673_end_extract/drive_6/03,0.8886967897415161,False
sb_caption_2,The vehicle is turning left.,<DATASET_ROOT>/231116093002_M801C06L62G031_2673_end_extract/drive_4/02,0.9067513942718506,False
sb_caption_2,The vehicle is turning left.,<DATASET_ROOT>/240325141234_M801C06L62G031_2673_end_extract/drive_13/01,0.8529014587402344,False
sb_caption_2,The vehicle is turning left.,<DATASET_ROOT>/240529140943_M801C06L62G031_2673_end_extract/drive_21/01,0.8133273720741272,False
sb_caption_2,The vehicle is turning left.,<DATASET_ROOT>/231116093002_M801C06L62G031_2673_end_extract/drive_1/03,0.8768256902694702,False
sb_caption_2,The vehicle is turning left.,<DATASET_ROOT>/240322135559_M801C06L62G031_2673_end_extract/drive_21/02,0.8945774435997009,False
sb_caption_2,The vehicle is turning left.,<DATASET_ROOT>/240822084904_M801C06L62G031_2673_end_extract/drive_18/03,0.8499404191970825,False
sb_caption_2,The vehicle is turning left.,<DATASET_ROOT>/240322135559_M801C06L62G031_2673_end_extract/drive_15/01,0.8993028998374939,False
sb_caption_2,The vehicle is turning left.,<DATASET_ROOT>/241018102947_M801C06L62G031_2673_end_extract/drive_4/01,0.7808577418327332,False
sb_caption_2,The vehicle is turning left.,<DATASET_ROOT>/240822084904_M801C06L62G031_2673_end_extract/drive_6/01,0.8058480620384216,False
sb_caption_2,The vehicle is turning left.,<DATASET_ROOT>/241018130234_M801C06L62G031_2673_end_extract/drive_11/01,0.8476502895355225,False
sb_caption_2,The vehicle is turning left.,<DATASET_ROOT>/240325141234_M801C06L62G031_2673_end_extract/drive_11/02,0.817872941493988,False
sb_caption_2,The vehicle is turning left.,<DATASET_ROOT>/240822134456_M801C06L62G031_2673_end_extract/drive_10/04,0.8500885963439941,False
sb_caption_2,The vehicle is turning left.,<DATASET_ROOT>/240529140943_M801C06L62G031_2673_end_extract/drive_31/03,0.825007975101471,False
sb_caption_2,The vehicle is turning left.,<DATASET_ROOT>/240822134456_M801C06L62G031_2673_end_extract/drive_8/03,0.8748829960823059,False
sb_caption_2,The vehicle is turning left.,<DATASET_ROOT>/240530090206_M801C06L62G031_2673_end_extract/drive_24/04,0.8652440905570984,False
sb_caption_2,The vehicle is stopped.,<DATASET_ROOT>/240529140943_M801C06L62G031_2673_end_extract/drive_19/02,0.7841969132423401,False
sb_caption_2,The vehicle is stopped.,<DATASET_ROOT>/241018130234_M801C06L62G031_2673_end_extract/drive_16/04,0.759100615978241,False
sb_caption_2,The vehicle is stopped.,<DATASET_ROOT>/240205094744_M801C06L62G031_2673_end_extract/drive_1/02,0.8345022797584534,False
sb_caption_2,The vehicle is stopped.,<DATASET_ROOT>/231106095132_M801C06L62G031_2673_end_extract/drive_2/03,0.8781009912490845,False
sb_caption_2,The vehicle is stopped.,<DATASET_ROOT>/240529140943_M801C06L62G031_2673_end_extract/drive_27/02,0.8462849855422974,False
sb_caption_2,The vehicle is stopped.,<DATASET_ROOT>/240529140943_M801C06L62G031_2673_end_extract/drive_14/03,0.8760360479354858,False
sb_caption_2,The vehicle is stopped.,<DATASET_ROOT>/240205094744_M801C06L62G031_2673_end_extract/drive_1/01,0.9030024409294128,False
sb_caption_2,The vehicle is stopped.,<DATASET_ROOT>/240530090206_M801C06L62G031_2673_end_extract/drive_16/01,0.8611703515052795,False
sb_caption_2,The vehicle is stopped.,<DATASET_ROOT>/241018130234_M801C06L62G031_2673_end_extract/drive_18/02,0.8174479007720947,False
sb_caption_2,The vehicle is stopped.,<DATASET_ROOT>/241018130234_M801C06L62G031_2673_end_extract/drive_13/04,0.8339640498161316,False
sb_caption_2,The vehicle is stopped.,<DATASET_ROOT>/240530090206_M801C06L62G031_2673_end_extract/drive_16/02,0.8586431741714478,False
sb_caption_2,The vehicle is stopped.,<DATASET_ROOT>/241018130234_M801C06L62G031_2673_end_extract/drive_16/01,0.8281190991401672,False
sb_caption_2,The vehicle is stopped.,<DATASET_ROOT>/240205170303_M801C06L62G031_2673_end_extract/drive_2/02,0.7707476615905762,False
sb_caption_2,The vehicle is stopped.,<DATASET_ROOT>/240822084904_M801C06L62G031_2673_end_extract/drive_18/02,0.8014458417892456,False
sb_caption_2,The vehicle is stopped.,<DATASET_ROOT>/240530090206_M801C06L62G031_2673_end_extract/drive_16/04,0.803683876991272,False
sb_caption_2,The vehicle is stopped.,<DATASET_ROOT>/240322135559_M801C06L62G031_2673_end_extract/drive_13/01,0.8345022797584534,False
sb_caption_2,The vehicle is stopped.,<DATASET_ROOT>/241018102947_M801C06L62G031_2673_end_extract/drive_5/01,0.8345022797584534,False
sb_caption_2,The vehicle is stopped.,<DATASET_ROOT>/241018130234_M801C06L62G031_2673_end_extract/drive_17/03,0.8521531224250793,False
sb_caption_2,The vehicle is stopped.,<DATASET_ROOT>/240205094744_M801C06L62G031_2673_end_extract/drive_1/03,0.7824191451072693,False
sb_caption_2,The vehicle is stopped.,<DATASET_ROOT>/240205094744_M801C06L62G031_2673_end_extract/drive_2/03,0.8518983721733093,False
sb_caption_2,The vehicle is stopped.,<DATASET_ROOT>/241018130234_M801C06L62G031_2673_end_extract/drive_13/03,0.7985904216766357,False
sb_caption_2,The vehicle is stopped.,<DATASET_ROOT>/241018130234_M801C06L62G031_2673_end_extract/drive_15/03,0.7545499801635742,False
sb_caption_2,The vehicle is stopped.,<DATASET_ROOT>/240205170303_M801C06L62G031_2673_end_extract/drive_1/01,0.8364887237548828,True
sb_caption_2,The vehicle is stopped.,<DATASET_ROOT>/241018130234_M801C06L62G031_2673_end_extract/drive_17/04,0.8794435262680054,False
sb_caption_2,The vehicle is stopped.,<DATASET_ROOT>/240529140943_M801C06L62G031_2673_end_extract/drive_27/04,0.8638566136360168,False
sb_caption_2,The vehicle is stopped.,<DATASET_ROOT>/240530090206_M801C06L62G031_2673_end_extract/drive_7/02,0.8004608750343323,False
sb_caption_2,The vehicle is stopped.,<DATASET_ROOT>/231106095132_M801C06L62G031_2673_end_extract/drive_1/02,0.8536236882209778,False
sb_caption_2,The vehicle is stopped.,<DATASET_ROOT>/241018102947_M801C06L62G031_2673_end_extract/drive_5/04,0.8345022797584534,False
sb_caption_2,The vehicle is stopped.,<DATASET_ROOT>/240205170303_M801C06L62G031_2673_end_extract/drive_1/02,0.8740789294242859,False
sb_caption_2,The vehicle is stopped.,<DATASET_ROOT>/240205170303_M801C06L62G031_2673_end_extract/drive_2/01,0.7841969132423401,True
sb_caption_2,The vehicle is stopped.,<DATASET_ROOT>/240529140943_M801C06L62G031_2673_end_extract/drive_3/01,0.800541877746582,False
sb_caption_2,The vehicle is stopped.,<DATASET_ROOT>/240529140943_M801C06L62G031_2673_end_extract/drive_11/04,0.800541877746582,False
sb_caption_2,The vehicle is stopped.,<DATASET_ROOT>/231106095132_M801C06L62G031_2673_end_extract/drive_2/02,0.8717103004455566,False
sb_caption_2,The vehicle is stopped.,<DATASET_ROOT>/240325141234_M801C06L62G031_2673_end_extract/drive_6/03,0.800541877746582,False
sb_caption_2,The vehicle is stopped.,<DATASET_ROOT>/231106095132_M801C06L62G031_2673_end_extract/drive_1/03,0.8626937866210938,False
sb_caption_2,The vehicle is stopped.,<DATASET_ROOT>/240205170303_M801C06L62G031_2673_end_extract/drive_2/04,0.7992018461227417,False
sb_caption_2,The vehicle is stopped.,<DATASET_ROOT>/240205170303_M801C06L62G031_2673_end_extract/drive_2/03,0.8387255668640137,False
sb_caption_2,The vehicle is stopped.,<DATASET_ROOT>/240530090206_M801C06L62G031_2673_end_extract/drive_2/01,0.8408051133155823,False
sb_caption_2,The vehicle is stopped.,<DATASET_ROOT>/241018130234_M801C06L62G031_2673_end_extract/drive_16/02,0.8035008907318115,False
sb_caption_2,The vehicle is stopped.,<DATASET_ROOT>/241018130234_M801C06L62G031_2673_end_extract/drive_17/01,0.8717103004455566,False
sb_caption_2,The vehicle is stopped.,<DATASET_ROOT>/241018130234_M801C06L62G031_2673_end_extract/drive_14/01,0.8059542179107666,False
sb_caption_2,The vehicle is stopped.,<DATASET_ROOT>/231106095132_M801C06L62G031_2673_end_extract/drive_2/01,0.8345022797584534,True
sb_caption_2,The vehicle is stopped.,<DATASET_ROOT>/240322135559_M801C06L62G031_2673_end_extract/drive_17/02,0.8572425842285156,False
sb_caption_2,The vehicle is stopped.,<DATASET_ROOT>/241018130234_M801C06L62G031_2673_end_extract/drive_16/03,0.820739209651947,False
sb_caption_2,The vehicle is stopped.,<DATASET_ROOT>/241018130234_M801C06L62G031_2673_end_extract/drive_18/04,0.8642429709434509,False
sb_caption_2,The vehicle is stopped.,<DATASET_ROOT>/241018130234_M801C06L62G031_2673_end_extract/drive_14/04,0.8186492323875427,False
sb_caption_2,The vehicle is stopped.,<DATASET_ROOT>/240530090206_M801C06L62G031_2673_end_extract/drive_16/03,0.7672508358955383,False
sb_caption_2,The vehicle is stopped.,<DATASET_ROOT>/231106095132_M801C06L62G031_2673_end_extract/drive_1/01,0.8409976363182068,False
sb_caption_2,The vehicle is stopped.,<DATASET_ROOT>/231106095132_M801C06L62G031_2673_end_extract/drive_1/04,0.8912836313247681,False
sb_caption_2,The vehicle is stopped.,<DATASET_ROOT>/240322135559_M801C06L62G031_2673_end_extract/drive_8/03,0.8572425842285156,False
sb_caption_2,The vehicle is stopped.,<DATASET_ROOT>/241018130234_M801C06L62G031_2673_end_extract/drive_15/02,0.800541877746582,False
sb_caption_2,The vehicle is stopped.,<DATASET_ROOT>/240530090206_M801C06L62G031_2673_end_extract/drive_15/02,0.8569477200508118,False
sb_caption_2,The vehicle is stopped.,<DATASET_ROOT>/241018130234_M801C06L62G031_2673_end_extract/drive_15/01,0.7642977237701416,False
sb_caption_2,The vehicle is stopped.,<DATASET_ROOT>/241018130234_M801C06L62G031_2673_end_extract/drive_14/02,0.810504138469696,False
sb_caption_2,The vehicle is stopped.,<DATASET_ROOT>/241018130234_M801C06L62G031_2673_end_extract/drive_18/03,0.7703984379768372,False
sb_caption_2,The vehicle is stopped.,<DATASET_ROOT>/240529140943_M801C06L62G031_2673_end_extract/drive_18/03,0.7985904216766357,False
sb_caption_2,The vehicle is stopped.,<DATASET_ROOT>/240205170303_M801C06L62G031_2673_end_extract/drive_1/04,0.804786741733551,False
sb_caption_2,The vehicle is stopped.,<DATASET_ROOT>/240205094744_M801C06L62G031_2673_end_extract/drive_2/01,0.784214973449707,False
sb_caption_2,The vehicle is stopped.,<DATASET_ROOT>/240322135559_M801C06L62G031_2673_end_extract/drive_14/02,0.8659234642982483,False
sb_caption_2,The vehicle is stopped.,<DATASET_ROOT>/241018130234_M801C06L62G031_2673_end_extract/drive_17/02,0.8678967952728271,False
sb_caption_2,The vehicle is stopped.,<DATASET_ROOT>/240205094744_M801C06L62G031_2673_end_extract/drive_1/04,0.8295624256134033,False
sb_caption_2,The vehicle is stopped.,<DATASET_ROOT>/241018130234_M801C06L62G031_2673_end_extract/drive_14/03,0.8345022797584534,False
sb_caption_2,The vehicle is stopped.,<DATASET_ROOT>/241018130234_M801C06L62G031_2673_end_extract/drive_13/02,0.8246371150016785,True
sb_caption_2,The vehicle is stopped.,<DATASET_ROOT>/240325141234_M801C06L62G031_2673_end_extract/drive_6/02,0.7955508232116699,False
sb_caption_2,The vehicle is stopped.,<DATASET_ROOT>/240530090206_M801C06L62G031_2673_end_extract/drive_20/04,0.8345022797584534,False
sb_caption_2,The vehicle is stopped.,<DATASET_ROOT>/240822134456_M801C06L62G031_2673_end_extract/drive_10/03,0.8508232831954956,False
sb_caption_2,The vehicle is stopped.,<DATASET_ROOT>/240529140943_M801C06L62G031_2673_end_extract/drive_4/02,0.8563450574874878,False
sb_caption_2,The vehicle is stopped.,<DATASET_ROOT>/241018102947_M801C06L62G031_2673_end_extract/drive_5/03,0.808510959148407,False
sb_caption_2,The vehicle is stopped.,<DATASET_ROOT>/240205170303_M801C06L62G031_2673_end_extract/drive_1/03,0.8355011940002441,False
sb_caption_2,The vehicle is stopped.,<DATASET_ROOT>/231106095132_M801C06L62G031_2673_end_extract/drive_2/04,0.8061845898628235,False
sb_caption_2,The vehicle is stopped.,<DATASET_ROOT>/240530090206_M801C06L62G031_2673_end_extract/drive_21/02,0.8082002997398376,False
sb_caption_2,The vehicle is stopped.,<DATASET_ROOT>/241018102947_M801C06L62G031_2673_end_extract/drive_5/02,0.7999337911605835,False
sb_caption_2,The vehicle is stopped.,<DATASET_ROOT>/241018130234_M801C06L62G031_2673_end_extract/drive_13/01,0.8345022797584534,True
sb_caption_2,The vehicle is stopped.,<DATASET_ROOT>/240205094744_M801C06L62G031_2673_end_extract/drive_2/04,0.8260964155197144,False
sb_caption_2,The vehicle is stopped.,<DATASET_ROOT>/240530090206_M801C06L62G031_2673_end_extract/drive_1/02,0.8516015410423279,False
sb_caption_2,The vehicle is stopped.,<DATASET_ROOT>/241018130234_M801C06L62G031_2673_end_extract/drive_15/04,0.808275580406189,False
sb_caption_2,The vehicle is stopped.,<DATASET_ROOT>/241018130234_M801C06L62G031_2673_end_extract/drive_18/01,0.800541877746582,False
sb_caption_2,The vehicle is stopped.,<DATASET_ROOT>/240205094744_M801C06L62G031_2673_end_extract/drive_2/02,0.8049447536468506,False
sb_caption_2,The vehicle is stopped.,<DATASET_ROOT>/240529140943_M801C06L62G031_2673_end_extract/drive_26/04,0.8724225759506226,False
sb_caption_2,The vehicle is stopped.,<DATASET_ROOT>/240529140943_M801C06L62G031_2673_end_extract/drive_15/03,0.8386391997337341,False
sb_caption_2,The vehicle is stopped.,<DATASET_ROOT>/241018130234_M801C06L62G031_2673_end_extract/drive_7/02,0.8345022797584534,False
sb_caption_2,The vehicle is stopped.,<DATASET_ROOT>/240529140943_M801C06L62G031_2673_end_extract/drive_15/04,0.8110081553459167,True
sb_caption_2,The vehicle is stopped.,<DATASET_ROOT>/240822084904_M801C06L62G031_2673_end_extract/drive_5/03,0.8508232831954956,False
sb_caption_2,The vehicle is stopped.,<DATASET_ROOT>/240822084904_M801C06L62G031_2673_end_extract/drive_22/03,0.800541877746582,False
sb_caption_2,The vehicle is stopped.,<DATASET_ROOT>/240822084904_M801C06L62G031_2673_end_extract/drive_6/03,0.8798307776451111,False
sb_caption_2,The vehicle is stopped.,<DATASET_ROOT>/231116093002_M801C06L62G031_2673_end_extract/drive_4/02,0.9030024409294128,False
sb_caption_2,The vehicle is stopped.,<DATASET_ROOT>/240325141234_M801C06L62G031_2673_end_extract/drive_13/01,0.8232429623603821,True
sb_caption_2,The vehicle is stopped.,<DATASET_ROOT>/240529140943_M801C06L62G031_2673_end_extract/drive_21/01,0.8049708008766174,False
sb_caption_2,The vehicle is stopped.,<DATASET_ROOT>/231116093002_M801C06L62G031_2673_end_extract/drive_1/03,0.8569521903991699,False
sb_caption_2,The vehicle is stopped.,<DATASET_ROOT>/240322135559_M801C06L62G031_2673_end_extract/drive_21/02,0.8717103004455566,False
sb_caption_2,The vehicle is stopped.,<DATASET_ROOT>/240822084904_M801C06L62G031_2673_end_extract/drive_18/03,0.8343274593353271,False
sb_caption_2,The vehicle is stopped.,<DATASET_ROOT>/240322135559_M801C06L62G031_2673_end_extract/drive_15/01,0.8883371353149414,True
sb_caption_2,The vehicle is stopped.,<DATASET_ROOT>/241018102947_M801C06L62G031_2673_end_extract/drive_4/01,0.7621302008628845,True
sb_caption_2,The vehicle is stopped.,<DATASET_ROOT>/240822084904_M801C06L62G031_2673_end_extract/drive_6/01,0.7878332138061523,False
sb_caption_2,The vehicle is stopped.,<DATASET_ROOT>/241018130234_M801C06L62G031_2673_end_extract/drive_11/01,0.8268545866012573,True
sb_caption_2,The vehicle is stopped.,<DATASET_ROOT>/240325141234_M801C06L62G031_2673_end_extract/drive_11/02,0.8170817494392395,False
sb_caption_2,The vehicle is stopped.,<DATASET_ROOT>/240822134456_M801C06L62G031_2673_end_extract/drive_10/04,0.8313282132148743,False
sb_caption_2,The vehicle is stopped.,<DATASET_ROOT>/240529140943_M801C06L62G031_2673_end_extract/drive_31/03,0.803683876991272,False
sb_caption_2,The vehicle is stopped.,<DATASET_ROOT>/240822134456_M801C06L62G031_2673_end_extract/drive_8/03,0.82968670129776,False
sb_caption_2,The vehicle is stopped.,<DATASET_ROOT>/240530090206_M801C06L62G031_2673_end_extract/drive_24/04,0.8517706394195557,True
sb_caption_2,The car drives through a tunnel.,<DATASET_ROOT>/240529140943_M801C06L62G031_2673_end_extract/drive_19/02,0.7219914197921753,False
sb_caption_2,The car drives through a tunnel.,<DATASET_ROOT>/241018130234_M801C06L62G031_2673_end_extract/drive_16/04,0.7388058304786682,False
sb_caption_2,The car drives through a tunnel.,<DATASET_ROOT>/240205094744_M801C06L62G031_2673_end_extract/drive_1/02,0.7613138556480408,True
sb_caption_2,The car drives through a tunnel.,<DATASET_ROOT>/231106095132_M801C06L62G031_2673_end_extract/drive_2/03,0.820730447769165,True
sb_caption_2,The car drives through a tunnel.,<DATASET_ROOT>/240529140943_M801C06L62G031_2673_end_extract/drive_27/02,0.7452614903450012,False
sb_caption_2,The car drives through a tunnel.,<DATASET_ROOT>/240529140943_M801C06L62G031_2673_end_extract/drive_14/03,0.7887803316116333,False
sb_caption_2,The car drives through a tunnel.,<DATASET_ROOT>/240205094744_M801C06L62G031_2673_end_extract/drive_1/01,0.797832190990448,True
sb_caption_2,The car drives through a tunnel.,<DATASET_ROOT>/240530090206_M801C06L62G031_2673_end_extract/drive_16/01,0.7485834956169128,True
sb_caption_2,The car drives through a tunnel.,<DATASET_ROOT>/241018130234_M801C06L62G031_2673_end_extract/drive_18/02,0.7391684651374817,False
sb_caption_2,The car drives through a tunnel.,<DATASET_ROOT>/241018130234_M801C06L62G031_2673_end_extract/drive_13/04,0.7536335587501526,False
sb_caption_2,The car drives through a tunnel.,<DATASET_ROOT>/240530090206_M801C06L62G031_2673_end_extract/drive_16/02,0.7504434585571289,True
sb_caption_2,The car drives through a tunnel.,<DATASET_ROOT>/241018130234_M801C06L62G031_2673_end_extract/drive_16/01,0.7448294758796692,False
sb_caption_2,The car drives through a tunnel.,<DATASET_ROOT>/240205170303_M801C06L62G031_2673_end_extract/drive_2/02,0.7131233811378479,False
sb_caption_2,The car drives through a tunnel.,<DATASET_ROOT>/240822084904_M801C06L62G031_2673_end_extract/drive_18/02,0.7237212061882019,False
sb_caption_2,The car drives through a tunnel.,<DATASET_ROOT>/240530090206_M801C06L62G031_2673_end_extract/drive_16/04,0.7229786515235901,True
sb_caption_2,The car drives through a tunnel.,<DATASET_ROOT>/240322135559_M801C06L62G031_2673_end_extract/drive_13/01,0.7613138556480408,False
sb_caption_2,The car drives through a tunnel.,<DATASET_ROOT>/241018102947_M801C06L62G031_2673_end_extract/drive_5/01,0.7613138556480408,False
sb_caption_2,The car drives through a tunnel.,<DATASET_ROOT>/241018130234_M801C06L62G031_2673_end_extract/drive_17/03,0.7694702744483948,False
sb_caption_2,The car drives through a tunnel.,<DATASET_ROOT>/240205094744_M801C06L62G031_2673_end_extract/drive_1/03,0.7635394930839539,True
sb_caption_2,The car drives through a tunnel.,<DATASET_ROOT>/240205094744_M801C06L62G031_2673_end_extract/drive_2/03,0.7757114171981812,True
sb_caption_2,The car drives through a tunnel.,<DATASET_ROOT>/241018130234_M801C06L62G031_2673_end_extract/drive_13/03,0.7461192607879639,False
sb_caption_2,The car drives through a tunnel.,<DATASET_ROOT>/241018130234_M801C06L62G031_2673_end_extract/drive_15/03,0.6964171528816223,False
sb_caption_2,The car drives through a tunnel.,<DATASET_ROOT>/240205170303_M801C06L62G031_2673_end_extract/drive_1/01,0.7643963098526001,False
sb_caption_2,The car drives through a tunnel.,<DATASET_ROOT>/241018130234_M801C06L62G031_2673_end_extract/drive_17/04,0.7849984765052795,False
sb_caption_2,The car drives through a tunnel.,<DATASET_ROOT>/240529140943_M801C06L62G031_2673_end_extract/drive_27/04,0.7917798757553101,False
sb_caption_2,The car drives through a tunnel.,<DATASET_ROOT>/240530090206_M801C06L62G031_2673_end_extract/drive_7/02,0.737707257270813,False
sb_caption_2,The car drives through a tunnel.,<DATASET_ROOT>/231106095132_M801C06L62G031_2673_end_extract/drive_1/02,0.7612329721450806,False
sb_caption_2,The car drives through a tunnel.,<DATASET_ROOT>/241018102947_M801C06L62G031_2673_end_extract/drive_5/04,0.7613138556480408,False
sb_caption_2,The car drives through a tunnel.,<DATASET_ROOT>/240205170303_M801C06L62G031_2673_end_extract/drive_1/02,0.7954485416412354,False
sb_caption_2,The car drives through a tunnel.,<DATASET_ROOT>/240205170303_M801C06L62G031_2673_end_extract/drive_2/01,0.7014214992523193,False
sb_caption_2,The car drives through a tunnel.,<DATASET_ROOT>/240529140943_M801C06L62G031_2673_end_extract/drive_3/01,0.7219914197921753,False
sb_caption_2,The car drives through a tunnel.,<DATASET_ROOT>/240529140943_M801C06L62G031_2673_end_extract/drive_11/04,0.7430346012115479,False
sb_caption_2,The car drives through a tunnel.,<DATASET_ROOT>/231106095132_M801C06L62G031_2673_end_extract/drive_2/02,0.7834188938140869,True
sb_caption_2,The car drives through a tunnel.,<DATASET_ROOT>/240325141234_M801C06L62G031_2673_end_extract/drive_6/03,0.7291728258132935,False
sb_caption_2,The car drives through a tunnel.,<DATASET_ROOT>/231106095132_M801C06L62G031_2673_end_extract/drive_1/03,0.7712188959121704,False
sb_caption_2,The car drives through a tunnel.,<DATASET_ROOT>/240205170303_M801C06L62G031_2673_end_extract/drive_2/04,0.7393491268157959,False
sb_caption_2,The car drives through a tunnel.,<DATASET_ROOT>/240205170303_M801C06L62G031_2673_end_extract/drive_2/03,0.7774386405944824,False
sb_caption_2,The car drives through a tunnel.,<DATASET_ROOT>/240530090206_M801C06L62G031_2673_end_extract/drive_2/01,0.772049069404602,False
sb_caption_2,The car drives through a tunnel.,<DATASET_ROOT>/241018130234_M801C06L62G031_2673_end_extract/drive_16/02,0.7304562926292419,False
sb_caption_2,The car drives through a tunnel.,<DATASET_ROOT>/241018130234_M801C06L62G031_2673_end_extract/drive_17/01,0.7721023559570312,False
sb_caption_2,The car drives through a tunnel.,<DATASET_ROOT>/241018130234_M801C06L62G031_2673_end_extract/drive_14/01,0.7142823338508606,False
sb_caption_2,The car drives through a tunnel.,<DATASET_ROOT>/231106095132_M801C06L62G031_2673_end_extract/drive_2/01,0.8042598366737366,True
sb_caption_2,The car drives through a tunnel.,<DATASET_ROOT>/240322135559_M801C06L62G031_2673_end_extract/drive_17/02,0.7618837356567383,False
sb_caption_2,The car drives through a tunnel.,<DATASET_ROOT>/241018130234_M801C06L62G031_2673_end_extract/drive_16/03,0.7582659721374512,False
sb_caption_2,The car drives through a tunnel.,<DATASET_ROOT>/241018130234_M801C06L62G031_2673_end_extract/drive_18/04,0.773216187953949,False
sb_caption_2,The car drives through a tunnel.,<DATASET_ROOT>/241018130234_M801C06L62G031_2673_end_extract/drive_14/04,0.7690402865409851,False
sb_caption_2,The car drives through a tunnel.,<DATASET_ROOT>/240530090206_M801C06L62G031_2673_end_extract/drive_16/03,0.8311320543289185,True
sb_caption_2,The car drives through a tunnel.,<DATASET_ROOT>/231106095132_M801C06L62G031_2673_end_extract/drive_1/01,0.7297192215919495,False
sb_caption_2,The car drives through a tunnel.,<DATASET_ROOT>/231106095132_M801C06L62G031_2673_end_extract/drive_1/04,0.8023962378501892,False
sb_caption_2,The car drives through a tunnel.,<DATASET_ROOT>/240322135559_M801C06L62G031_2673_end_extract/drive_8/03,0.7618837356567383,False
sb_caption_2,The car drives through a tunnel.,<DATASET_ROOT>/241018130234_M801C06L62G031_2673_end_extract/drive_15/02,0.7231385707855225,False
sb_caption_2,The car drives through a tunnel.,<DATASET_ROOT>/240530090206_M801C06L62G031_2673_end_extract/drive_15/02,0.7423787117004395,False
sb_caption_2,The car drives through a tunnel.,<DATASET_ROOT>/241018130234_M801C06L62G031_2673_end_extract/drive_15/01,0.7028351426124573,False
sb_caption_2,The car drives through a tunnel.,<DATASET_ROOT>/241018130234_M801C06L62G031_2673_end_extract/drive_14/02,0.7408347725868225,False
sb_caption_2,The car drives through a tunnel.,<DATASET_ROOT>/241018130234_M801C06L62G031_2673_end_extract/drive_18/03,0.7066586017608643,False
sb_caption_2,The car drives through a tunnel.,<DATASET_ROOT>/240529140943_M801C06L62G031_2673_end_extract/drive_18/03,0.728966474533081,False
sb_caption_2,The car drives through a tunnel.,<DATASET_ROOT>/240205170303_M801C06L62G031_2673_end_extract/drive_1/04,0.7334620952606201,False
sb_caption_2,The car drives through a tunnel.,<DATASET_ROOT>/240205094744_M801C06L62G031_2673_end_extract/drive_2/01,0.8233566284179688,True
sb_caption_2,The car drives through a tunnel.,<DATASET_ROOT>/240322135559_M801C06L62G031_2673_end_extract/drive_14/02,0.7629122138023376,False
sb_caption_2,The car drives through a tunnel.,<DATASET_ROOT>/241018130234_M801C06L62G031_2673_end_extract/drive_17/02,0.7894332408905029,False
sb_caption_2,The car drives through a tunnel.,<DATASET_ROOT>/240205094744_M801C06L62G031_2673_end_extract/drive_1/04,0.7575681805610657,True
sb_caption_2,The car drives through a tunnel.,<DATASET_ROOT>/241018130234_M801C06L62G031_2673_end_extract/drive_14/03,0.7696694731712341,False
sb_caption_2,The car drives through a tunnel.,<DATASET_ROOT>/241018130234_M801C06L62G031_2673_end_extract/drive_13/02,0.7381272315979004,False
sb_caption_2,The car drives through a tunnel.,<DATASET_ROOT>/240325141234_M801C06L62G031_2673_end_extract/drive_6/02,0.7330460548400879,False
sb_caption_2,The car drives through a tunnel.,<DATASET_ROOT>/240530090206_M801C06L62G031_2673_end_extract/drive_20/04,0.7613138556480408,False
sb_caption_2,The car drives through a tunnel.,<DATASET_ROOT>/240822134456_M801C06L62G031_2673_end_extract/drive_10/03,0.8319705724716187,False
sb_caption_2,The car drives through a tunnel.,<DATASET_ROOT>/240529140943_M801C06L62G031_2673_end_extract/drive_4/02,0.7426021695137024,False
sb_caption_2,The car drives through a tunnel.,<DATASET_ROOT>/241018102947_M801C06L62G031_2673_end_extract/drive_5/03,0.7889032363891602,False
sb_caption_2,The car drives through a tunnel.,<DATASET_ROOT>/240205170303_M801C06L62G031_2673_end_extract/drive_1/03,0.7390705943107605,False
sb_caption_2,The car drives through a tunnel.,<DATASET_ROOT>/231106095132_M801C06L62G031_2673_end_extract/drive_2/04,0.8584915399551392,True
sb_caption_2,The car drives through a tunnel.,<DATASET_ROOT>/240530090206_M801C06L62G031_2673_end_extract/drive_21/02,0.7387973070144653,False
sb_caption_2,The car drives through a tunnel.,<DATASET_ROOT>/241018102947_M801C06L62G031_2673_end_extract/drive_5/02,0.730920672416687,False
sb_caption_2,The car drives through a tunnel.,<DATASET_ROOT>/241018130234_M801C06L62G031_2673_end_extract/drive_13/01,0.7613138556480408,False
sb_caption_2,The car drives through a tunnel.,<DATASET_ROOT>/240205094744_M801C06L62G031_2673_end_extract/drive_2/04,0.7888038158416748,True
sb_caption_2,The car drives through a tunnel.,<DATASET_ROOT>/240530090206_M801C06L62G031_2673_end_extract/drive_1/02,0.7592982053756714,False
sb_caption_2,The car drives through a tunnel.,<DATASET_ROOT>/241018130234_M801C06L62G031_2673_end_extract/drive_15/04,0.7266805171966553,False
sb_caption_2,The car drives through a tunnel.,<DATASET_ROOT>/241018130234_M801C06L62G031_2673_end_extract/drive_18/01,0.723670482635498,False
sb_caption_2,The car drives through a tunnel.,<DATASET_ROOT>/240205094744_M801C06L62G031_2673_end_extract/drive_2/02,0.8377783894538879,True
sb_caption_2,The car drives through a tunnel.,<DATASET_ROOT>/240529140943_M801C06L62G031_2673_end_extract/drive_26/04,0.7630641460418701,False
sb_caption_2,The car drives through a tunnel.,<DATASET_ROOT>/240529140943_M801C06L62G031_2673_end_extract/drive_15/03,0.739855170249939,False
sb_caption_2,The car drives through a tunnel.,<DATASET_ROOT>/241018130234_M801C06L62G031_2673_end_extract/drive_7/02,0.7613138556480408,False
sb_caption_2,The car drives through a tunnel.,<DATASET_ROOT>/240529140943_M801C06L62G031_2673_end_extract/drive_15/04,0.7497342824935913,False
sb_caption_2,The car drives through a tunnel.,<DATASET_ROOT>/240822084904_M801C06L62G031_2673_end_extract/drive_5/03,0.7787328958511353,False
sb_caption_2,The car drives through a tunnel.,<DATASET_ROOT>/240822084904_M801C06L62G031_2673_end_extract/drive_22/03,0.733437180519104,False
sb_caption_2,The car drives through a tunnel.,<DATASET_ROOT>/240822084904_M801C06L62G031_2673_end_extract/drive_6/03,0.7833791375160217,False
sb_caption_2,The car drives through a tunnel.,<DATASET_ROOT>/231116093002_M801C06L62G031_2673_end_extract/drive_4/02,0.797832190990448,False
sb_caption_2,The car drives through a tunnel.,<DATASET_ROOT>/240325141234_M801C06L62G031_2673_end_extract/drive_13/01,0.7431599497795105,False
sb_caption_2,The car drives through a tunnel.,<DATASET_ROOT>/240529140943_M801C06L62G031_2673_end_extract/drive_21/01,0.7377764582633972,False
sb_caption_2,The car drives through a tunnel.,<DATASET_ROOT>/231116093002_M801C06L62G031_2673_end_extract/drive_1/03,0.7871550917625427,False
sb_caption_2,The car drives through a tunnel.,<DATASET_ROOT>/240322135559_M801C06L62G031_2673_end_extract/drive_21/02,0.7721023559570312,False
sb_caption_2,The car drives through a tunnel.,<DATASET_ROOT>/240822084904_M801C06L62G031_2673_end_extract/drive_18/03,0.7395718097686768,False
sb_caption_2,The car drives through a tunnel.,<DATASET_ROOT>/240322135559_M801C06L62G031_2673_end_extract/drive_15/01,0.7792066931724548,False
sb_caption_2,The car drives through a tunnel.,<DATASET_ROOT>/241018102947_M801C06L62G031_2673_end_extract/drive_4/01,0.6919352412223816,False
sb_caption_2,The car drives through a tunnel.,<DATASET_ROOT>/240822084904_M801C06L62G031_2673_end_extract/drive_6/01,0.7218843698501587,False
sb_caption_2,The car drives through a tunnel.,<DATASET_ROOT>/241018130234_M801C06L62G031_2673_end_extract/drive_11/01,0.7438287734985352,False
sb_caption_2,The car drives through a tunnel.,<DATASET_ROOT>/240325141234_M801C06L62G031_2673_end_extract/drive_11/02,0.7251978516578674,False
sb_caption_2,The car drives through a tunnel.,<DATASET_ROOT>/240822134456_M801C06L62G031_2673_end_extract/drive_10/04,0.7363498210906982,False
sb_caption_2,The car drives through a tunnel.,<DATASET_ROOT>/240529140943_M801C06L62G031_2673_end_extract/drive_31/03,0.7229786515235901,False
sb_caption_2,The car drives through a tunnel.,<DATASET_ROOT>/240822134456_M801C06L62G031_2673_end_extract/drive_8/03,0.7815888524055481,False
sb_caption_2,The car drives through a tunnel.,<DATASET_ROOT>/240530090206_M801C06L62G031_2673_end_extract/drive_24/04,0.7655763626098633,False
sb_caption_2,The car crosses a bridge.,<DATASET_ROOT>/240529140943_M801C06L62G031_2673_end_extract/drive_19/02,0.7428762912750244,False
sb_caption_2,The car crosses a bridge.,<DATASET_ROOT>/241018130234_M801C06L62G031_2673_end_extract/drive_16/04,0.7254160642623901,False
sb_caption_2,The car crosses a bridge.,<DATASET_ROOT>/240205094744_M801C06L62G031_2673_end_extract/drive_1/02,0.7922080755233765,False
sb_caption_2,The car crosses a bridge.,<DATASET_ROOT>/231106095132_M801C06L62G031_2673_end_extract/drive_2/03,0.8080717325210571,False
sb_caption_2,The car crosses a bridge.,<DATASET_ROOT>/240529140943_M801C06L62G031_2673_end_extract/drive_27/02,0.7923384308815002,False
sb_caption_2,The car crosses a bridge.,<DATASET_ROOT>/240529140943_M801C06L62G031_2673_end_extract/drive_14/03,0.8291628360748291,False
sb_caption_2,The car crosses a bridge.,<DATASET_ROOT>/240205094744_M801C06L62G031_2673_end_extract/drive_1/01,0.8335482478141785,False
sb_caption_2,The car crosses a bridge.,<DATASET_ROOT>/240530090206_M801C06L62G031_2673_end_extract/drive_16/01,0.784630298614502,False
sb_caption_2,The car crosses a bridge.,<DATASET_ROOT>/241018130234_M801C06L62G031_2673_end_extract/drive_18/02,0.786236584186554,False
sb_caption_2,The car crosses a bridge.,<DATASET_ROOT>/241018130234_M801C06L62G031_2673_end_extract/drive_13/04,0.8002383708953857,False
sb_caption_2,The car crosses a bridge.,<DATASET_ROOT>/240530090206_M801C06L62G031_2673_end_extract/drive_16/02,0.7853027582168579,False
sb_caption_2,The car crosses a bridge.,<DATASET_ROOT>/241018130234_M801C06L62G031_2673_end_extract/drive_16/01,0.7641556262969971,False
sb_caption_2,The car crosses a bridge.,<DATASET_ROOT>/240205170303_M801C06L62G031_2673_end_extract/drive_2/02,0.7265076637268066,False
sb_caption_2,The car crosses a bridge.,<DATASET_ROOT>/240822084904_M801C06L62G031_2673_end_extract/drive_18/02,0.7693365812301636,False
sb_caption_2,The car crosses a bridge.,<DATASET_ROOT>/240530090206_M801C06L62G031_2673_end_extract/drive_16/04,0.7621042132377625,False
sb_caption_2,The car crosses a bridge.,<DATASET_ROOT>/240322135559_M801C06L62G031_2673_end_extract/drive_13/01,0.7922080755233765,False
sb_caption_2,The car crosses a bridge.,<DATASET_ROOT>/241018102947_M801C06L62G031_2673_end_extract/drive_5/01,0.7922080755233765,True
sb_caption_2,The car crosses a bridge.,<DATASET_ROOT>/241018130234_M801C06L62G031_2673_end_extract/drive_17/03,0.8056658506393433,False
sb_caption_2,The car crosses a bridge.,<DATASET_ROOT>/240205094744_M801C06L62G031_2673_end_extract/drive_1/03,0.7487372756004333,False
sb_caption_2,The car crosses a bridge.,<DATASET_ROOT>/240205094744_M801C06L62G031_2673_end_extract/drive_2/03,0.7830950617790222,False
sb_caption_2,The car crosses a bridge.,<DATASET_ROOT>/241018130234_M801C06L62G031_2673_end_extract/drive_13/03,0.7998393177986145,False
sb_caption_2,The car crosses a bridge.,<DATASET_ROOT>/241018130234_M801C06L62G031_2673_end_extract/drive_15/03,0.7403287887573242,False
sb_caption_2,The car crosses a bridge.,<DATASET_ROOT>/240205170303_M801C06L62G031_2673_end_extract/drive_1/01,0.7968673706054688,False
sb_caption_2,The car crosses a bridge.,<DATASET_ROOT>/241018130234_M801C06L62G031_2673_end_extract/drive_17/04,0.8116937279701233,False
sb_caption_2,The car crosses a bridge.,<DATASET_ROOT>/240529140943_M801C06L62G031_2673_end_extract/drive_27/04,0.8178775906562805,False
sb_caption_2,The car crosses a bridge.,<DATASET_ROOT>/240530090206_M801C06L62G031_2673_end_extract/drive_7/02,0.757809579372406,False
sb_caption_2,The car crosses a bridge.,<DATASET_ROOT>/231106095132_M801C06L62G031_2673_end_extract/drive_1/02,0.808495819568634,True
sb_caption_2,The car crosses a bridge.,<DATASET_ROOT>/241018102947_M801C06L62G031_2673_end_extract/drive_5/04,0.7922080755233765,True
sb_caption_2,The car crosses a bridge.,<DATASET_ROOT>/240205170303_M801C06L62G031_2673_end_extract/drive_1/02,0.8349092602729797,False
sb_caption_2,The car crosses a bridge.,<DATASET_ROOT>/240205170303_M801C06L62G031_2673_end_extract/drive_2/01,0.7365448474884033,False
sb_caption_2,The car crosses a bridge.,<DATASET_ROOT>/240529140943_M801C06L62G031_2673_end_extract/drive_3/01,0.7518509030342102,False
sb_caption_2,The car crosses a bridge.,<DATASET_ROOT>/240529140943_M801C06L62G031_2673_end_extract/drive_11/04,0.8031342029571533,False
sb_caption_2,The car crosses a bridge.,<DATASET_ROOT>/231106095132_M801C06L62G031_2673_end_extract/drive_2/02,0.8131372332572937,False
sb_caption_2,The car crosses a bridge.,<DATASET_ROOT>/240325141234_M801C06L62G031_2673_end_extract/drive_6/03,0.7886875867843628,False
sb_caption_2,The car crosses a bridge.,<DATASET_ROOT>/231106095132_M801C06L62G031_2673_end_extract/drive_1/03,0.8092325329780579,True
sb_caption_2,The car crosses a bridge.,<DATASET_ROOT>/240205170303_M801C06L62G031_2673_end_extract/drive_2/04,0.7539466619491577,False
sb_caption_2,The car crosses a bridge.,<DATASET_ROOT>/240205170303_M801C06L62G031_2673_end_extract/drive_2/03,0.8079741597175598,False
sb_caption_2,The car crosses a bridge.,<DATASET_ROOT>/240530090206_M801C06L62G031_2673_end_extract/drive_2/01,0.793200671672821,False
sb_caption_2,The car crosses a bridge.,<DATASET_ROOT>/241018130234_M801C06L62G031_2673_end_extract/drive_16/02,0.7765160202980042,False
sb_caption_2,The car crosses a bridge.,<DATASET_ROOT>/241018130234_M801C06L62G031_2673_end_extract/drive_17/01,0.8131372332572937,False
sb_caption_2,The car crosses a bridge.,<DATASET_ROOT>/241018130234_M801C06L62G031_2673_end_extract/drive_14/01,0.7562659382820129,False
sb_caption_2,The car crosses a bridge.,<DATASET_ROOT>/231106095132_M801C06L62G031_2673_end_extract/drive_2/01,0.7922080755233765,False
sb_caption_2,The car crosses a bridge.,<DATASET_ROOT>/240322135559_M801C06L62G031_2673_end_extract/drive_17/02,0.7887415885925293,False
sb_caption_2,The car crosses a bridge.,<DATASET_ROOT>/241018130234_M801C06L62G031_2673_end_extract/drive_16/03,0.7824154496192932,False
sb_caption_2,The car crosses a bridge.,<DATASET_ROOT>/241018130234_M801C06L62G031_2673_end_extract/drive_18/04,0.8056089282035828,False
sb_caption_2,The car crosses a bridge.,<DATASET_ROOT>/241018130234_M801C06L62G031_2673_end_extract/drive_14/04,0.7644239068031311,False
sb_caption_2,The car crosses a bridge.,<DATASET_ROOT>/240530090206_M801C06L62G031_2673_end_extract/drive_16/03,0.7879032492637634,False
sb_caption_2,The car crosses a bridge.,<DATASET_ROOT>/231106095132_M801C06L62G031_2673_end_extract/drive_1/01,0.7681071162223816,True
sb_caption_2,The car crosses a bridge.,<DATASET_ROOT>/231106095132_M801C06L62G031_2673_end_extract/drive_1/04,0.8335458636283875,True
sb_caption_2,The car crosses a bridge.,<DATASET_ROOT>/240322135559_M801C06L62G031_2673_end_extract/drive_8/03,0.7887415885925293,False
sb_caption_2,The car crosses a bridge.,<DATASET_ROOT>/241018130234_M801C06L62G031_2673_end_extract/drive_15/02,0.7518509030342102,False
sb_caption_2,The car crosses a bridge.,<DATASET_ROOT>/240530090206_M801C06L62G031_2673_end_extract/drive_15/02,0.7830989360809326,False
sb_caption_2,The car crosses a bridge.,<DATASET_ROOT>/241018130234_M801C06L62G031_2673_end_extract/drive_15/01,0.7341676354408264,False
sb_caption_2,The car crosses a bridge.,<DATASET_ROOT>/241018130234_M801C06L62G031_2673_end_extract/drive_14/02,0.7749974727630615,False
sb_caption_2,The car crosses a bridge.,<DATASET_ROOT>/241018130234_M801C06L62G031_2673_end_extract/drive_18/03,0.7336511015892029,False
sb_caption_2,The car crosses a bridge.,<DATASET_ROOT>/240529140943_M801C06L62G031_2673_end_extract/drive_18/03,0.7596602439880371,False
sb_caption_2,The car crosses a bridge.,<DATASET_ROOT>/240205170303_M801C06L62G031_2673_end_extract/drive_1/04,0.7624341249465942,False
sb_caption_2,The car crosses a bridge.,<DATASET_ROOT>/240205094744_M801C06L62G031_2673_end_extract/drive_2/01,0.7684122920036316,False
sb_caption_2,The car crosses a bridge.,<DATASET_ROOT>/240322135559_M801C06L62G031_2673_end_extract/drive_14/02,0.8147783279418945,False
sb_caption_2,The car crosses a bridge.,<DATASET_ROOT>/241018130234_M801C06L62G031_2673_end_extract/drive_17/02,0.8107091784477234,False
sb_caption_2,The car crosses a bridge.,<DATASET_ROOT>/240205094744_M801C06L62G031_2673_end_extract/drive_1/04,0.7763372659683228,False
sb_caption_2,The car crosses a bridge.,<DATASET_ROOT>/241018130234_M801C06L62G031_2673_end_extract/drive_14/03,0.7922080755233765,False
sb_caption_2,The car crosses a bridge.,<DATASET_ROOT>/241018130234_M801C06L62G031_2673_end_extract/drive_13/02,0.7852786183357239,False
sb_caption_2,The car crosses a bridge.,<DATASET_ROOT>/240325141234_M801C06L62G031_2673_end_extract/drive_6/02,0.7787734270095825,False
sb_caption_2,The car crosses a bridge.,<DATASET_ROOT>/240530090206_M801C06L62G031_2673_end_extract/drive_20/04,0.7922080755233765,False
sb_caption_2,The car crosses a bridge.,<DATASET_ROOT>/240822134456_M801C06L62G031_2673_end_extract/drive_10/03,0.8464513421058655,False
sb_caption_2,The car crosses a bridge.,<DATASET_ROOT>/240529140943_M801C06L62G031_2673_end_extract/drive_4/02,0.7785136103630066,False
sb_caption_2,The car crosses a bridge.,<DATASET_ROOT>/241018102947_M801C06L62G031_2673_end_extract/drive_5/03,0.8270880579948425,True
sb_caption_2,The car crosses a bridge.,<DATASET_ROOT>/240205170303_M801C06L62G031_2673_end_extract/drive_1/03,0.7707723379135132,False
sb_caption_2,The car crosses a bridge.,<DATASET_ROOT>/231106095132_M801C06L62G031_2673_end_extract/drive_2/04,0.7877012491226196,False
sb_caption_2,The car crosses a bridge.,<DATASET_ROOT>/240530090206_M801C06L62G031_2673_end_extract/drive_21/02,0.7808923721313477,False
sb_caption_2,The car crosses a bridge.,<DATASET_ROOT>/241018102947_M801C06L62G031_2673_end_extract/drive_5/02,0.7685196399688721,True
sb_caption_2,The car crosses a bridge.,<DATASET_ROOT>/241018130234_M801C06L62G031_2673_end_extract/drive_13/01,0.7922080755233765,False
sb_caption_2,The car crosses a bridge.,<DATASET_ROOT>/240205094744_M801C06L62G031_2673_end_extract/drive_2/04,0.7867534756660461,False
sb_caption_2,The car crosses a bridge.,<DATASET_ROOT>/240530090206_M801C06L62G031_2673_end_extract/drive_1/02,0.7833119034767151,False
sb_caption_2,The car crosses a bridge.,<DATASET_ROOT>/241018130234_M801C06L62G031_2673_end_extract/drive_15/04,0.7627414464950562,False
sb_caption_2,The car crosses a bridge.,<DATASET_ROOT>/241018130234_M801C06L62G031_2673_end_extract/drive_18/01,0.7723760008811951,False
sb_caption_2,The car crosses a bridge.,<DATASET_ROOT>/240205094744_M801C06L62G031_2673_end_extract/drive_2/02,0.7729847431182861,False
sb_caption_2,The car crosses a bridge.,<DATASET_ROOT>/240529140943_M801C06L62G031_2673_end_extract/drive_26/04,0.8090442419052124,False
sb_caption_2,The car crosses a bridge.,<DATASET_ROOT>/240529140943_M801C06L62G031_2673_end_extract/drive_15/03,0.7799442410469055,False
sb_caption_2,The car crosses a bridge.,<DATASET_ROOT>/241018130234_M801C06L62G031_2673_end_extract/drive_7/02,0.7922080755233765,False
sb_caption_2,The car crosses a bridge.,<DATASET_ROOT>/240529140943_M801C06L62G031_2673_end_extract/drive_15/04,0.7649961709976196,False
sb_caption_2,The car crosses a bridge.,<DATASET_ROOT>/240822084904_M801C06L62G031_2673_end_extract/drive_5/03,0.8071790933609009,False
sb_caption_2,The car crosses a bridge.,<DATASET_ROOT>/240822084904_M801C06L62G031_2673_end_extract/drive_22/03,0.7593299746513367,False
sb_caption_2,The car crosses a bridge.,<DATASET_ROOT>/240822084904_M801C06L62G031_2673_end_extract/drive_6/03,0.8329663276672363,False
sb_caption_2,The car crosses a bridge.,<DATASET_ROOT>/231116093002_M801C06L62G031_2673_end_extract/drive_4/02,0.8335482478141785,False
sb_caption_2,The car crosses a bridge.,<DATASET_ROOT>/240325141234_M801C06L62G031_2673_end_extract/drive_13/01,0.7618998885154724,False
sb_caption_2,The car crosses a bridge.,<DATASET_ROOT>/240529140943_M801C06L62G031_2673_end_extract/drive_21/01,0.7660472393035889,False
sb_caption_2,The car crosses a bridge.,<DATASET_ROOT>/231116093002_M801C06L62G031_2673_end_extract/drive_1/03,0.8014500737190247,False
sb_caption_2,The car crosses a bridge.,<DATASET_ROOT>/240322135559_M801C06L62G031_2673_end_extract/drive_21/02,0.8131372332572937,False
sb_caption_2,The car crosses a bridge.,<DATASET_ROOT>/240822084904_M801C06L62G031_2673_end_extract/drive_18/03,0.7752040028572083,False
sb_caption_2,The car crosses a bridge.,<DATASET_ROOT>/240322135559_M801C06L62G031_2673_end_extract/drive_15/01,0.8191247582435608,False
sb_caption_2,The car crosses a bridge.,<DATASET_ROOT>/241018102947_M801C06L62G031_2673_end_extract/drive_4/01,0.7180997729301453,False
sb_caption_2,The car crosses a bridge.,<DATASET_ROOT>/240822084904_M801C06L62G031_2673_end_extract/drive_6/01,0.7545404434204102,False
sb_caption_2,The car crosses a bridge.,<DATASET_ROOT>/241018130234_M801C06L62G031_2673_end_extract/drive_11/01,0.7746953964233398,False
sb_caption_2,The car crosses a bridge.,<DATASET_ROOT>/240325141234_M801C06L62G031_2673_end_extract/drive_11/02,0.7599207162857056,False
sb_caption_2,The car crosses a bridge.,<DATASET_ROOT>/240822134456_M801C06L62G031_2673_end_extract/drive_10/04,0.7749272584915161,False
sb_caption_2,The car crosses a bridge.,<DATASET_ROOT>/240529140943_M801C06L62G031_2673_end_extract/drive_31/03,0.7562223672866821,False
sb_caption_2,The car crosses a bridge.,<DATASET_ROOT>/240822134456_M801C06L62G031_2673_end_extract/drive_8/03,0.8677170276641846,False
sb_caption_2,The car crosses a bridge.,<DATASET_ROOT>/240530090206_M801C06L62G031_2673_end_extract/drive_24/04,0.8021659851074219,False
sb_caption_2,The scene is at night.,<DATASET_ROOT>/240529140943_M801C06L62G031_2673_end_extract/drive_19/02,0.7865250110626221,False
sb_caption_2,The scene is at night.,<DATASET_ROOT>/241018130234_M801C06L62G031_2673_end_extract/drive_16/04,0.7569496631622314,True
sb_caption_2,The scene is at night.,<DATASET_ROOT>/240205094744_M801C06L62G031_2673_end_extract/drive_1/02,0.7978269457817078,False
sb_caption_2,The scene is at night.,<DATASET_ROOT>/231106095132_M801C06L62G031_2673_end_extract/drive_2/03,0.8260442018508911,False
sb_caption_2,The scene is at night.,<DATASET_ROOT>/240529140943_M801C06L62G031_2673_end_extract/drive_27/02,0.8349565267562866,False
sb_caption_2,The scene is at night.,<DATASET_ROOT>/240529140943_M801C06L62G031_2673_end_extract/drive_14/03,0.8259366154670715,False
sb_caption_2,The scene is at night.,<DATASET_ROOT>/240205094744_M801C06L62G031_2673_end_extract/drive_1/01,0.8186481595039368,False
sb_caption_2,The scene is at night.,<DATASET_ROOT>/240530090206_M801C06L62G031_2673_end_extract/drive_16/01,0.8738507628440857,False
sb_caption_2,The scene is at night.,<DATASET_ROOT>/241018130234_M801C06L62G031_2673_end_extract/drive_18/02,0.7622004747390747,True
sb_caption_2,The scene is at night.,<DATASET_ROOT>/241018130234_M801C06L62G031_2673_end_extract/drive_13/04,0.8680938482284546,True
sb_caption_2,The scene is at night.,<DATASET_ROOT>/240530090206_M801C06L62G031_2673_end_extract/drive_16/02,0.8434372544288635,False
sb_caption_2,The scene is at night.,<DATASET_ROOT>/241018130234_M801C06L62G031_2673_end_extract/drive_16/01,0.8151262402534485,True
sb_caption_2,The scene is at night.,<DATASET_ROOT>/240205170303_M801C06L62G031_2673_end_extract/drive_2/02,0.767220675945282,False
sb_caption_2,The scene is at night.,<DATASET_ROOT>/240822084904_M801C06L62G031_2673_end_extract/drive_18/02,0.7930482625961304,False
sb_caption_2,The scene is at night.,<DATASET_ROOT>/240530090206_M801C06L62G031_2673_end_extract/drive_16/04,0.7994797229766846,False
sb_caption_2,The scene is at night.,<DATASET_ROOT>/240322135559_M801C06L62G031_2673_end_extract/drive_13/01,0.7978269457817078,False
sb_caption_2,The scene is at night.,<DATASET_ROOT>/241018102947_M801C06L62G031_2673_end_extract/drive_5/01,0.7978269457817078,False
sb_caption_2,The scene is at night.,<DATASET_ROOT>/241018130234_M801C06L62G031_2673_end_extract/drive_17/03,0.7926344275474548,True
sb_caption_2,The scene is at night.,<DATASET_ROOT>/240205094744_M801C06L62G031_2673_end_extract/drive_1/03,0.7150119543075562,False
sb_caption_2,The scene is at night.,<DATASET_ROOT>/240205094744_M801C06L62G031_2673_end_extract/drive_2/03,0.7775783538818359,False
sb_caption_2,The scene is at night.,<DATASET_ROOT>/241018130234_M801C06L62G031_2673_end_extract/drive_13/03,0.7930482625961304,True
sb_caption_2,The scene is at night.,<DATASET_ROOT>/241018130234_M801C06L62G031_2673_end_extract/drive_15/03,0.7255204916000366,True
sb_caption_2,The scene is at night.,<DATASET_ROOT>/240205170303_M801C06L62G031_2673_end_extract/drive_1/01,0.7969314455986023,False
sb_caption_2,The scene is at night.,<DATASET_ROOT>/241018130234_M801C06L62G031_2673_end_extract/drive_17/04,0.8191790580749512,True
sb_caption_2,The scene is at night.,<DATASET_ROOT>/240529140943_M801C06L62G031_2673_end_extract/drive_27/04,0.792769193649292,False
sb_caption_2,The scene is at night.,<DATASET_ROOT>/240530090206_M801C06L62G031_2673_end_extract/drive_7/02,0.7930482625961304,False
sb_caption_2,The scene is at night.,<DATASET_ROOT>/231106095132_M801C06L62G031_2673_end_extract/drive_1/02,0.814943253993988,False
sb_caption_2,The scene is at night.,<DATASET_ROOT>/241018102947_M801C06L62G031_2673_end_extract/drive_5/04,0.7978269457817078,False
sb_caption_2,The scene is at night.,<DATASET_ROOT>/240205170303_M801C06L62G031_2673_end_extract/drive_1/02,0.8068446516990662,False
sb_caption_2,The scene is at night.,<DATASET_ROOT>/240205170303_M801C06L62G031_2673_end_extract/drive_2/01,0.7865250110626221,False
sb_caption_2,The scene is at night.,<DATASET_ROOT>/240529140943_M801C06L62G031_2673_end_extract/drive_3/01,0.7928944826126099,False
sb_caption_2,The scene is at night.,<DATASET_ROOT>/240529140943_M801C06L62G031_2673_end_extract/drive_11/04,0.7928944826126099,False
sb_caption_2,The scene is at night.,<DATASET_ROOT>/231106095132_M801C06L62G031_2673_end_extract/drive_2/02,0.8207723498344421,False
sb_caption_2,The scene is at night.,<DATASET_ROOT>/240325141234_M801C06L62G031_2673_end_extract/drive_6/03,0.7928944826126099,False
sb_caption_2,The scene is at night.,<DATASET_ROOT>/231106095132_M801C06L62G031_2673_end_extract/drive_1/03,0.8246303200721741,False
sb_caption_2,The scene is at night.,<DATASET_ROOT>/240205170303_M801C06L62G031_2673_end_extract/drive_2/04,0.7461643815040588,False
sb_caption_2,The scene is at night.,<DATASET_ROOT>/240205170303_M801C06L62G031_2673_end_extract/drive_2/03,0.7754299640655518,False
sb_caption_2,The scene is at night.,<DATASET_ROOT>/240530090206_M801C06L62G031_2673_end_extract/drive_2/01,0.8201056718826294,False
sb_caption_2,The scene is at night.,<DATASET_ROOT>/241018130234_M801C06L62G031_2673_end_extract/drive_16/02,0.7825989127159119,True
sb_caption_2,The scene is at night.,<DATASET_ROOT>/241018130234_M801C06L62G031_2673_end_extract/drive_17/01,0.8207723498344421,True
sb_caption_2,The scene is at night.,<DATASET_ROOT>/241018130234_M801C06L62G031_2673_end_extract/drive_14/01,0.8181726336479187,True
sb_caption_2,The scene is at night.,<DATASET_ROOT>/231106095132_M801C06L62G031_2673_end_extract/drive_2/01,0.7978269457817078,False
sb_caption_2,The scene is at night.,<DATASET_ROOT>/240322135559_M801C06L62G031_2673_end_extract/drive_17/02,0.8301164507865906,False
sb_caption_2,The scene is at night.,<DATASET_ROOT>/241018130234_M801C06L62G031_2673_end_extract/drive_16/03,0.8350101113319397,True
sb_caption_2,The scene is at night.,<DATASET_ROOT>/241018130234_M801C06L62G031_2673_end_extract/drive_18/04,0.8131688833236694,True
sb_caption_2,The scene is at night.,<DATASET_ROOT>/241018130234_M801C06L62G031_2673_end_extract/drive_14/04,0.7716163396835327,True
sb_caption_2,The scene is at night.,<DATASET_ROOT>/240530090206_M801C06L62G031_2673_end_extract/drive_16/03,0.7332242727279663,False
sb_caption_2,The scene is at night.,<DATASET_ROOT>/231106095132_M801C06L62G031_2673_end_extract/drive_1/01,0.8349565267562866,False
sb_caption_2,The scene is at night.,<DATASET_ROOT>/231106095132_M801C06L62G031_2673_end_extract/drive_1/04,0.810886800289154,False
sb_caption_2,The scene is at night.,<DATASET_ROOT>/240322135559_M801C06L62G031_2673_end_extract/drive_8/03,0.8301164507865906,False
sb_caption_2,The scene is at night.,<DATASET_ROOT>/241018130234_M801C06L62G031_2673_end_extract/drive_15/02,0.7928944826126099,True
sb_caption_2,The scene is at night.,<DATASET_ROOT>/240530090206_M801C06L62G031_2673_end_extract/drive_15/02,0.8175587058067322,False
sb_caption_2,The scene is at night.,<DATASET_ROOT>/241018130234_M801C06L62G031_2673_end_extract/drive_15/01,0.7614440321922302,True
sb_caption_2,The scene is at night.,<DATASET_ROOT>/241018130234_M801C06L62G031_2673_end_extract/drive_14/02,0.8093240261077881,True
sb_caption_2,The scene is at night.,<DATASET_ROOT>/241018130234_M801C06L62G031_2673_end_extract/drive_18/03,0.8089519143104553,True
sb_caption_2,The scene is at night.,<DATASET_ROOT>/240529140943_M801C06L62G031_2673_end_extract/drive_18/03,0.7930482625961304,False
sb_caption_2,The scene is at night.,<DATASET_ROOT>/240205170303_M801C06L62G031_2673_end_extract/drive_1/04,0.7994797229766846,False
sb_caption_2,The scene is at night.,<DATASET_ROOT>/240205094744_M801C06L62G031_2673_end_extract/drive_2/01,0.7505160570144653,False
sb_caption_2,The scene is at night.,<DATASET_ROOT>/240322135559_M801C06L62G031_2673_end_extract/drive_14/02,0.8200374841690063,False
sb_caption_2,The scene is at night.,<DATASET_ROOT>/241018130234_M801C06L62G031_2673_end_extract/drive_17/02,0.7980726957321167,True
sb_caption_2,The scene is at night.,<DATASET_ROOT>/240205094744_M801C06L62G031_2673_end_extract/drive_1/04,0.753120481967926,False
sb_caption_2,The scene is at night.,<DATASET_ROOT>/241018130234_M801C06L62G031_2673_end_extract/drive_14/03,0.7978269457817078,True
sb_caption_2,The scene is at night.,<DATASET_ROOT>/241018130234_M801C06L62G031_2673_end_extract/drive_13/02,0.7830163240432739,True
sb_caption_2,The scene is at night.,<DATASET_ROOT>/240325141234_M801C06L62G031_2673_end_extract/drive_6/02,0.7481512427330017,False
sb_caption_2,The scene is at night.,<DATASET_ROOT>/240530090206_M801C06L62G031_2673_end_extract/drive_20/04,0.7978269457817078,False
sb_caption_2,The scene is at night.,<DATASET_ROOT>/240822134456_M801C06L62G031_2673_end_extract/drive_10/03,0.8235153555870056,False
sb_caption_2,The scene is at night.,<DATASET_ROOT>/240529140943_M801C06L62G031_2673_end_extract/drive_4/02,0.842689573764801,False
sb_caption_2,The scene is at night.,<DATASET_ROOT>/241018102947_M801C06L62G031_2673_end_extract/drive_5/03,0.7092716097831726,False
sb_caption_2,The scene is at night.,<DATASET_ROOT>/240205170303_M801C06L62G031_2673_end_extract/drive_1/03,0.7740627527236938,False
sb_caption_2,The scene is at night.,<DATASET_ROOT>/231106095132_M801C06L62G031_2673_end_extract/drive_2/04,0.7502856850624084,False
sb_caption_2,The scene is at night.,<DATASET_ROOT>/240530090206_M801C06L62G031_2673_end_extract/drive_21/02,0.7930482625961304,False
sb_caption_2,The scene is at night.,<DATASET_ROOT>/241018102947_M801C06L62G031_2673_end_extract/drive_5/02,0.8054394125938416,False
sb_caption_2,The scene is at night.,<DATASET_ROOT>/241018130234_M801C06L62G031_2673_end_extract/drive_13/01,0.7978269457817078,True
sb_caption_2,The scene is at night.,<DATASET_ROOT>/240205094744_M801C06L62G031_2673_end_extract/drive_2/04,0.783814549446106,False
sb_caption_2,The scene is at night.,<DATASET_ROOT>/240530090206_M801C06L62G031_2673_end_extract/drive_1/02,0.8260035514831543,False
sb_caption_2,The scene is at night.,<DATASET_ROOT>/241018130234_M801C06L62G031_2673_end_extract/drive_15/04,0.8039209842681885,True
sb_caption_2,The scene is at night.,<DATASET_ROOT>/241018130234_M801C06L62G031_2673_end_extract/drive_18/01,0.7928944826126099,True
sb_caption_2,The scene is at night.,<DATASET_ROOT>/240205094744_M801C06L62G031_2673_end_extract/drive_2/02,0.7412341833114624,False
sb_caption_2,The scene is at night.,<DATASET_ROOT>/240529140943_M801C06L62G031_2673_end_extract/drive_26/04,0.8535596132278442,False
sb_caption_2,The scene is at night.,<DATASET_ROOT>/240529140943_M801C06L62G031_2673_end_extract/drive_15/03,0.811677873134613,False
sb_caption_2,The scene is at night.,<DATASET_ROOT>/241018130234_M801C06L62G031_2673_end_extract/drive_7/02,0.7978269457817078,False
sb_caption_2,The scene is at night.,<DATASET_ROOT>/240529140943_M801C06L62G031_2673_end_extract/drive_15/04,0.7928944826126099,False
sb_caption_2,The scene is at night.,<DATASET_ROOT>/240822084904_M801C06L62G031_2673_end_extract/drive_5/03,0.8235153555870056,False
sb_caption_2,The scene is at night.,<DATASET_ROOT>/240822084904_M801C06L62G031_2673_end_extract/drive_22/03,0.7928944826126099,False
sb_caption_2,The scene is at night.,<DATASET_ROOT>/240822084904_M801C06L62G031_2673_end_extract/drive_6/03,0.8359803557395935,False
sb_caption_2,The scene is at night.,<DATASET_ROOT>/231116093002_M801C06L62G031_2673_end_extract/drive_4/02,0.8186481595039368,False
sb_caption_2,The scene is at night.,<DATASET_ROOT>/240325141234_M801C06L62G031_2673_end_extract/drive_13/01,0.8014335036277771,False
sb_caption_2,The scene is at night.,<DATASET_ROOT>/240529140943_M801C06L62G031_2673_end_extract/drive_21/01,0.7437406778335571,False
sb_caption_2,The scene is at night.,<DATASET_ROOT>/231116093002_M801C06L62G031_2673_end_extract/drive_1/03,0.7934583425521851,False
sb_caption_2,The scene is at night.,<DATASET_ROOT>/240322135559_M801C06L62G031_2673_end_extract/drive_21/02,0.8207723498344421,False
sb_caption_2,The scene is at night.,<DATASET_ROOT>/240822084904_M801C06L62G031_2673_end_extract/drive_18/03,0.7882155179977417,False
sb_caption_2,The scene is at night.,<DATASET_ROOT>/240322135559_M801C06L62G031_2673_end_extract/drive_15/01,0.8489336371421814,False
sb_caption_2,The scene is at night.,<DATASET_ROOT>/241018102947_M801C06L62G031_2673_end_extract/drive_4/01,0.7585128545761108,False
sb_caption_2,The scene is at night.,<DATASET_ROOT>/240822084904_M801C06L62G031_2673_end_extract/drive_6/01,0.7537558078765869,False
sb_caption_2,The scene is at night.,<DATASET_ROOT>/241018130234_M801C06L62G031_2673_end_extract/drive_11/01,0.7698982954025269,False
sb_caption_2,The scene is at night.,<DATASET_ROOT>/240325141234_M801C06L62G031_2673_end_extract/drive_11/02,0.7821229696273804,False
sb_caption_2,The scene is at night.,<DATASET_ROOT>/240822134456_M801C06L62G031_2673_end_extract/drive_10/04,0.7930524349212646,False
sb_caption_2,The scene is at night.,<DATASET_ROOT>/240529140943_M801C06L62G031_2673_end_extract/drive_31/03,0.7994797229766846,False
sb_caption_2,The scene is at night.,<DATASET_ROOT>/240822134456_M801C06L62G031_2673_end_extract/drive_8/03,0.7919197082519531,False
sb_caption_2,The scene is at night.,<DATASET_ROOT>/240530090206_M801C06L62G031_2673_end_extract/drive_24/04,0.8328699469566345,False
sb_caption_2,It is raining.,<DATASET_ROOT>/240529140943_M801C06L62G031_2673_end_extract/drive_19/02,0.7691991925239563,False
sb_caption_2,It is raining.,<DATASET_ROOT>/241018130234_M801C06L62G031_2673_end_extract/drive_16/04,0.7477931976318359,False
sb_caption_2,It is raining.,<DATASET_ROOT>/240205094744_M801C06L62G031_2673_end_extract/drive_1/02,0.8599656224250793,True
sb_caption_2,It is raining.,<DATASET_ROOT>/231106095132_M801C06L62G031_2673_end_extract/drive_2/03,0.8130310773849487,False
sb_caption_2,It is raining.,<DATASET_ROOT>/240529140943_M801C06L62G031_2673_end_extract/drive_27/02,0.8075891137123108,False
sb_caption_2,It is raining.,<DATASET_ROOT>/240529140943_M801C06L62G031_2673_end_extract/drive_14/03,0.8015527129173279,False
sb_caption_2,It is raining.,<DATASET_ROOT>/240205094744_M801C06L62G031_2673_end_extract/drive_1/01,0.8015697002410889,True
sb_caption_2,It is raining.,<DATASET_ROOT>/240530090206_M801C06L62G031_2673_end_extract/drive_16/01,0.8390309810638428,False
sb_caption_2,It is raining.,<DATASET_ROOT>/241018130234_M801C06L62G031_2673_end_extract/drive_18/02,0.7268733382225037,False
sb_caption_2,It is raining.,<DATASET_ROOT>/241018130234_M801C06L62G031_2673_end_extract/drive_13/04,0.8431649804115295,True
sb_caption_2,It is raining.,<DATASET_ROOT>/240530090206_M801C06L62G031_2673_end_extract/drive_16/02,0.8066098093986511,False
sb_caption_2,It is raining.,<DATASET_ROOT>/241018130234_M801C06L62G031_2673_end_extract/drive_16/01,0.768243134021759,False
sb_caption_2,It is raining.,<DATASET_ROOT>/240205170303_M801C06L62G031_2673_end_extract/drive_2/02,0.7603716254234314,False
sb_caption_2,It is raining.,<DATASET_ROOT>/240822084904_M801C06L62G031_2673_end_extract/drive_18/02,0.7835454940795898,False
sb_caption_2,It is raining.,<DATASET_ROOT>/240530090206_M801C06L62G031_2673_end_extract/drive_16/04,0.7798113226890564,False
sb_caption_2,It is raining.,<DATASET_ROOT>/240322135559_M801C06L62G031_2673_end_extract/drive_13/01,0.7847149968147278,False
sb_caption_2,It is raining.,<DATASET_ROOT>/241018102947_M801C06L62G031_2673_end_extract/drive_5/01,0.7847149968147278,True
sb_caption_2,It is raining.,<DATASET_ROOT>/241018130234_M801C06L62G031_2673_end_extract/drive_17/03,0.7568417191505432,False
sb_caption_2,It is raining.,<DATASET_ROOT>/240205094744_M801C06L62G031_2673_end_extract/drive_1/03,0.7702223062515259,True
sb_caption_2,It is raining.,<DATASET_ROOT>/240205094744_M801C06L62G031_2673_end_extract/drive_2/03,0.7670251727104187,True
sb_caption_2,It is raining.,<DATASET_ROOT>/241018130234_M801C06L62G031_2673_end_extract/drive_13/03,0.7835454940795898,True
sb_caption_2,It is raining.,<DATASET_ROOT>/241018130234_M801C06L62G031_2673_end_extract/drive_15/03,0.7827098965644836,True
sb_caption_2,It is raining.,<DATASET_ROOT>/240205170303_M801C06L62G031_2673_end_extract/drive_1/01,0.7909817695617676,False
sb_caption_2,It is raining.,<DATASET_ROOT>/241018130234_M801C06L62G031_2673_end_extract/drive_17/04,0.801184892654419,False
sb_caption_2,It is raining.,<DATASET_ROOT>/240529140943_M801C06L62G031_2673_end_extract/drive_27/04,0.7735057473182678,False
sb_caption_2,It is raining.,<DATASET_ROOT>/240530090206_M801C06L62G031_2673_end_extract/drive_7/02,0.7835454940795898,False
sb_caption_2,It is raining.,<DATASET_ROOT>/231106095132_M801C06L62G031_2673_end_extract/drive_1/02,0.807754635810852,False
sb_caption_2,It is raining.,<DATASET_ROOT>/241018102947_M801C06L62G031_2673_end_extract/drive_5/04,0.7847149968147278,True
sb_caption_2,It is raining.,<DATASET_ROOT>/240205170303_M801C06L62G031_2673_end_extract/drive_1/02,0.7794274091720581,False
sb_caption_2,It is raining.,<DATASET_ROOT>/240205170303_M801C06L62G031_2673_end_extract/drive_2/01,0.7691991925239563,False
sb_caption_2,It is raining.,<DATASET_ROOT>/240529140943_M801C06L62G031_2673_end_extract/drive_3/01,0.7791053652763367,False
sb_caption_2,It is raining.,<DATASET_ROOT>/240529140943_M801C06L62G031_2673_end_extract/drive_11/04,0.7791053652763367,False
sb_caption_2,It is raining.,<DATASET_ROOT>/231106095132_M801C06L62G031_2673_end_extract/drive_2/02,0.797606348991394,False
sb_caption_2,It is raining.,<DATASET_ROOT>/240325141234_M801C06L62G031_2673_end_extract/drive_6/03,0.842184841632843,True
sb_caption_2,It is raining.,<DATASET_ROOT>/231106095132_M801C06L62G031_2673_end_extract/drive_1/03,0.8587636947631836,False
sb_caption_2,It is raining.,<DATASET_ROOT>/240205170303_M801C06L62G031_2673_end_extract/drive_2/04,0.7327539920806885,False
sb_caption_2,It is raining.,<DATASET_ROOT>/240205170303_M801C06L62G031_2673_end_extract/drive_2/03,0.7417632341384888,False
sb_caption_2,It is raining.,<DATASET_ROOT>/240530090206_M801C06L62G031_2673_end_extract/drive_2/01,0.8124312162399292,False
sb_caption_2,It is raining.,<DATASET_ROOT>/241018130234_M801C06L62G031_2673_end_extract/drive_16/02,0.74724942445755,False
sb_caption_2,It is raining.,<DATASET_ROOT>/241018130234_M801C06L62G031_2673_end_extract/drive_17/01,0.797606348991394,False
sb_caption_2,It is raining.,<DATASET_ROOT>/241018130234_M801C06L62G031_2673_end_extract/drive_14/01,0.8050403594970703,True
sb_caption_2,It is raining.,<DATASET_ROOT>/231106095132_M801C06L62G031_2673_end_extract/drive_2/01,0.8475772142410278,False
sb_caption_2,It is raining.,<DATASET_ROOT>/240322135559_M801C06L62G031_2673_end_extract/drive_17/02,0.8040084838867188,False
sb_caption_2,It is raining.,<DATASET_ROOT>/241018130234_M801C06L62G031_2673_end_extract/drive_16/03,0.7434176206588745,False
sb_caption_2,It is raining.,<DATASET_ROOT>/241018130234_M801C06L62G031_2673_end_extract/drive_18/04,0.7961313128471375,False
sb_caption_2,It is raining.,<DATASET_ROOT>/241018130234_M801C06L62G031_2673_end_extract/drive_14/04,0.7494444251060486,True
sb_caption_2,It is raining.,<DATASET_ROOT>/240530090206_M801C06L62G031_2673_end_extract/drive_16/03,0.6812383532524109,False
sb_caption_2,It is raining.,<DATASET_ROOT>/231106095132_M801C06L62G031_2673_end_extract/drive_1/01,0.8075891137123108,False
sb_caption_2,It is raining.,<DATASET_ROOT>/231106095132_M801C06L62G031_2673_end_extract/drive_1/04,0.7955367565155029,False
sb_caption_2,It is raining.,<DATASET_ROOT>/240322135559_M801C06L62G031_2673_end_extract/drive_8/03,0.8040084838867188,False
sb_caption_2,It is raining.,<DATASET_ROOT>/241018130234_M801C06L62G031_2673_end_extract/drive_15/02,0.7791053652763367,True
sb_caption_2,It is raining.,<DATASET_ROOT>/240530090206_M801C06L62G031_2673_end_extract/drive_15/02,0.7981286644935608,False
sb_caption_2,It is raining.,<DATASET_ROOT>/241018130234_M801C06L62G031_2673_end_extract/drive_15/01,0.8247751593589783,True
sb_caption_2,It is raining.,<DATASET_ROOT>/241018130234_M801C06L62G031_2673_end_extract/drive_14/02,0.7315011620521545,True
sb_caption_2,It is raining.,<DATASET_ROOT>/241018130234_M801C06L62G031_2673_end_extract/drive_18/03,0.801911473274231,False
sb_caption_2,It is raining.,<DATASET_ROOT>/240529140943_M801C06L62G031_2673_end_extract/drive_18/03,0.7835454940795898,False
sb_caption_2,It is raining.,<DATASET_ROOT>/240205170303_M801C06L62G031_2673_end_extract/drive_1/04,0.7798113226890564,False
sb_caption_2,It is raining.,<DATASET_ROOT>/240205094744_M801C06L62G031_2673_end_extract/drive_2/01,0.7127311825752258,True
sb_caption_2,It is raining.,<DATASET_ROOT>/240322135559_M801C06L62G031_2673_end_extract/drive_14/02,0.7929824590682983,False
sb_caption_2,It is raining.,<DATASET_ROOT>/241018130234_M801C06L62G031_2673_end_extract/drive_17/02,0.7891680002212524,False
sb_caption_2,It is raining.,<DATASET_ROOT>/240205094744_M801C06L62G031_2673_end_extract/drive_1/04,0.732629656791687,True
sb_caption_2,It is raining.,<DATASET_ROOT>/241018130234_M801C06L62G031_2673_end_extract/drive_14/03,0.7847149968147278,True
sb_caption_2,It is raining.,<DATASET_ROOT>/241018130234_M801C06L62G031_2673_end_extract/drive_13/02,0.748530924320221,True
sb_caption_2,It is raining.,<DATASET_ROOT>/240325141234_M801C06L62G031_2673_end_extract/drive_6/02,0.7161791920661926,True
sb_caption_2,It is raining.,<DATASET_ROOT>/240530090206_M801C06L62G031_2673_end_extract/drive_20/04,0.7847149968147278,False
sb_caption_2,It is raining.,<DATASET_ROOT>/240822134456_M801C06L62G031_2673_end_extract/drive_10/03,0.8130843043327332,False
sb_caption_2,It is raining.,<DATASET_ROOT>/240529140943_M801C06L62G031_2673_end_extract/drive_4/02,0.8152679204940796,False
sb_caption_2,It is raining.,<DATASET_ROOT>/241018102947_M801C06L62G031_2673_end_extract/drive_5/03,0.7379681468009949,True
sb_caption_2,It is raining.,<DATASET_ROOT>/240205170303_M801C06L62G031_2673_end_extract/drive_1/03,0.8016216158866882,False
sb_caption_2,It is raining.,<DATASET_ROOT>/231106095132_M801C06L62G031_2673_end_extract/drive_2/04,0.7286542057991028,False
sb_caption_2,It is raining.,<DATASET_ROOT>/240530090206_M801C06L62G031_2673_end_extract/drive_21/02,0.7835454940795898,False
sb_caption_2,It is raining.,<DATASET_ROOT>/241018102947_M801C06L62G031_2673_end_extract/drive_5/02,0.8565871715545654,True
sb_caption_2,It is raining.,<DATASET_ROOT>/241018130234_M801C06L62G031_2673_end_extract/drive_13/01,0.7847149968147278,True
sb_caption_2,It is raining.,<DATASET_ROOT>/240205094744_M801C06L62G031_2673_end_extract/drive_2/04,0.7841678857803345,True
sb_caption_2,It is raining.,<DATASET_ROOT>/240530090206_M801C06L62G031_2673_end_extract/drive_1/02,0.7982369065284729,False
sb_caption_2,It is raining.,<DATASET_ROOT>/241018130234_M801C06L62G031_2673_end_extract/drive_15/04,0.771721601486206,True
sb_caption_2,It is raining.,<DATASET_ROOT>/241018130234_M801C06L62G031_2673_end_extract/drive_18/01,0.7791053652763367,False
sb_caption_2,It is raining.,<DATASET_ROOT>/240205094744_M801C06L62G031_2673_end_extract/drive_2/02,0.7268136739730835,True
sb_caption_2,It is raining.,<DATASET_ROOT>/240529140943_M801C06L62G031_2673_end_extract/drive_26/04,0.830427885055542,False
sb_caption_2,It is raining.,<DATASET_ROOT>/240529140943_M801C06L62G031_2673_end_extract/drive_15/03,0.7779250741004944,False
sb_caption_2,It is raining.,<DATASET_ROOT>/241018130234_M801C06L62G031_2673_end_extract/drive_7/02,0.7847149968147278,True
sb_caption_2,It is raining.,<DATASET_ROOT>/240529140943_M801C06L62G031_2673_end_extract/drive_15/04,0.7791053652763367,False
sb_caption_2,It is raining.,<DATASET_ROOT>/240822084904_M801C06L62G031_2673_end_extract/drive_5/03,0.8130843043327332,False
sb_caption_2,It is raining.,<DATASET_ROOT>/240822084904_M801C06L62G031_2673_end_extract/drive_22/03,0.7791053652763367,False
sb_caption_2,It is raining.,<DATASET_ROOT>/240822084904_M801C06L62G031_2673_end_extract/drive_6/03,0.8060641884803772,False
sb_caption_2,It is raining.,<DATASET_ROOT>/231116093002_M801C06L62G031_2673_end_extract/drive_4/02,0.8015697002410889,True
sb_caption_2,It is raining.,<DATASET_ROOT>/240325141234_M801C06L62G031_2673_end_extract/drive_13/01,0.7883571982383728,True
sb_caption_2,It is raining.,<DATASET_ROOT>/240529140943_M801C06L62G031_2673_end_extract/drive_21/01,0.7160767316818237,False
sb_caption_2,It is raining.,<DATASET_ROOT>/231116093002_M801C06L62G031_2673_end_extract/drive_1/03,0.780941903591156,True
sb_caption_2,It is raining.,<DATASET_ROOT>/240322135559_M801C06L62G031_2673_end_extract/drive_21/02,0.797606348991394,True
sb_caption_2,It is raining.,<DATASET_ROOT>/240822084904_M801C06L62G031_2673_end_extract/drive_18/03,0.7650794982910156,False
sb_caption_2,It is raining.,<DATASET_ROOT>/240322135559_M801C06L62G031_2673_end_extract/drive_15/01,0.8219675421714783,True
sb_caption_2,It is raining.,<DATASET_ROOT>/241018102947_M801C06L62G031_2673_end_extract/drive_4/01,0.7478587031364441,True
sb_caption_2,It is raining.,<DATASET_ROOT>/240822084904_M801C06L62G031_2673_end_extract/drive_6/01,0.7191508412361145,False
sb_caption_2,It is raining.,<DATASET_ROOT>/241018130234_M801C06L62G031_2673_end_extract/drive_11/01,0.7807825207710266,True
sb_caption_2,It is raining.,<DATASET_ROOT>/240325141234_M801C06L62G031_2673_end_extract/drive_11/02,0.8784633278846741,True
sb_caption_2,It is raining.,<DATASET_ROOT>/240822134456_M801C06L62G031_2673_end_extract/drive_10/04,0.7673744559288025,False
sb_caption_2,It is raining.,<DATASET_ROOT>/240529140943_M801C06L62G031_2673_end_extract/drive_31/03,0.7798113226890564,False
sb_caption_2,It is raining.,<DATASET_ROOT>/240822134456_M801C06L62G031_2673_end_extract/drive_8/03,0.7668052315711975,False
sb_caption_2,It is raining.,<DATASET_ROOT>/240530090206_M801C06L62G031_2673_end_extract/drive_24/04,0.8235004544258118,False
sb_caption_2,It is snowing.,<DATASET_ROOT>/240529140943_M801C06L62G031_2673_end_extract/drive_19/02,0.7338590025901794,False
sb_caption_2,It is snowing.,<DATASET_ROOT>/241018130234_M801C06L62G031_2673_end_extract/drive_16/04,0.7166222333908081,False
sb_caption_2,It is snowing.,<DATASET_ROOT>/240205094744_M801C06L62G031_2673_end_extract/drive_1/02,0.8131701350212097,False
sb_caption_2,It is snowing.,<DATASET_ROOT>/231106095132_M801C06L62G031_2673_end_extract/drive_2/03,0.7854897975921631,False
sb_caption_2,It is snowing.,<DATASET_ROOT>/240529140943_M801C06L62G031_2673_end_extract/drive_27/02,0.7701475620269775,False
sb_caption_2,It is snowing.,<DATASET_ROOT>/240529140943_M801C06L62G031_2673_end_extract/drive_14/03,0.7769378423690796,False
sb_caption_2,It is snowing.,<DATASET_ROOT>/240205094744_M801C06L62G031_2673_end_extract/drive_1/01,0.7898120284080505,False
sb_caption_2,It is snowing.,<DATASET_ROOT>/240530090206_M801C06L62G031_2673_end_extract/drive_16/01,0.7995285987854004,False
sb_caption_2,It is snowing.,<DATASET_ROOT>/241018130234_M801C06L62G031_2673_end_extract/drive_18/02,0.7105308175086975,False
sb_caption_2,It is snowing.,<DATASET_ROOT>/241018130234_M801C06L62G031_2673_end_extract/drive_13/04,0.8032170534133911,False
sb_caption_2,It is snowing.,<DATASET_ROOT>/240530090206_M801C06L62G031_2673_end_extract/drive_16/02,0.7691972851753235,False
sb_caption_2,It is snowing.,<DATASET_ROOT>/241018130234_M801C06L62G031_2673_end_extract/drive_16/01,0.741905927658081,False
sb_caption_2,It is snowing.,<DATASET_ROOT>/240205170303_M801C06L62G031_2673_end_extract/drive_2/02,0.8084468841552734,True
sb_caption_2,It is snowing.,<DATASET_ROOT>/240822084904_M801C06L62G031_2673_end_extract/drive_18/02,0.7461783289909363,False
sb_caption_2,It is snowing.,<DATASET_ROOT>/240530090206_M801C06L62G031_2673_end_extract/drive_16/04,0.7394666075706482,False
sb_caption_2,It is snowing.,<DATASET_ROOT>/240322135559_M801C06L62G031_2673_end_extract/drive_13/01,0.7581309676170349,False
sb_caption_2,It is snowing.,<DATASET_ROOT>/241018102947_M801C06L62G031_2673_end_extract/drive_5/01,0.7581309676170349,False
sb_caption_2,It is snowing.,<DATASET_ROOT>/241018130234_M801C06L62G031_2673_end_extract/drive_17/03,0.7408655285835266,False
sb_caption_2,It is snowing.,<DATASET_ROOT>/240205094744_M801C06L62G031_2673_end_extract/drive_1/03,0.7319989800453186,False
sb_caption_2,It is snowing.,<DATASET_ROOT>/240205094744_M801C06L62G031_2673_end_extract/drive_2/03,0.7485784888267517,False
sb_caption_2,It is snowing.,<DATASET_ROOT>/241018130234_M801C06L62G031_2673_end_extract/drive_13/03,0.7461783289909363,False
sb_caption_2,It is snowing.,<DATASET_ROOT>/241018130234_M801C06L62G031_2673_end_extract/drive_15/03,0.7382761836051941,False
sb_caption_2,It is snowing.,<DATASET_ROOT>/240205170303_M801C06L62G031_2673_end_extract/drive_1/01,0.8277954459190369,True
sb_caption_2,It is snowing.,<DATASET_ROOT>/241018130234_M801C06L62G031_2673_end_extract/drive_17/04,0.7831242084503174,False
sb_caption_2,It is snowing.,<DATASET_ROOT>/240529140943_M801C06L62G031_2673_end_extract/drive_27/04,0.7541388869285583,False
sb_caption_2,It is snowing.,<DATASET_ROOT>/240530090206_M801C06L62G031_2673_end_extract/drive_7/02,0.7461783289909363,False
sb_caption_2,It is snowing.,<DATASET_ROOT>/231106095132_M801C06L62G031_2673_end_extract/drive_1/02,0.7827270030975342,False
sb_caption_2,It is snowing.,<DATASET_ROOT>/241018102947_M801C06L62G031_2673_end_extract/drive_5/04,0.7581309676170349,False
sb_caption_2,It is snowing.,<DATASET_ROOT>/240205170303_M801C06L62G031_2673_end_extract/drive_1/02,0.7848593592643738,True
sb_caption_2,It is snowing.,<DATASET_ROOT>/240205170303_M801C06L62G031_2673_end_extract/drive_2/01,0.7338590025901794,True
sb_caption_2,It is snowing.,<DATASET_ROOT>/240529140943_M801C06L62G031_2673_end_extract/drive_3/01,0.7410669326782227,False
sb_caption_2,It is snowing.,<DATASET_ROOT>/240529140943_M801C06L62G031_2673_end_extract/drive_11/04,0.7410669326782227,False
sb_caption_2,It is snowing.,<DATASET_ROOT>/231106095132_M801C06L62G031_2673_end_extract/drive_2/02,0.7713946104049683,False
sb_caption_2,It is snowing.,<DATASET_ROOT>/240325141234_M801C06L62G031_2673_end_extract/drive_6/03,0.8051316738128662,False
sb_caption_2,It is snowing.,<DATASET_ROOT>/231106095132_M801C06L62G031_2673_end_extract/drive_1/03,0.8060629963874817,False
sb_caption_2,It is snowing.,<DATASET_ROOT>/240205170303_M801C06L62G031_2673_end_extract/drive_2/04,0.7730573415756226,True
sb_caption_2,It is snowing.,<DATASET_ROOT>/240205170303_M801C06L62G031_2673_end_extract/drive_2/03,0.7290472388267517,True
sb_caption_2,It is snowing.,<DATASET_ROOT>/240530090206_M801C06L62G031_2673_end_extract/drive_2/01,0.7738660573959351,False
sb_caption_2,It is snowing.,<DATASET_ROOT>/241018130234_M801C06L62G031_2673_end_extract/drive_16/02,0.7277729511260986,False
sb_caption_2,It is snowing.,<DATASET_ROOT>/241018130234_M801C06L62G031_2673_end_extract/drive_17/01,0.7713946104049683,False
sb_caption_2,It is snowing.,<DATASET_ROOT>/241018130234_M801C06L62G031_2673_end_extract/drive_14/01,0.7672927975654602,False
sb_caption_2,It is snowing.,<DATASET_ROOT>/231106095132_M801C06L62G031_2673_end_extract/drive_2/01,0.7866153717041016,False
sb_caption_2,It is snowing.,<DATASET_ROOT>/240322135559_M801C06L62G031_2673_end_extract/drive_17/02,0.7682026028633118,False
sb_caption_2,It is snowing.,<DATASET_ROOT>/241018130234_M801C06L62G031_2673_end_extract/drive_16/03,0.7268516421318054,False
sb_caption_2,It is snowing.,<DATASET_ROOT>/241018130234_M801C06L62G031_2673_end_extract/drive_18/04,0.7766427397727966,False
sb_caption_2,It is snowing.,<DATASET_ROOT>/241018130234_M801C06L62G031_2673_end_extract/drive_14/04,0.7283185720443726,False
sb_caption_2,It is snowing.,<DATASET_ROOT>/240530090206_M801C06L62G031_2673_end_extract/drive_16/03,0.6637207269668579,False
sb_caption_2,It is snowing.,<DATASET_ROOT>/231106095132_M801C06L62G031_2673_end_extract/drive_1/01,0.7701475620269775,False
sb_caption_2,It is snowing.,<DATASET_ROOT>/231106095132_M801C06L62G031_2673_end_extract/drive_1/04,0.7780979871749878,False
sb_caption_2,It is snowing.,<DATASET_ROOT>/240322135559_M801C06L62G031_2673_end_extract/drive_8/03,0.7682026028633118,False
sb_caption_2,It is snowing.,<DATASET_ROOT>/241018130234_M801C06L62G031_2673_end_extract/drive_15/02,0.7410669326782227,False
sb_caption_2,It is snowing.,<DATASET_ROOT>/240530090206_M801C06L62G031_2673_end_extract/drive_15/02,0.7669740319252014,False
sb_caption_2,It is snowing.,<DATASET_ROOT>/241018130234_M801C06L62G031_2673_end_extract/drive_15/01,0.7765547633171082,False
sb_caption_2,It is snowing.,<DATASET_ROOT>/241018130234_M801C06L62G031_2673_end_extract/drive_14/02,0.7171644568443298,False
sb_caption_2,It is snowing.,<DATASET_ROOT>/241018130234_M801C06L62G031_2673_end_extract/drive_18/03,0.7574731111526489,False
sb_caption_2,It is snowing.,<DATASET_ROOT>/240529140943_M801C06L62G031_2673_end_extract/drive_18/03,0.7461783289909363,False
sb_caption_2,It is snowing.,<DATASET_ROOT>/240205170303_M801C06L62G031_2673_end_extract/drive_1/04,0.7729259133338928,True
sb_caption_2,It is snowing.,<DATASET_ROOT>/240205094744_M801C06L62G031_2673_end_extract/drive_2/01,0.694541871547699,False
sb_caption_2,It is snowing.,<DATASET_ROOT>/240322135559_M801C06L62G031_2673_end_extract/drive_14/02,0.766211748123169,False
sb_caption_2,It is snowing.,<DATASET_ROOT>/241018130234_M801C06L62G031_2673_end_extract/drive_17/02,0.7721891403198242,False
sb_caption_2,It is snowing.,<DATASET_ROOT>/240205094744_M801C06L62G031_2673_end_extract/drive_1/04,0.7186575531959534,False
sb_caption_2,It is snowing.,<DATASET_ROOT>/241018130234_M801C06L62G031_2673_end_extract/drive_14/03,0.7581309676170349,False
sb_caption_2,It is snowing.,<DATASET_ROOT>/241018130234_M801C06L62G031_2673_end_extract/drive_13/02,0.726616382598877,False
sb_caption_2,It is snowing.,<DATASET_ROOT>/240325141234_M801C06L62G031_2673_end_extract/drive_6/02,0.6922944188117981,False
sb_caption_2,It is snowing.,<DATASET_ROOT>/240530090206_M801C06L62G031_2673_end_extract/drive_20/04,0.7581309676170349,False
sb_caption_2,It is snowing.,<DATASET_ROOT>/240822134456_M801C06L62G031_2673_end_extract/drive_10/03,0.8088107705116272,False
sb_caption_2,It is snowing.,<DATASET_ROOT>/240529140943_M801C06L62G031_2673_end_extract/drive_4/02,0.7759969830513,False
sb_caption_2,It is snowing.,<DATASET_ROOT>/241018102947_M801C06L62G031_2673_end_extract/drive_5/03,0.7117286920547485,False
sb_caption_2,It is snowing.,<DATASET_ROOT>/240205170303_M801C06L62G031_2673_end_extract/drive_1/03,0.8556643128395081,True
sb_caption_2,It is snowing.,<DATASET_ROOT>/231106095132_M801C06L62G031_2673_end_extract/drive_2/04,0.7066072821617126,False
sb_caption_2,It is snowing.,<DATASET_ROOT>/240530090206_M801C06L62G031_2673_end_extract/drive_21/02,0.7461783289909363,False
sb_caption_2,It is snowing.,<DATASET_ROOT>/241018102947_M801C06L62G031_2673_end_extract/drive_5/02,0.801410436630249,False
sb_caption_2,It is snowing.,<DATASET_ROOT>/241018130234_M801C06L62G031_2673_end_extract/drive_13/01,0.7581309676170349,False
sb_caption_2,It is snowing.,<DATASET_ROOT>/240205094744_M801C06L62G031_2673_end_extract/drive_2/04,0.7505254745483398,False
sb_caption_2,It is snowing.,<DATASET_ROOT>/240530090206_M801C06L62G031_2673_end_extract/drive_1/02,0.7745328545570374,False
sb_caption_2,It is snowing.,<DATASET_ROOT>/241018130234_M801C06L62G031_2673_end_extract/drive_15/04,0.7403345108032227,False
sb_caption_2,It is snowing.,<DATASET_ROOT>/241018130234_M801C06L62G031_2673_end_extract/drive_18/01,0.7410669326782227,False
sb_caption_2,It is snowing.,<DATASET_ROOT>/240205094744_M801C06L62G031_2673_end_extract/drive_2/02,0.700066089630127,False
sb_caption_2,It is snowing.,<DATASET_ROOT>/240529140943_M801C06L62G031_2673_end_extract/drive_26/04,0.7944161295890808,False
sb_caption_2,It is snowing.,<DATASET_ROOT>/240529140943_M801C06L62G031_2673_end_extract/drive_15/03,0.7497869729995728,False
sb_caption_2,It is snowing.,<DATASET_ROOT>/241018130234_M801C06L62G031_2673_end_extract/drive_7/02,0.7581309676170349,False
sb_caption_2,It is snowing.,<DATASET_ROOT>/240529140943_M801C06L62G031_2673_end_extract/drive_15/04,0.7410669326782227,False
sb_caption_2,It is snowing.,<DATASET_ROOT>/240822084904_M801C06L62G031_2673_end_extract/drive_5/03,0.8088107705116272,False
sb_caption_2,It is snowing.,<DATASET_ROOT>/240822084904_M801C06L62G031_2673_end_extract/drive_22/03,0.7410669326782227,False
sb_caption_2,It is snowing.,<DATASET_ROOT>/240822084904_M801C06L62G031_2673_end_extract/drive_6/03,0.7822313904762268,False
sb_caption_2,It is snowing.,<DATASET_ROOT>/231116093002_M801C06L62G031_2673_end_extract/drive_4/02,0.7898120284080505,False
sb_caption_2,It is snowing.,<DATASET_ROOT>/240325141234_M801C06L62G031_2673_end_extract/drive_13/01,0.7495552897453308,False
sb_caption_2,It is snowing.,<DATASET_ROOT>/240529140943_M801C06L62G031_2673_end_extract/drive_21/01,0.7038781046867371,False
sb_caption_2,It is snowing.,<DATASET_ROOT>/231116093002_M801C06L62G031_2673_end_extract/drive_1/03,0.7586711645126343,False
sb_caption_2,It is snowing.,<DATASET_ROOT>/240322135559_M801C06L62G031_2673_end_extract/drive_21/02,0.7713946104049683,False
sb_caption_2,It is snowing.,<DATASET_ROOT>/240822084904_M801C06L62G031_2673_end_extract/drive_18/03,0.7482664585113525,False
sb_caption_2,It is snowing.,<DATASET_ROOT>/240322135559_M801C06L62G031_2673_end_extract/drive_15/01,0.7988656759262085,False
sb_caption_2,It is snowing.,<DATASET_ROOT>/241018102947_M801C06L62G031_2673_end_extract/drive_4/01,0.7148132920265198,False
sb_caption_2,It is snowing.,<DATASET_ROOT>/240822084904_M801C06L62G031_2673_end_extract/drive_6/01,0.707212507724762,False
sb_caption_2,It is snowing.,<DATASET_ROOT>/241018130234_M801C06L62G031_2673_end_extract/drive_11/01,0.7424811124801636,False
sb_caption_2,It is snowing.,<DATASET_ROOT>/240325141234_M801C06L62G031_2673_end_extract/drive_11/02,0.838089644908905,False
sb_caption_2,It is snowing.,<DATASET_ROOT>/240822134456_M801C06L62G031_2673_end_extract/drive_10/04,0.7429776191711426,False
sb_caption_2,It is snowing.,<DATASET_ROOT>/240529140943_M801C06L62G031_2673_end_extract/drive_31/03,0.7394666075706482,False
sb_caption_2,It is snowing.,<DATASET_ROOT>/240822134456_M801C06L62G031_2673_end_extract/drive_8/03,0.7455404996871948,False
sb_caption_2,It is snowing.,<DATASET_ROOT>/240530090206_M801C06L62G031_2673_end_extract/drive_24/04,0.8018507361412048,False
sb_caption_2,The vehicle drives on a multi-lane highway.,<DATASET_ROOT>/240529140943_M801C06L62G031_2673_end_extract/drive_19/02,0.820426881313324,False
sb_caption_2,The vehicle drives on a multi-lane highway.,<DATASET_ROOT>/241018130234_M801C06L62G031_2673_end_extract/drive_16/04,0.783275842666626,True
sb_caption_2,The vehicle drives on a multi-lane highway.,<DATASET_ROOT>/240205094744_M801C06L62G031_2673_end_extract/drive_1/02,0.8420589566230774,False
sb_caption_2,The vehicle drives on a multi-lane highway.,<DATASET_ROOT>/231106095132_M801C06L62G031_2673_end_extract/drive_2/03,0.875036895275116,False
sb_caption_2,The vehicle drives on a multi-lane highway.,<DATASET_ROOT>/240529140943_M801C06L62G031_2673_end_extract/drive_27/02,0.8938015699386597,False
sb_caption_2,The vehicle drives on a multi-lane highway.,<DATASET_ROOT>/240529140943_M801C06L62G031_2673_end_extract/drive_14/03,0.861431360244751,False
sb_caption_2,The vehicle drives on a multi-lane highway.,<DATASET_ROOT>/240205094744_M801C06L62G031_2673_end_extract/drive_1/01,0.8738784790039062,False
sb_caption_2,The vehicle drives on a multi-lane highway.,<DATASET_ROOT>/240530090206_M801C06L62G031_2673_end_extract/drive_16/01,0.841396689414978,False
sb_caption_2,The vehicle drives on a multi-lane highway.,<DATASET_ROOT>/241018130234_M801C06L62G031_2673_end_extract/drive_18/02,0.829015851020813,True
sb_caption_2,The vehicle drives on a multi-lane highway.,<DATASET_ROOT>/241018130234_M801C06L62G031_2673_end_extract/drive_13/04,0.8472692966461182,True
sb_caption_2,The vehicle drives on a multi-lane highway.,<DATASET_ROOT>/240530090206_M801C06L62G031_2673_end_extract/drive_16/02,0.8403370976448059,False
sb_caption_2,The vehicle drives on a multi-lane highway.,<DATASET_ROOT>/241018130234_M801C06L62G031_2673_end_extract/drive_16/01,0.8798585534095764,True
sb_caption_2,The vehicle drives on a multi-lane highway.,<DATASET_ROOT>/240205170303_M801C06L62G031_2673_end_extract/drive_2/02,0.797603189945221,True
sb_caption_2,The vehicle drives on a multi-lane highway.,<DATASET_ROOT>/240822084904_M801C06L62G031_2673_end_extract/drive_18/02,0.8261424899101257,False
sb_caption_2,The vehicle drives on a multi-lane highway.,<DATASET_ROOT>/240530090206_M801C06L62G031_2673_end_extract/drive_16/04,0.8562719821929932,False
sb_caption_2,The vehicle drives on a multi-lane highway.,<DATASET_ROOT>/240322135559_M801C06L62G031_2673_end_extract/drive_13/01,0.8388574719429016,False
sb_caption_2,The vehicle drives on a multi-lane highway.,<DATASET_ROOT>/241018102947_M801C06L62G031_2673_end_extract/drive_5/01,0.8127875328063965,False
sb_caption_2,The vehicle drives on a multi-lane highway.,<DATASET_ROOT>/241018130234_M801C06L62G031_2673_end_extract/drive_17/03,0.8509329557418823,True
sb_caption_2,The vehicle drives on a multi-lane highway.,<DATASET_ROOT>/240205094744_M801C06L62G031_2673_end_extract/drive_1/03,0.8131363391876221,False
sb_caption_2,The vehicle drives on a multi-lane highway.,<DATASET_ROOT>/240205094744_M801C06L62G031_2673_end_extract/drive_2/03,0.8456956744194031,False
sb_caption_2,The vehicle drives on a multi-lane highway.,<DATASET_ROOT>/241018130234_M801C06L62G031_2673_end_extract/drive_13/03,0.8667548894882202,True
sb_caption_2,The vehicle drives on a multi-lane highway.,<DATASET_ROOT>/241018130234_M801C06L62G031_2673_end_extract/drive_15/03,0.8188684582710266,True
sb_caption_2,The vehicle drives on a multi-lane highway.,<DATASET_ROOT>/240205170303_M801C06L62G031_2673_end_extract/drive_1/01,0.826960563659668,True
sb_caption_2,The vehicle drives on a multi-lane highway.,<DATASET_ROOT>/241018130234_M801C06L62G031_2673_end_extract/drive_17/04,0.8629028797149658,True
sb_caption_2,The vehicle drives on a multi-lane highway.,<DATASET_ROOT>/240529140943_M801C06L62G031_2673_end_extract/drive_27/04,0.860920250415802,False
sb_caption_2,The vehicle drives on a multi-lane highway.,<DATASET_ROOT>/240530090206_M801C06L62G031_2673_end_extract/drive_7/02,0.8347916007041931,False
sb_caption_2,The vehicle drives on a multi-lane highway.,<DATASET_ROOT>/231106095132_M801C06L62G031_2673_end_extract/drive_1/02,0.8594145774841309,False
sb_caption_2,The vehicle drives on a multi-lane highway.,<DATASET_ROOT>/241018102947_M801C06L62G031_2673_end_extract/drive_5/04,0.8468807935714722,False
sb_caption_2,The vehicle drives on a multi-lane highway.,<DATASET_ROOT>/240205170303_M801C06L62G031_2673_end_extract/drive_1/02,0.8674150705337524,True
sb_caption_2,The vehicle drives on a multi-lane highway.,<DATASET_ROOT>/240205170303_M801C06L62G031_2673_end_extract/drive_2/01,0.7533364295959473,True
sb_caption_2,The vehicle drives on a multi-lane highway.,<DATASET_ROOT>/240529140943_M801C06L62G031_2673_end_extract/drive_3/01,0.820426881313324,False
sb_caption_2,The vehicle drives on a multi-lane highway.,<DATASET_ROOT>/240529140943_M801C06L62G031_2673_end_extract/drive_11/04,0.8517366647720337,False
sb_caption_2,The vehicle drives on a multi-lane highway.,<DATASET_ROOT>/231106095132_M801C06L62G031_2673_end_extract/drive_2/02,0.8492449522018433,False
sb_caption_2,The vehicle drives on a multi-lane highway.,<DATASET_ROOT>/240325141234_M801C06L62G031_2673_end_extract/drive_6/03,0.8059482574462891,False
sb_caption_2,The vehicle drives on a multi-lane highway.,<DATASET_ROOT>/231106095132_M801C06L62G031_2673_end_extract/drive_1/03,0.8739566802978516,False
sb_caption_2,The vehicle drives on a multi-lane highway.,<DATASET_ROOT>/240205170303_M801C06L62G031_2673_end_extract/drive_2/04,0.805228590965271,True
sb_caption_2,The vehicle drives on a multi-lane highway.,<DATASET_ROOT>/240205170303_M801C06L62G031_2673_end_extract/drive_2/03,0.8563063144683838,True
sb_caption_2,The vehicle drives on a multi-lane highway.,<DATASET_ROOT>/240530090206_M801C06L62G031_2673_end_extract/drive_2/01,0.8786805272102356,True
sb_caption_2,The vehicle drives on a multi-lane highway.,<DATASET_ROOT>/241018130234_M801C06L62G031_2673_end_extract/drive_16/02,0.8268587589263916,True
sb_caption_2,The vehicle drives on a multi-lane highway.,<DATASET_ROOT>/241018130234_M801C06L62G031_2673_end_extract/drive_17/01,0.8492449522018433,True
sb_caption_2,The vehicle drives on a multi-lane highway.,<DATASET_ROOT>/241018130234_M801C06L62G031_2673_end_extract/drive_14/01,0.8361933827400208,False
sb_caption_2,The vehicle drives on a multi-lane highway.,<DATASET_ROOT>/231106095132_M801C06L62G031_2673_end_extract/drive_2/01,0.8364107608795166,False
sb_caption_2,The vehicle drives on a multi-lane highway.,<DATASET_ROOT>/240322135559_M801C06L62G031_2673_end_extract/drive_17/02,0.8214508891105652,False
sb_caption_2,The vehicle drives on a multi-lane highway.,<DATASET_ROOT>/241018130234_M801C06L62G031_2673_end_extract/drive_16/03,0.8182410001754761,True
sb_caption_2,The vehicle drives on a multi-lane highway.,<DATASET_ROOT>/241018130234_M801C06L62G031_2673_end_extract/drive_18/04,0.8649156093597412,True
sb_caption_2,The vehicle drives on a multi-lane highway.,<DATASET_ROOT>/241018130234_M801C06L62G031_2673_end_extract/drive_14/04,0.8079618811607361,False
sb_caption_2,The vehicle drives on a multi-lane highway.,<DATASET_ROOT>/240530090206_M801C06L62G031_2673_end_extract/drive_16/03,0.8244231343269348,False
sb_caption_2,The vehicle drives on a multi-lane highway.,<DATASET_ROOT>/231106095132_M801C06L62G031_2673_end_extract/drive_1/01,0.7965476512908936,False
sb_caption_2,The vehicle drives on a multi-lane highway.,<DATASET_ROOT>/231106095132_M801C06L62G031_2673_end_extract/drive_1/04,0.8870213031768799,False
sb_caption_2,The vehicle drives on a multi-lane highway.,<DATASET_ROOT>/240322135559_M801C06L62G031_2673_end_extract/drive_8/03,0.8217185735702515,False
sb_caption_2,The vehicle drives on a multi-lane highway.,<DATASET_ROOT>/241018130234_M801C06L62G031_2673_end_extract/drive_15/02,0.7914299368858337,True
sb_caption_2,The vehicle drives on a multi-lane highway.,<DATASET_ROOT>/240530090206_M801C06L62G031_2673_end_extract/drive_15/02,0.8329206109046936,True
sb_caption_2,The vehicle drives on a multi-lane highway.,<DATASET_ROOT>/241018130234_M801C06L62G031_2673_end_extract/drive_15/01,0.7710814476013184,True
sb_caption_2,The vehicle drives on a multi-lane highway.,<DATASET_ROOT>/241018130234_M801C06L62G031_2673_end_extract/drive_14/02,0.8202189803123474,False
sb_caption_2,The vehicle drives on a multi-lane highway.,<DATASET_ROOT>/241018130234_M801C06L62G031_2673_end_extract/drive_18/03,0.7885547280311584,True
sb_caption_2,The vehicle drives on a multi-lane highway.,<DATASET_ROOT>/240529140943_M801C06L62G031_2673_end_extract/drive_18/03,0.8216344118118286,False
sb_caption_2,The vehicle drives on a multi-lane highway.,<DATASET_ROOT>/240205170303_M801C06L62G031_2673_end_extract/drive_1/04,0.8776363730430603,True
sb_caption_2,The vehicle drives on a multi-lane highway.,<DATASET_ROOT>/240205094744_M801C06L62G031_2673_end_extract/drive_2/01,0.8160211443901062,False
sb_caption_2,The vehicle drives on a multi-lane highway.,<DATASET_ROOT>/240322135559_M801C06L62G031_2673_end_extract/drive_14/02,0.8344545364379883,False
sb_caption_2,The vehicle drives on a multi-lane highway.,<DATASET_ROOT>/241018130234_M801C06L62G031_2673_end_extract/drive_17/02,0.8570500612258911,True
sb_caption_2,The vehicle drives on a multi-lane highway.,<DATASET_ROOT>/240205094744_M801C06L62G031_2673_end_extract/drive_1/04,0.8637842535972595,False
sb_caption_2,The vehicle drives on a multi-lane highway.,<DATASET_ROOT>/241018130234_M801C06L62G031_2673_end_extract/drive_14/03,0.8388594388961792,False
sb_caption_2,The vehicle drives on a multi-lane highway.,<DATASET_ROOT>/241018130234_M801C06L62G031_2673_end_extract/drive_13/02,0.8306195139884949,True
sb_caption_2,The vehicle drives on a multi-lane highway.,<DATASET_ROOT>/240325141234_M801C06L62G031_2673_end_extract/drive_6/02,0.8355947732925415,False
sb_caption_2,The vehicle drives on a multi-lane highway.,<DATASET_ROOT>/240530090206_M801C06L62G031_2673_end_extract/drive_20/04,0.8371480703353882,False
sb_caption_2,The vehicle drives on a multi-lane highway.,<DATASET_ROOT>/240822134456_M801C06L62G031_2673_end_extract/drive_10/03,0.8520839214324951,False
sb_caption_2,The vehicle drives on a multi-lane highway.,<DATASET_ROOT>/240529140943_M801C06L62G031_2673_end_extract/drive_4/02,0.8171764612197876,False
sb_caption_2,The vehicle drives on a multi-lane highway.,<DATASET_ROOT>/241018102947_M801C06L62G031_2673_end_extract/drive_5/03,0.8674485683441162,False
sb_caption_2,The vehicle drives on a multi-lane highway.,<DATASET_ROOT>/240205170303_M801C06L62G031_2673_end_extract/drive_1/03,0.8395473957061768,True
sb_caption_2,The vehicle drives on a multi-lane highway.,<DATASET_ROOT>/231106095132_M801C06L62G031_2673_end_extract/drive_2/04,0.8465782999992371,False
sb_caption_2,The vehicle drives on a multi-lane highway.,<DATASET_ROOT>/240530090206_M801C06L62G031_2673_end_extract/drive_21/02,0.8571087718009949,True
sb_caption_2,The vehicle drives on a multi-lane highway.,<DATASET_ROOT>/241018102947_M801C06L62G031_2673_end_extract/drive_5/02,0.8458784818649292,False
sb_caption_2,The vehicle drives on a multi-lane highway.,<DATASET_ROOT>/241018130234_M801C06L62G031_2673_end_extract/drive_13/01,0.8127875328063965,True
sb_caption_2,The vehicle drives on a multi-lane highway.,<DATASET_ROOT>/240205094744_M801C06L62G031_2673_end_extract/drive_2/04,0.8541150689125061,False
sb_caption_2,The vehicle drives on a multi-lane highway.,<DATASET_ROOT>/240530090206_M801C06L62G031_2673_end_extract/drive_1/02,0.8311505913734436,True
sb_caption_2,The vehicle drives on a multi-lane highway.,<DATASET_ROOT>/241018130234_M801C06L62G031_2673_end_extract/drive_15/04,0.8174005746841431,True
sb_caption_2,The vehicle drives on a multi-lane highway.,<DATASET_ROOT>/241018130234_M801C06L62G031_2673_end_extract/drive_18/01,0.8616637587547302,True
sb_caption_2,The vehicle drives on a multi-lane highway.,<DATASET_ROOT>/240205094744_M801C06L62G031_2673_end_extract/drive_2/02,0.8184757232666016,False
sb_caption_2,The vehicle drives on a multi-lane highway.,<DATASET_ROOT>/240529140943_M801C06L62G031_2673_end_extract/drive_26/04,0.8312803506851196,True
sb_caption_2,The vehicle drives on a multi-lane highway.,<DATASET_ROOT>/240529140943_M801C06L62G031_2673_end_extract/drive_15/03,0.8440526723861694,False
sb_caption_2,The vehicle drives on a multi-lane highway.,<DATASET_ROOT>/241018130234_M801C06L62G031_2673_end_extract/drive_7/02,0.8127875328063965,True
sb_caption_2,The vehicle drives on a multi-lane highway.,<DATASET_ROOT>/240529140943_M801C06L62G031_2673_end_extract/drive_15/04,0.8472468256950378,False
sb_caption_2,The vehicle drives on a multi-lane highway.,<DATASET_ROOT>/240822084904_M801C06L62G031_2673_end_extract/drive_5/03,0.8853567838668823,False
sb_caption_2,The vehicle drives on a multi-lane highway.,<DATASET_ROOT>/240822084904_M801C06L62G031_2673_end_extract/drive_22/03,0.837968111038208,False
sb_caption_2,The vehicle drives on a multi-lane highway.,<DATASET_ROOT>/240822084904_M801C06L62G031_2673_end_extract/drive_6/03,0.8901252746582031,False
sb_caption_2,The vehicle drives on a multi-lane highway.,<DATASET_ROOT>/231116093002_M801C06L62G031_2673_end_extract/drive_4/02,0.8738784790039062,True
sb_caption_2,The vehicle drives on a multi-lane highway.,<DATASET_ROOT>/240325141234_M801C06L62G031_2673_end_extract/drive_13/01,0.8337363600730896,True
sb_caption_2,The vehicle drives on a multi-lane highway.,<DATASET_ROOT>/240529140943_M801C06L62G031_2673_end_extract/drive_21/01,0.8281470537185669,False
sb_caption_2,The vehicle drives on a multi-lane highway.,<DATASET_ROOT>/231116093002_M801C06L62G031_2673_end_extract/drive_1/03,0.8606137633323669,True
sb_caption_2,The vehicle drives on a multi-lane highway.,<DATASET_ROOT>/240322135559_M801C06L62G031_2673_end_extract/drive_21/02,0.8492449522018433,False
sb_caption_2,The vehicle drives on a multi-lane highway.,<DATASET_ROOT>/240822084904_M801C06L62G031_2673_end_extract/drive_18/03,0.8552290201187134,False
sb_caption_2,The vehicle drives on a multi-lane highway.,<DATASET_ROOT>/240322135559_M801C06L62G031_2673_end_extract/drive_15/01,0.8499115109443665,True
sb_caption_2,The vehicle drives on a multi-lane highway.,<DATASET_ROOT>/241018102947_M801C06L62G031_2673_end_extract/drive_4/01,0.7822737693786621,False
sb_caption_2,The vehicle drives on a multi-lane highway.,<DATASET_ROOT>/240822084904_M801C06L62G031_2673_end_extract/drive_6/01,0.8305453658103943,False
sb_caption_2,The vehicle drives on a multi-lane highway.,<DATASET_ROOT>/241018130234_M801C06L62G031_2673_end_extract/drive_11/01,0.8265130519866943,True
sb_caption_2,The vehicle drives on a multi-lane highway.,<DATASET_ROOT>/240325141234_M801C06L62G031_2673_end_extract/drive_11/02,0.8180867433547974,True
sb_caption_2,The vehicle drives on a multi-lane highway.,<DATASET_ROOT>/240822134456_M801C06L62G031_2673_end_extract/drive_10/04,0.8383510708808899,False
sb_caption_2,The vehicle drives on a multi-lane highway.,<DATASET_ROOT>/240529140943_M801C06L62G031_2673_end_extract/drive_31/03,0.7875005602836609,True
sb_caption_2,The vehicle drives on a multi-lane highway.,<DATASET_ROOT>/240822134456_M801C06L62G031_2673_end_extract/drive_8/03,0.8579676151275635,False
sb_caption_2,The vehicle drives on a multi-lane highway.,<DATASET_ROOT>/240530090206_M801C06L62G031_2673_end_extract/drive_24/04,0.8493211269378662,False
