caption_order,sentence,best_frame_idx,best_timestamp_pct,best_score,is_event,clip_dir
0,"The ego-vehicle is moving straight along a multi-lane city street, which is visibly wet from recent rain, as evidenced by the water droplets on the windshield.",9,90.0,0.8457,False,<DATASET_ROOT>/241018102947_M801C06L62G031_2673_end_extract/drive_3/03
1,"The road is a wide urban thoroughfare with several lanes, and the vehicle is traveling in the middle lane.",0,10.0,0.8065,False,<DATASET_ROOT>/241018102947_M801C06L62G031_2673_end_extract/drive_3/03
2,"On the left side, there is a construction zone with a white barrier and a black SUV passing by.",5,54.4,0.2798,True,<DATASET_ROOT>/241018102947_M801C06L62G031_2673_end_extract/drive_3/03
3,"The right side features a mix of modern high-rise buildings and green buses, including a green bus with the word ""BUMMAN"" on its side.",1,18.9,0.9624,False,<DATASET_ROOT>/241018102947_M801C06L62G031_2673_end_extract/drive_3/03
4,"A white sedan is ahead in the same direction, while a blue Hyundai truck passes on the right.",9,90.0,0.9037,True,<DATASET_ROOT>/241018102947_M801C06L62G031_2673_end_extract/drive_3/03
5,"The road is lined with trees and various signs, including a blue sign with arrows indicating traffic flow.",8,81.1,0.3659,False,<DATASET_ROOT>/241018102947_M801C06L62G031_2673_end_extract/drive_3/03
6,"The sky is overcast, and the overall lighting suggests it is daytime.",0,10.0,0.2192,False,<DATASET_ROOT>/241018102947_M801C06L62G031_2673_end_extract/drive_3/03
7,"The vehicle maintains a steady pace, and the traffic flow appears to be moderate, with no significant congestion.",4,45.6,0.5457,False,<DATASET_ROOT>/241018102947_M801C06L62G031_2673_end_extract/drive_3/03
0,"The ego-vehicle is moving straight on a three-lane city street, with the road clearly marked by white lane dividers and directional arrows.",4,45.6,0.9649,False,<DATASET_ROOT>/240322135559_M801C06L62G031_2673_end_extract/drive_13/03
1,"The road is lined with modern buildings, including high-rise structures and commercial establishments, with a mix of leafless trees indicating a winter or early spring season.",3,36.7,0.9913,False,<DATASET_ROOT>/240322135559_M801C06L62G031_2673_end_extract/drive_13/03
2,"The sky is overcast, contributing to the cloudy weather conditions.",2,27.8,0.1349,False,<DATASET_ROOT>/240322135559_M801C06L62G031_2673_end_extract/drive_13/03
3,"The road is relatively clear of congestion, with a few other vehicles visible, including a white SUV in the adjacent lane and a silver sedan ahead.",0,10.0,0.9609,False,<DATASET_ROOT>/240322135559_M801C06L62G031_2673_end_extract/drive_13/03
4,"A blue directional sign indicating ""Dongjak"" and ""Dongjeon"" is visible ahead, suggesting the direction of travel.",7,72.2,0.5835,False,<DATASET_ROOT>/240322135559_M801C06L62G031_2673_end_extract/drive_13/03
5,"The ego-vehicle maintains a steady pace, and the surrounding traffic flows smoothly, with no visible intersections or abrupt changes in direction.",9,90.0,0.3076,False,<DATASET_ROOT>/240322135559_M801C06L62G031_2673_end_extract/drive_13/03
0,"The ego-vehicle is driving straight on a multi-lane city street during the daytime, with the road surface appearing wet from recent rain.",1,18.9,0.2863,False,<DATASET_ROOT>/231106095132_M801C06L62G031_2673_end_extract/drive_7/02
1,"The road is lined with tall buildings and trees, and the surrounding traffic includes a variety of vehicles such as sedans, SUVs, and a blue bus marked with the number 360.",7,72.2,0.9756,False,<DATASET_ROOT>/231106095132_M801C06L62G031_2673_end_extract/drive_7/02
2,"The vehicle is moving forward through the traffic, with other cars and vehicles occupying the adjacent lanes.",7,72.2,0.5889,False,<DATASET_ROOT>/231106095132_M801C06L62G031_2673_end_extract/drive_7/02
3,"Raindrops are visible on the windshield, reflecting the bright sunlight, and the road markings are clearly visible.",9,90.0,0.7952,False,<DATASET_ROOT>/231106095132_M801C06L62G031_2673_end_extract/drive_7/02
4,"The traffic appears to be moderately dense, with vehicles maintaining a steady flow.",6,63.3,0.1351,False,<DATASET_ROOT>/231106095132_M801C06L62G031_2673_end_extract/drive_7/02
5,A speed limit sign indicating 50 is visible on the left side of the road.,2,27.8,0.0529,False,<DATASET_ROOT>/231106095132_M801C06L62G031_2673_end_extract/drive_7/02
6,The overall scene suggests a typical urban environment with a bustling flow of traffic during a rainy day.,3,36.7,0.5735,False,<DATASET_ROOT>/231106095132_M801C06L62G031_2673_end_extract/drive_7/02
0,"A front-view ego-vehicle is driving straight through a three-lane road intersection on a clear, sunny day.",7,72.2,0.3064,False,<DATASET_ROOT>/240529140943_M801C06L62G031_2673_end_extract/drive_17/02
1,"The road is paved and well-maintained, with visible white lane markings and a crosswalk in the middle of the intersection.",9,90.0,0.7541,True,<DATASET_ROOT>/240529140943_M801C06L62G031_2673_end_extract/drive_17/02
2,"The ego-vehicle is in the rightmost lane, and it is following a black sedan and a black taxi ahead.",9,90.0,0.4908,False,<DATASET_ROOT>/240529140943_M801C06L62G031_2673_end_extract/drive_17/02
3,"The road is lined with buildings on both sides, including a large building with a sign that reads ""세현브랜드국"" and a smaller building with a ""DONGGUK"" sign.",5,54.4,0.4958,False,<DATASET_ROOT>/240529140943_M801C06L62G031_2673_end_extract/drive_17/02
4,"A blue sign above the intersection indicates directions to ""가정교"" (Gangnam) and ""도마내거리"" (Domyang-dong), with arrows pointing to the right and left.",3,36.7,0.5209,False,<DATASET_ROOT>/240529140943_M801C06L62G031_2673_end_extract/drive_17/02
5,"The sky is bright and clear, with the sun casting shadows on the road and buildings.",6,63.3,0.9679,False,<DATASET_ROOT>/240529140943_M801C06L62G031_2673_end_extract/drive_17/02
6,"The traffic flow is moderate, with several cars and a truck moving in the same direction.",2,27.8,0.8295,False,<DATASET_ROOT>/240529140943_M801C06L62G031_2673_end_extract/drive_17/02
7,The ego-vehicle maintains a steady speed as it approaches and crosses the intersection.,8,81.1,0.2335,True,<DATASET_ROOT>/240529140943_M801C06L62G031_2673_end_extract/drive_17/02
0,"The ego-vehicle is moving straight along a city street, which is a three-lane road with clear lane markings.",3,36.7,0.8563,False,<DATASET_ROOT>/240529140943_M801C06L62G031_2673_end_extract/drive_1/03
1,"The road is paved and appears to be in good condition, with a white line indicating the center of the road and a yellow line marking the edge of the road.",2,27.8,0.8268,True,<DATASET_ROOT>/240529140943_M801C06L62G031_2673_end_extract/drive_1/03
2,"The video shows a clear and sunny day, with bright sunlight illuminating the scene.",4,45.6,0.2336,False,<DATASET_ROOT>/240529140943_M801C06L62G031_2673_end_extract/drive_1/03
3,"The traffic flow is moderate, with several vehicles visible in the adjacent lanes.",9,90.0,0.6552,False,<DATASET_ROOT>/240529140943_M801C06L62G031_2673_end_extract/drive_1/03
4,"A white car is in the adjacent lane, and a white SUV is seen on the right side of the road.",8,81.1,0.9555,False,<DATASET_ROOT>/240529140943_M801C06L62G031_2673_end_extract/drive_1/03
5,"There are various signs and storefronts on the right side of the road, including a sign for a pet grooming service and a store named ""Heungkak."" The road is lined with trees and buildings, and the overall environment appears to be a typical urban setting.",5,54.4,0.3242,False,<DATASET_ROOT>/240529140943_M801C06L62G031_2673_end_extract/drive_1/03
0,"The video captures a front-view ego-vehicle driving along a city street during the daytime, with the road condition being wet from recent rain.",6,63.3,0.9851,False,<DATASET_ROOT>/240325141234_M801C06L62G031_2673_end_extract/drive_5/01
1,"The road is a two-lane road with a crosswalk marked by yellow stripes in the center, and the pavement appears slick from the rain.",8,81.1,0.9495,True,<DATASET_ROOT>/240325141234_M801C06L62G031_2673_end_extract/drive_5/01
2,"The surrounding environment includes modern buildings, trees with bare branches, and various roadside objects such as traffic signs, streetlights, and parked cars.",6,63.3,0.896,False,<DATASET_ROOT>/240325141234_M801C06L62G031_2673_end_extract/drive_5/01
3,"A white car is seen driving past on the left side of the road, and a pedestrian with an umbrella is visible on the right side, crossing the street.",8,81.1,0.9981,True,<DATASET_ROOT>/240325141234_M801C06L62G031_2673_end_extract/drive_5/01
4,"The camera is positioned in the vehicle, and the view is slightly obscured by raindrops on the windshield, which are visible as blurs in the foreground.",5,54.4,0.8403,False,<DATASET_ROOT>/240325141234_M801C06L62G031_2673_end_extract/drive_5/01
5,"The ego-vehicle is moving forward at a steady pace, navigating through the intersection, and the traffic lights are visible in the distance.",6,63.3,0.318,True,<DATASET_ROOT>/240325141234_M801C06L62G031_2673_end_extract/drive_5/01
6,"The overall scene reflects a typical urban setting with a moderate level of traffic and a wet, overcast atmosphere.",6,63.3,0.4085,False,<DATASET_ROOT>/240325141234_M801C06L62G031_2673_end_extract/drive_5/01
0,"The ego-vehicle is driving straight on a three-lane road under an overpass, with a clear and well-maintained asphalt surface.",6,63.3,0.1493,True,<DATASET_ROOT>/240322135559_M801C06L62G031_2673_end_extract/drive_2/03
1,"The road is bordered by a concrete wall on the right, featuring a colorful stripe of red, yellow, and blue.",1,18.9,0.9998,False,<DATASET_ROOT>/240322135559_M801C06L62G031_2673_end_extract/drive_2/03
2,"The left side of the road has a metal guardrail, and beyond it, a series of tall buildings rise into the sky, with some visible streetlights.",8,81.1,0.8925,False,<DATASET_ROOT>/240322135559_M801C06L62G031_2673_end_extract/drive_2/03
3,"The traffic flow is moderate, with several cars and a large orange truck moving in the same direction.",5,54.4,0.8294,False,<DATASET_ROOT>/240322135559_M801C06L62G031_2673_end_extract/drive_2/03
4,"The ego-vehicle maintains a steady pace, following the flow of traffic.",3,36.7,0.0787,False,<DATASET_ROOT>/240322135559_M801C06L62G031_2673_end_extract/drive_2/03
5,"The sky is overcast, suggesting a cloudy day, and the visibility is clear, allowing for a good view of the surroundings.",5,54.4,0.2352,False,<DATASET_ROOT>/240322135559_M801C06L62G031_2673_end_extract/drive_2/03
0,"The ego-vehicle is moving straight along a city street, with a clear view of the road ahead.",7,72.2,0.8601,False,<DATASET_ROOT>/240322135559_M801C06L62G031_2673_end_extract/drive_11/01
1,"The road is a two-lane road with a yellow double line in the center, and the lanes are marked with white dashed lines on the right side.",2,27.8,0.9742,True,<DATASET_ROOT>/240322135559_M801C06L62G031_2673_end_extract/drive_11/01
2,"The road is lined with buildings on both sides, including a modern glass building on the left and a brick building on the right.",3,36.7,0.6534,False,<DATASET_ROOT>/240322135559_M801C06L62G031_2673_end_extract/drive_11/01
3,"There are several pedestrians on the sidewalks, and a few bicycles parked along the side of the road.",6,63.3,0.6272,False,<DATASET_ROOT>/240322135559_M801C06L62G031_2673_end_extract/drive_11/01
4,"A black car is visible in the distance, and a white car is approaching from the left.",0,10.0,0.5555,True,<DATASET_ROOT>/240322135559_M801C06L62G031_2673_end_extract/drive_11/01
5,"The road is clear and dry, with no visible obstructions.",1,18.9,0.2586,False,<DATASET_ROOT>/240322135559_M801C06L62G031_2673_end_extract/drive_11/01
6,"The sky is overcast, and the lighting is soft, suggesting a cloudy day.",9,90.0,0.2157,False,<DATASET_ROOT>/240322135559_M801C06L62G031_2673_end_extract/drive_11/01
7,"The vehicle is moving at a steady pace, maintaining a consistent distance from the other vehicles.",8,81.1,0.4539,False,<DATASET_ROOT>/240322135559_M801C06L62G031_2673_end_extract/drive_11/01
0,"The ego-vehicle is driving on a multi-lane highway at night, with the road surface appearing wet, reflecting the headlights of surrounding vehicles.",3,36.7,0.473,False,<DATASET_ROOT>/241018130234_M801C06L62G031_2673_end_extract/drive_15/01
1,"The scene is illuminated by streetlights and vehicle headlights, creating a bright but limited visibility.",2,27.8,0.8096,False,<DATASET_ROOT>/241018130234_M801C06L62G031_2673_end_extract/drive_15/01
2,"The road has white lane markings, including an arrow indicating forward movement, and the vehicle is positioned in the rightmost lane.",0,10.0,0.5877,False,<DATASET_ROOT>/241018130234_M801C06L62G031_2673_end_extract/drive_15/01
3,"The traffic flow is moderate, with several cars moving in the same direction, and the ego-vehicle is maintaining a steady speed.",1,18.9,0.0061,False,<DATASET_ROOT>/241018130234_M801C06L62G031_2673_end_extract/drive_15/01
4,"The surrounding environment features urban buildings, some with illuminated signs, and the road is lined with trees and street furniture.",1,18.9,0.0003,False,<DATASET_ROOT>/241018130234_M801C06L62G031_2673_end_extract/drive_15/01
5,"The camera captures the vehicle from a front-facing perspective, and the motion is smooth, indicating a steady, controlled driving experience.",3,36.7,0.0339,False,<DATASET_ROOT>/241018130234_M801C06L62G031_2673_end_extract/drive_15/01
0,"The video captures a front-view ego-vehicle driving on a city street during the daytime, under a sunny sky with scattered clouds.",0,10.0,0.9962,False,<DATASET_ROOT>/240822084904_M801C06L62G031_2673_end_extract/drive_20/03
1,"The road is a three-lane road with clear lane markings, including white arrows indicating traffic direction.",1,18.9,0.8423,False,<DATASET_ROOT>/240822084904_M801C06L62G031_2673_end_extract/drive_20/03
2,"The ego-vehicle is positioned in the middle lane, moving forward through an intersection.",1,18.9,0.0967,False,<DATASET_ROOT>/240822084904_M801C06L62G031_2673_end_extract/drive_20/03
3,"The intersection features a crosswalk with wide white stripes, and traffic signals are visible above the road.",6,63.3,0.9963,True,<DATASET_ROOT>/240822084904_M801C06L62G031_2673_end_extract/drive_20/03
4,"Nearby vehicles, including a black car and a white van, are present, with some vehicles moving in the opposite direction.",4,45.6,0.9158,False,<DATASET_ROOT>/240822084904_M801C06L62G031_2673_end_extract/drive_20/03
5,"The surrounding area includes buildings, trees, and street signs, with a mix of modern and older architecture.",1,18.9,0.0037,False,<DATASET_ROOT>/240822084904_M801C06L62G031_2673_end_extract/drive_20/03
6,"The road is well-lit, and the overall visibility is clear, allowing for a detailed observation of the traffic flow and road conditions.",0,10.0,0.0357,False,<DATASET_ROOT>/240822084904_M801C06L62G031_2673_end_extract/drive_20/03
7,"The ego-vehicle is seen stopping at the intersection, indicating a change in traffic flow or a need to wait for a signal.",4,45.6,0.1193,True,<DATASET_ROOT>/240822084904_M801C06L62G031_2673_end_extract/drive_20/03
0,"The ego-vehicle is moving straight on a multi-lane city street during the daytime, with the road surface appearing to be partially covered in snow.",3,36.7,0.4637,False,<DATASET_ROOT>/240205170303_M801C06L62G031_2673_end_extract/drive_1/02
1,"The road is lined with bare trees and modern buildings, and the traffic is moderate with several vehicles in the adjacent lanes.",0,10.0,0.9797,False,<DATASET_ROOT>/240205170303_M801C06L62G031_2673_end_extract/drive_1/02
2,"The ego-vehicle is traveling in a lane marked by white lines, and it is surrounded by other cars, including a black van on the left and a white car on the right.",3,36.7,0.7959,False,<DATASET_ROOT>/240205170303_M801C06L62G031_2673_end_extract/drive_1/02
3,"The visibility is slightly reduced due to the presence of raindrops on the camera's lens, which are visible as blurry spots on the screen.",5,54.4,0.8312,False,<DATASET_ROOT>/240205170303_M801C06L62G031_2673_end_extract/drive_1/02
4,"The road has a clear intersection ahead, with a traffic light showing green, allowing the ego-vehicle to proceed.",1,18.9,0.098,False,<DATASET_ROOT>/240205170303_M801C06L62G031_2673_end_extract/drive_1/02
5,"The surrounding environment is urban, with buildings and street signs visible in the background.",7,72.2,0.466,False,<DATASET_ROOT>/240205170303_M801C06L62G031_2673_end_extract/drive_1/02
6,"The overall scene suggests a typical city driving experience in a snowy, rainy environment.",0,10.0,0.6665,False,<DATASET_ROOT>/240205170303_M801C06L62G031_2673_end_extract/drive_1/02
0,"The ego-vehicle is moving straight along a two-lane city street, with clear road markings and a yellow dividing line.",9,90.0,0.9739,False,<DATASET_ROOT>/240822134456_M801C06L62G031_2673_end_extract/drive_10/01
1,"The road is flanked by trees and a body of water on the left side, with a tall, modern building visible in the distance.",0,10.0,0.9997,False,<DATASET_ROOT>/240822134456_M801C06L62G031_2673_end_extract/drive_10/01
2,"The weather is sunny, with a bright blue sky and scattered white clouds.",2,27.8,0.384,False,<DATASET_ROOT>/240822134456_M801C06L62G031_2673_end_extract/drive_10/01
3,"The road is mostly clear, with a few parked cars on the right side and a few vehicles moving in the opposite direction.",2,27.8,0.8913,False,<DATASET_ROOT>/240822134456_M801C06L62G031_2673_end_extract/drive_10/01
4,"The ego-vehicle is in the right lane, and the traffic flow is smooth, with no visible congestion.",7,72.2,0.5314,False,<DATASET_ROOT>/240822134456_M801C06L62G031_2673_end_extract/drive_10/01
5,"The road is well-maintained, with no visible potholes or debris.",9,90.0,0.457,False,<DATASET_ROOT>/240822134456_M801C06L62G031_2673_end_extract/drive_10/01
6,"The video is captured during the daytime, with natural sunlight illuminating the scene.",3,36.7,0.3256,False,<DATASET_ROOT>/240822134456_M801C06L62G031_2673_end_extract/drive_10/01
0,"The ego-vehicle is moving straight along a multi-lane city street, with clear road markings and a smooth asphalt surface.",9,90.0,0.5104,False,<DATASET_ROOT>/240530090206_M801C06L62G031_2673_end_extract/drive_21/01
1,"The road is divided into multiple lanes, with the ego-vehicle occupying the rightmost lane.",2,27.8,0.8915,False,<DATASET_ROOT>/240530090206_M801C06L62G031_2673_end_extract/drive_21/01
2,"In front of the vehicle, a blue bus labeled ""1002"" is seen driving in the opposite direction, while a red and white bus passes by on the left side of the road.",2,27.8,0.9904,True,<DATASET_ROOT>/240530090206_M801C06L62G031_2673_end_extract/drive_21/01
3,"The road is flanked by trees and greenery, and buildings with signs and advertisements are visible on the right side of the road.",6,63.3,0.9563,False,<DATASET_ROOT>/240530090206_M801C06L62G031_2673_end_extract/drive_21/01
4,"The sky is overcast, and the lighting suggests it is daytime.",0,10.0,0.3668,False,<DATASET_ROOT>/240530090206_M801C06L62G031_2673_end_extract/drive_21/01
5,"The road condition appears to be clear, with no visible debris or damage.",9,90.0,0.6228,False,<DATASET_ROOT>/240530090206_M801C06L62G031_2673_end_extract/drive_21/01
6,"The ego-vehicle maintains a steady speed as it navigates the road, with no significant changes in its trajectory or the surrounding traffic.",2,27.8,0.1044,True,<DATASET_ROOT>/240530090206_M801C06L62G031_2673_end_extract/drive_21/01
0,"The video captures a front-view of a city intersection during a rainy day, with the camera positioned inside a vehicle.",3,36.7,0.9632,False,<DATASET_ROOT>/231106095132_M801C06L62G031_2673_end_extract/drive_9/01
1,"The road is wet, reflecting the light and creating a glossy surface, and the scene is illuminated by bright sunlight, causing glare and lens flare.",6,63.3,0.8281,False,<DATASET_ROOT>/231106095132_M801C06L62G031_2673_end_extract/drive_9/01
2,"The road is a three-lane road with a crosswalk in the middle, and vehicles are seen moving in both directions.",6,63.3,0.1089,True,<DATASET_ROOT>/231106095132_M801C06L62G031_2673_end_extract/drive_9/01
3,"The ego-vehicle is stopped at the intersection, with a white car on the right side of the frame and a black car on the left.",9,90.0,0.4155,True,<DATASET_ROOT>/231106095132_M801C06L62G031_2673_end_extract/drive_9/01
4,"In the background, there are several buildings, including a modern skyscraper, and a bus stop with a bus parked nearby.",3,36.7,0.0004,True,<DATASET_ROOT>/231106095132_M801C06L62G031_2673_end_extract/drive_9/01
5,"Traffic signs are visible above the intersection, including a speed limit sign indicating 50 km/h.",8,81.1,0.0493,False,<DATASET_ROOT>/231106095132_M801C06L62G031_2673_end_extract/drive_9/01
6,"The surrounding area is filled with other vehicles, including a white car moving from left to right, and the overall atmosphere is busy and active.",2,27.8,0.8932,False,<DATASET_ROOT>/231106095132_M801C06L62G031_2673_end_extract/drive_9/01
0,"The video captures a front-view ego-vehicle driving on a city street during the daytime, with the road condition being wet from rain.",8,81.1,0.9869,False,<DATASET_ROOT>/231106095132_M801C06L62G031_2673_end_extract/drive_8/03
1,"The road is a three-lane road with white lane markings, and the vehicle is moving straight ahead.",4,45.6,0.0871,False,<DATASET_ROOT>/231106095132_M801C06L62G031_2673_end_extract/drive_8/03
2,"The surrounding environment features modern buildings with various signs, including ""COTTON COFFEE"" and ""THE LOUNGE,"" as well as a ""Self"" branded vehicle on the left.",6,63.3,0.0604,False,<DATASET_ROOT>/231106095132_M801C06L62G031_2673_end_extract/drive_8/03
3,"The road is populated with other vehicles, including a white SUV in the adjacent lane and a white car in front.",7,72.2,0.7536,False,<DATASET_ROOT>/231106095132_M801C06L62G031_2673_end_extract/drive_8/03
4,"The visibility is limited by the rain, which creates water droplets on the camera lens, and the traffic flow is moderate.",2,27.8,0.9338,False,<DATASET_ROOT>/231106095132_M801C06L62G031_2673_end_extract/drive_8/03
5,"The camera captures the vehicle's movement through the urban landscape, with the road's wet surface reflecting the light.",9,90.0,0.9945,False,<DATASET_ROOT>/231106095132_M801C06L62G031_2673_end_extract/drive_8/03
0,"The ego-vehicle is moving straight through a multi-lane highway intersection on a snowy day, with the road surface visibly covered in snow.",0,10.0,0.0001,False,<DATASET_ROOT>/240205170303_M801C06L62G031_2673_end_extract/drive_2/04
1,"The scene is captured from the perspective of the vehicle's front, showing the road marked with white lines and a ""50"" speed limit sign.",0,10.0,0.0062,False,<DATASET_ROOT>/240205170303_M801C06L62G031_2673_end_extract/drive_2/04
2,"The vehicle is navigating through a busy urban environment with several other cars, including a white sedan and a silver SUV, all moving in the same direction.",6,63.3,0.9688,True,<DATASET_ROOT>/240205170303_M801C06L62G031_2673_end_extract/drive_2/04
3,"The surrounding area features tall buildings with glass facades, and the sky is overcast with a mix of white and gray clouds.",2,27.8,0.0018,False,<DATASET_ROOT>/240205170303_M801C06L62G031_2673_end_extract/drive_2/04
4,"Raindrops are visible on the windshield, indicating that it is also snowy and possibly rainy.",0,10.0,0.0116,False,<DATASET_ROOT>/240205170303_M801C06L62G031_2673_end_extract/drive_2/04
5,"The traffic flow is moderate, with vehicles maintaining a steady pace.",9,90.0,0.0594,False,<DATASET_ROOT>/240205170303_M801C06L62G031_2673_end_extract/drive_2/04
6,"The intersection has clear traffic signs and is well-lit, providing visibility for all drivers.",0,10.0,0.0016,False,<DATASET_ROOT>/240205170303_M801C06L62G031_2673_end_extract/drive_2/04
7,The overall scene depicts a typical city street during a winter day with a mix of snow and rain.,3,36.7,0.0006,False,<DATASET_ROOT>/240205170303_M801C06L62G031_2673_end_extract/drive_2/04
0,"The video captures a front-view ego-vehicle driving on a city street during the daytime, with the road surface visibly wet from rain, as indicated by the water droplets on the camera lens.",3,36.7,0.9227,False,<DATASET_ROOT>/240325141234_M801C06L62G031_2673_end_extract/drive_3/04
1,"The road is a two-lane city street with yellow dividing lines, and the ego-vehicle is positioned in the right lane, traveling in the same direction as other vehicles.",3,36.7,0.8973,False,<DATASET_ROOT>/240325141234_M801C06L62G031_2673_end_extract/drive_3/04
2,"The road is lined with modern buildings and trees, and there are several vehicles in the vicinity, including a white pickup truck directly ahead and a white SUV to the right.",3,36.7,0.9211,False,<DATASET_ROOT>/240325141234_M801C06L62G031_2673_end_extract/drive_3/04
3,"The traffic appears to be moving at a moderate pace, with other cars and a few pedestrians visible on the sidewalks.",8,81.1,0.7704,False,<DATASET_ROOT>/240325141234_M801C06L62G031_2673_end_extract/drive_3/04
4,"The scene is illuminated by natural daylight, and the overall atmosphere suggests a typical urban environment during rainy weather.",1,18.9,0.3691,False,<DATASET_ROOT>/240325141234_M801C06L62G031_2673_end_extract/drive_3/04
0,"The ego-vehicle is moving straight on a multi-lane highway, with the road surface appearing wet from the rain, which is evident from the water droplets on the windshield.",1,18.9,0.6723,False,<DATASET_ROOT>/240325141234_M801C06L62G031_2673_end_extract/drive_7/03
1,"The road is divided into multiple lanes, with a yellow dividing line running down the center, and the surrounding area features tall buildings and a few trees with bare branches, indicating a city environment.",1,18.9,0.8924,True,<DATASET_ROOT>/240325141234_M801C06L62G031_2673_end_extract/drive_7/03
2,"The vehicle is traveling in a lane with other cars, including a white sedan and a black SUV, moving in the same direction.",3,36.7,0.9348,False,<DATASET_ROOT>/240325141234_M801C06L62G031_2673_end_extract/drive_7/03
3,"On the left side of the road, there is a bus and a few other vehicles, while the right side has a white car and a black car approaching from the opposite direction.",4,45.6,0.2407,True,<DATASET_ROOT>/240325141234_M801C06L62G031_2673_end_extract/drive_7/03
4,"The road has a series of traffic signs, including speed limits of 50 km/h, and the visibility is somewhat limited due to the rain.",0,10.0,0.2188,False,<DATASET_ROOT>/240325141234_M801C06L62G031_2673_end_extract/drive_7/03
5,"The weather is rainy, and the daylight is visible through the raindrops, with the sky appearing overcast.",1,18.9,0.1336,False,<DATASET_ROOT>/240325141234_M801C06L62G031_2673_end_extract/drive_7/03
6,"The ego-vehicle is moving steadily through the traffic, maintaining a consistent speed.",2,27.8,0.1277,False,<DATASET_ROOT>/240325141234_M801C06L62G031_2673_end_extract/drive_7/03
0,"The ego-vehicle is moving straight along a city street during the daytime, with clear visibility and a sunny weather condition.",3,36.7,0.0474,False,<DATASET_ROOT>/240822084904_M801C06L62G031_2673_end_extract/drive_11/02
1,"The road is a two-lane road with a yellow dividing line and a red-painted lane on the right, which appears to be designated for a specific type of traffic, possibly a bus or a designated path.",9,90.0,0.9933,False,<DATASET_ROOT>/240822084904_M801C06L62G031_2673_end_extract/drive_11/02
2,"The road is lined with buildings on both sides, including modern and traditional structures, and there are trees and utility poles along the street.",9,90.0,0.9747,False,<DATASET_ROOT>/240822084904_M801C06L62G031_2673_end_extract/drive_11/02
3,"A few cars are parked on the side of the road, and other vehicles are moving in the opposite direction.",2,27.8,0.6177,False,<DATASET_ROOT>/240822084904_M801C06L62G031_2673_end_extract/drive_11/02
4,"The road is well-maintained with clear markings, and the surrounding area is relatively quiet with minimal traffic.",8,81.1,0.9206,False,<DATASET_ROOT>/240822084904_M801C06L62G031_2673_end_extract/drive_11/02
5,"The camera captures the vehicle's forward motion as it progresses down the street, passing by various signs and traffic signals.",3,36.7,0.286,True,<DATASET_ROOT>/240822084904_M801C06L62G031_2673_end_extract/drive_11/02
0,The ego-vehicle is moving straight on a city street with a clear and sunny day.,3,36.7,0.8046,False,<DATASET_ROOT>/240822134456_M801C06L62G031_2673_end_extract/drive_3/01
1,"The road is a two-lane road with a yellow and white striped crosswalk in the foreground, indicating a pedestrian crossing.",0,10.0,0.9658,True,<DATASET_ROOT>/240822134456_M801C06L62G031_2673_end_extract/drive_3/01
2,"The road is surrounded by trees and buildings, with a mix of modern high-rise structures and lower residential buildings.",3,36.7,0.7965,False,<DATASET_ROOT>/240822134456_M801C06L62G031_2673_end_extract/drive_3/01
3,"There are several vehicles on the road, including a white SUV in the right lane and a green bus on the left.",6,63.3,0.9801,False,<DATASET_ROOT>/240822134456_M801C06L62G031_2673_end_extract/drive_3/01
4,"The traffic light is green, allowing the ego-vehicle to proceed.",0,10.0,0.6445,False,<DATASET_ROOT>/240822134456_M801C06L62G031_2673_end_extract/drive_3/01
5,"The road has a designated bike lane on the right side, and the road surface appears to be in good condition.",7,72.2,0.9328,False,<DATASET_ROOT>/240822134456_M801C06L62G031_2673_end_extract/drive_3/01
6,"The sky is blue with some white clouds, and the overall visibility is excellent.",9,90.0,0.237,False,<DATASET_ROOT>/240822134456_M801C06L62G031_2673_end_extract/drive_3/01
0,"The ego-vehicle is moving straight along a multi-lane city street, with the road surface appearing wet from recent rain, as evidenced by the reflections and droplets on the windshield.",7,72.2,0.9807,False,<DATASET_ROOT>/231106095132_M801C06L62G031_2673_end_extract/drive_7/04
1,"The road is lined with tall buildings, including modern glass skyscrapers, and the surrounding area features trees and street signs.",5,54.4,0.2567,False,<DATASET_ROOT>/231106095132_M801C06L62G031_2673_end_extract/drive_7/04
2,"The traffic is dense, with several cars and a blue bus visible in the adjacent lanes.",8,81.1,0.1126,False,<DATASET_ROOT>/231106095132_M801C06L62G031_2673_end_extract/drive_7/04
3,"The vehicle is navigating through a busy urban environment, with the road conditions and weather conditions clearly indicated as rainy and wet.",4,45.6,0.9106,True,<DATASET_ROOT>/231106095132_M801C06L62G031_2673_end_extract/drive_7/04
4,"The ego-vehicle maintains a steady course, following the flow of traffic, while the surrounding vehicles, including a white van and a silver sedan, move in close proximity.",8,81.1,0.6226,False,<DATASET_ROOT>/231106095132_M801C06L62G031_2673_end_extract/drive_7/04
5,"The overall scene captures a typical day in a bustling city, with the rain adding a reflective quality to the roadway.",7,72.2,0.8315,False,<DATASET_ROOT>/231106095132_M801C06L62G031_2673_end_extract/drive_7/04
0,"The ego-vehicle is moving straight along a three-lane city street, with the road surface appearing clear and well-maintained.",8,81.1,0.3526,False,<DATASET_ROOT>/240822084904_M801C06L62G031_2673_end_extract/drive_3/03
1,"The road is lined with various buildings, including commercial establishments and residential structures, and the traffic flow is moderate.",0,10.0,0.8751,False,<DATASET_ROOT>/240822084904_M801C06L62G031_2673_end_extract/drive_3/03
2,"Vehicles of different makes and models are present on the road, including a white SUV in the adjacent lane and a white sedan ahead.",1,18.9,0.5555,False,<DATASET_ROOT>/240822084904_M801C06L62G031_2673_end_extract/drive_3/03
3,"The sky is bright and sunny, with scattered clouds, and the sunlight creates distinct shadows on the road.",9,90.0,0.9671,False,<DATASET_ROOT>/240822084904_M801C06L62G031_2673_end_extract/drive_3/03
4,"The surrounding environment includes utility poles, traffic signs, and street trees, contributing to a typical urban setting.",0,10.0,0.0351,False,<DATASET_ROOT>/240822084904_M801C06L62G031_2673_end_extract/drive_3/03
5,"The ego-vehicle maintains a steady pace, navigating the road with minimal change in direction or speed.",8,81.1,0.0161,True,<DATASET_ROOT>/240822084904_M801C06L62G031_2673_end_extract/drive_3/03
0,"The video captures a front-view ego-vehicle driving on a city street during rainy weather, with the road surface visibly wet from the rain.",1,18.9,0.8678,False,<DATASET_ROOT>/240325141234_M801C06L62G031_2673_end_extract/drive_11/04
1,"The road is a multi-lane highway with several vehicles in the adjacent lanes, including a silver hatchback on the left and a black sedan directly ahead.",9,90.0,0.0286,False,<DATASET_ROOT>/240325141234_M801C06L62G031_2673_end_extract/drive_11/04
2,"The traffic appears to be moving slowly, with vehicles maintaining a steady pace and some traffic lights visible in the distance.",6,63.3,0.1287,False,<DATASET_ROOT>/240325141234_M801C06L62G031_2673_end_extract/drive_11/04
3,"The road is lined with buildings, including a large structure with the text ""GARAGE"" on its facade.",0,10.0,0.0029,False,<DATASET_ROOT>/240325141234_M801C06L62G031_2673_end_extract/drive_11/04
4,"The sky is overcast, and the presence of raindrops on the camera lens adds to the visual effect of the rainy weather.",1,18.9,0.8328,False,<DATASET_ROOT>/240325141234_M801C06L62G031_2673_end_extract/drive_11/04
5,"The ego-vehicle is moving forward at a moderate speed, navigating through the traffic with minimal disruption.",0,10.0,0.04,True,<DATASET_ROOT>/240325141234_M801C06L62G031_2673_end_extract/drive_11/04
6,"The road is well-lit by the ambient light, and the overall scene reflects a typical urban environment during a rainy day.",1,18.9,0.5319,False,<DATASET_ROOT>/240325141234_M801C06L62G031_2673_end_extract/drive_11/04
0,"The ego-vehicle is driving on a multi-lane city street, navigating through a busy urban environment.",7,72.2,0.5827,True,<DATASET_ROOT>/241018102947_M801C06L62G031_2673_end_extract/drive_6/02
1,"The road is wet, with raindrops visible on the camera lens, indicating rainy weather.",3,36.7,0.471,False,<DATASET_ROOT>/241018102947_M801C06L62G031_2673_end_extract/drive_6/02
2,"The road is paved and has clear lane markings, including yellow lines and white arrows, which guide the flow of traffic.",5,54.4,0.6558,False,<DATASET_ROOT>/241018102947_M801C06L62G031_2673_end_extract/drive_6/02
3,"The vehicle is in the rightmost lane, moving forward at a steady pace, and the surrounding traffic includes a variety of vehicles such as sedans, SUVs, and a white car on the left side of the road.",9,90.0,0.9714,False,<DATASET_ROOT>/241018102947_M801C06L62G031_2673_end_extract/drive_6/02
4,"The road is lined with modern high-rise buildings and trees, with some construction work visible in the background.",1,18.9,0.8794,False,<DATASET_ROOT>/241018102947_M801C06L62G031_2673_end_extract/drive_6/02
5,"The traffic light is green, allowing the vehicle to proceed.",7,72.2,0.3415,False,<DATASET_ROOT>/241018102947_M801C06L62G031_2673_end_extract/drive_6/02
6,"The camera captures the movement of the vehicle as it maintains its position in the lane, with other vehicles following or passing by.",9,90.0,0.9408,True,<DATASET_ROOT>/241018102947_M801C06L62G031_2673_end_extract/drive_6/02
7,"The overall scene depicts a typical day in a bustling city, with the vehicle moving smoothly through the traffic.",0,10.0,0.8506,False,<DATASET_ROOT>/241018102947_M801C06L62G031_2673_end_extract/drive_6/02
0,"The ego-vehicle is moving straight on a multi-lane highway during the daytime, with the road surface visibly wet from recent rain, as evidenced by the numerous water droplets on the camera's lens.",1,18.9,0.9951,False,<DATASET_ROOT>/241018130234_M801C06L62G031_2673_end_extract/drive_7/03
1,"The road is divided into multiple lanes, with the ego-vehicle occupying the rightmost lane.",7,72.2,0.0632,False,<DATASET_ROOT>/241018130234_M801C06L62G031_2673_end_extract/drive_7/03
2,"In front of the vehicle, a large orange container truck is traveling in the same direction, while other cars and trucks are visible in the distance, all moving along the wet highway.",2,27.8,0.9998,False,<DATASET_ROOT>/241018130234_M801C06L62G031_2673_end_extract/drive_7/03
3,"The surrounding area features a mix of greenery and roadside buildings, with trees and hills visible on the horizon.",6,63.3,0.0071,False,<DATASET_ROOT>/241018130234_M801C06L62G031_2673_end_extract/drive_7/03
4,"Streetlights and power lines are present along the highway, and a green sign indicating a right turn is visible on the right side of the road.",6,63.3,0.4786,True,<DATASET_ROOT>/241018130234_M801C06L62G031_2673_end_extract/drive_7/03
5,"The weather is rainy, and the sky appears overcast, contributing to the dim lighting conditions.",0,10.0,0.5776,False,<DATASET_ROOT>/241018130234_M801C06L62G031_2673_end_extract/drive_7/03
6,"The ego-vehicle maintains a steady speed and continues forward, navigating through the rain and traffic.",4,45.6,0.1872,True,<DATASET_ROOT>/241018130234_M801C06L62G031_2673_end_extract/drive_7/03
0,"The ego-vehicle is moving straight along a three-lane city street during the daytime, with clear and sunny weather.",9,90.0,0.6317,False,<DATASET_ROOT>/240530090206_M801C06L62G031_2673_end_extract/drive_20/02
1,"The road is lined with modern buildings, trees, and various storefronts, including a visible ""HOTEL"" sign and a ""BADA"" sign.",5,54.4,0.8279,False,<DATASET_ROOT>/240530090206_M801C06L62G031_2673_end_extract/drive_20/02
2,"The road surface is smooth and well-maintained, with clear lane markings and a yellow dividing line on the right side.",2,27.8,0.9631,False,<DATASET_ROOT>/240530090206_M801C06L62G031_2673_end_extract/drive_20/02
3,"Several vehicles are present on the road, including a blue car on the left, a dark sedan ahead, and a white SUV on the right.",3,36.7,0.8438,False,<DATASET_ROOT>/240530090206_M801C06L62G031_2673_end_extract/drive_20/02
4,"A blue overhead sign indicates directions to ""Hanbal-dong"" and ""Gangnam-dong,"" with the distance of 100 meters.",1,18.9,0.8891,False,<DATASET_ROOT>/240530090206_M801C06L62G031_2673_end_extract/drive_20/02
5,"The road is relatively busy, with traffic flowing smoothly in both directions.",3,36.7,0.4114,False,<DATASET_ROOT>/240530090206_M801C06L62G031_2673_end_extract/drive_20/02
6,"A bicycle is parked on the sidewalk, and the surrounding area is well-lit, with no visible obstacles or intersections.",9,90.0,0.0003,False,<DATASET_ROOT>/240530090206_M801C06L62G031_2673_end_extract/drive_20/02
7,The overall scene suggests a typical urban environment with a mix of commercial and residential buildings.,4,45.6,0.2976,False,<DATASET_ROOT>/240530090206_M801C06L62G031_2673_end_extract/drive_20/02
0,"The ego-vehicle is moving straight along a two-lane city street that is wet from rain, as evidenced by the water droplets on the camera lens and the reflective surface of the road.",7,72.2,0.9912,False,<DATASET_ROOT>/240325141234_M801C06L62G031_2673_end_extract/drive_4/02
1,"The road is lined with tall buildings, including modern skyscrapers and structures under construction, with some bare trees visible along the sidewalks.",7,72.2,0.3116,False,<DATASET_ROOT>/240325141234_M801C06L62G031_2673_end_extract/drive_4/02
2,"A white car is directly ahead, and the lane markings are clearly visible, including a solid yellow line on the left and a white arrow directing traffic.",5,54.4,0.4279,False,<DATASET_ROOT>/240325141234_M801C06L62G031_2673_end_extract/drive_4/02
3,"The vehicle is in a relatively clear view of the traffic, with a white car on the right side of the road and a pedestrian in a green vest standing near a white car on the right.",2,27.8,0.4675,False,<DATASET_ROOT>/240325141234_M801C06L62G031_2673_end_extract/drive_4/02
4,"A construction worker wearing a high-visibility vest and an orange helmet is visible on the right side of the road, standing near a white car.",2,27.8,0.6447,False,<DATASET_ROOT>/240325141234_M801C06L62G031_2673_end_extract/drive_4/02
5,"The camera captures the scene from the perspective of the ego-vehicle, which is moving forward and slightly to the right, with the wet road surface and the raindrops on the lens adding to the visual details.",8,81.1,0.9448,False,<DATASET_ROOT>/240325141234_M801C06L62G031_2673_end_extract/drive_4/02
6,"The overall scene is set during the daytime with clear visibility, despite the rain.",0,10.0,0.2366,False,<DATASET_ROOT>/240325141234_M801C06L62G031_2673_end_extract/drive_4/02
0,"The video captures a front-view of a city street during the daytime, with clear and sunny weather conditions.",0,10.0,0.4645,False,<DATASET_ROOT>/240530090206_M801C06L62G031_2673_end_extract/drive_27/04
1,"The road is a multi-lane highway with a central white line dividing the lanes, and the road surface appears to be in good condition.",1,18.9,0.1734,False,<DATASET_ROOT>/240530090206_M801C06L62G031_2673_end_extract/drive_27/04
2,"The ego-vehicle is stopped in the middle of the road, surrounded by other vehicles.",1,18.9,0.0667,True,<DATASET_ROOT>/240530090206_M801C06L62G031_2673_end_extract/drive_27/04
3,"To the left, a black Hyundai SUV is in the adjacent lane, while a black sedan with the license plate 33E 0892 is directly ahead.",3,36.7,0.9654,False,<DATASET_ROOT>/240530090206_M801C06L62G031_2673_end_extract/drive_27/04
4,"The road is lined with buildings, including a large shopping center on the left and a variety of shops and restaurants on the right, such as a café with an orange awning.",1,18.9,0.0831,True,<DATASET_ROOT>/240530090206_M801C06L62G031_2673_end_extract/drive_27/04
5,"Trees and streetlights are visible along the sidewalks, and the traffic flow is moderate, with other cars moving slowly in the adjacent lanes.",2,27.8,0.8239,False,<DATASET_ROOT>/240530090206_M801C06L62G031_2673_end_extract/drive_27/04
6,"The overall scene is bustling with urban activity, and the ego-vehicle remains stationary throughout the 10-second clip.",0,10.0,0.0345,False,<DATASET_ROOT>/240530090206_M801C06L62G031_2673_end_extract/drive_27/04
0,"The ego-vehicle is moving straight on a two-lane city street under clear, sunny conditions.",6,63.3,0.4907,False,<DATASET_ROOT>/240822134456_M801C06L62G031_2673_end_extract/drive_1/04
1,"The road is lined with modern buildings, trees, and a few street signs, including a digital traffic sign displaying ""200m"" and ""GO"" in green, indicating the distance and direction to the next intersection.",8,81.1,0.096,False,<DATASET_ROOT>/240822134456_M801C06L62G031_2673_end_extract/drive_1/04
2,"The vehicle is in a moderate traffic flow, with a silver Kia car directly ahead and a white tow truck on the left side of the road.",3,36.7,0.9937,False,<DATASET_ROOT>/240822134456_M801C06L62G031_2673_end_extract/drive_1/04
3,"The road surface is clear and well-maintained, with visible lane markings.",9,90.0,0.3534,False,<DATASET_ROOT>/240822134456_M801C06L62G031_2673_end_extract/drive_1/04
4,"The surrounding environment includes a mix of urban architecture and greenery, with a pedestrian crossing visible on the right side of the road.",8,81.1,0.5361,True,<DATASET_ROOT>/240822134456_M801C06L62G031_2673_end_extract/drive_1/04
5,"The ego-vehicle maintains a steady pace, navigating through the traffic with minimal disruption.",1,18.9,0.3293,True,<DATASET_ROOT>/240822134456_M801C06L62G031_2673_end_extract/drive_1/04
0,The video captures a front-view of an ego-vehicle driving on a city street during the daytime.,1,18.9,0.389,False,<DATASET_ROOT>/240529140943_M801C06L62G031_2673_end_extract/drive_18/01
1,"The road is a single-lane road with a white dashed line marking the center, and the road surface appears to be slightly muddy.",1,18.9,0.013,True,<DATASET_ROOT>/240529140943_M801C06L62G031_2673_end_extract/drive_18/01
2,"The vehicle is moving forward, with its headlights on, and it is following a white car ahead.",1,18.9,0.506,False,<DATASET_ROOT>/240529140943_M801C06L62G031_2673_end_extract/drive_18/01
3,"The road is lined with various shops and buildings, and there are several traffic signs and advertisements visible on the buildings, including signs for ""SUN"" and ""daiso."" The sky is clear and sunny, casting shadows of trees and poles onto the road.",0,10.0,0.9525,False,<DATASET_ROOT>/240529140943_M801C06L62G031_2673_end_extract/drive_18/01
4,"The ego-vehicle is moving at a steady pace, and the traffic flow is moderate, with other vehicles visible in the distance.",5,54.4,0.1422,False,<DATASET_ROOT>/240529140943_M801C06L62G031_2673_end_extract/drive_18/01
5,"The surrounding environment is urban, with trees and buildings on both sides of the road.",9,90.0,0.5018,False,<DATASET_ROOT>/240529140943_M801C06L62G031_2673_end_extract/drive_18/01
0,"The ego-vehicle is moving straight through a tunnel, with the camera positioned in the front of the vehicle, providing a clear view of the road ahead.",1,18.9,0.9918,False,<DATASET_ROOT>/231106095132_M801C06L62G031_2673_end_extract/drive_2/03
1,"The road is a three-lane road with a white dashed line separating the lanes, and the lanes are marked by a yellow line on the left side.",0,10.0,0.653,False,<DATASET_ROOT>/231106095132_M801C06L62G031_2673_end_extract/drive_2/03
2,"The tunnel has a curved ceiling with bright white lights running along the length of the tunnel, illuminating the road and the vehicles.",8,81.1,0.9991,False,<DATASET_ROOT>/231106095132_M801C06L62G031_2673_end_extract/drive_2/03
3,"The road surface appears to be wet, reflecting the light from the ceiling, and the vehicle is traveling in the rightmost lane.",8,81.1,0.9782,False,<DATASET_ROOT>/231106095132_M801C06L62G031_2673_end_extract/drive_2/03
4,"Several other vehicles are visible ahead, including a black SUV and a few other cars, all moving in the same direction.",9,90.0,0.9246,False,<DATASET_ROOT>/231106095132_M801C06L62G031_2673_end_extract/drive_2/03
5,"The road is surrounded by a concrete wall on the left, and there is a small sign on the wall.",6,63.3,0.6283,False,<DATASET_ROOT>/231106095132_M801C06L62G031_2673_end_extract/drive_2/03
6,"The sky is visible at the end of the tunnel, and the weather is cloudy.",8,81.1,0.7036,False,<DATASET_ROOT>/231106095132_M801C06L62G031_2673_end_extract/drive_2/03
0,"The ego-vehicle is moving straight along a city street, which is a two-lane road with a clear centerline and a white arrow marking indicating a direction of travel.",7,72.2,0.1195,True,<DATASET_ROOT>/240322135559_M801C06L62G031_2673_end_extract/drive_24/04
1,"The road surface is wet, reflecting the lights of the vehicles and the surrounding buildings, suggesting it has recently rained.",9,90.0,0.5435,False,<DATASET_ROOT>/240322135559_M801C06L62G031_2673_end_extract/drive_24/04
2,"The scene is captured during the daytime, with the sky appearing bright but overcast.",5,54.4,0.1005,False,<DATASET_ROOT>/240322135559_M801C06L62G031_2673_end_extract/drive_24/04
3,"On the left side of the road, there are several buildings with storefronts, including a visible ""Burger King"" sign, while on the right, there are more commercial buildings and a few trees with bare branches.",6,63.3,0.0673,False,<DATASET_ROOT>/240322135559_M801C06L62G031_2673_end_extract/drive_24/04
4,"The traffic flow is moderate, with cars and pedestrians visible on the road and sidewalks.",1,18.9,0.269,False,<DATASET_ROOT>/240322135559_M801C06L62G031_2673_end_extract/drive_24/04
5,"The ego-vehicle is traveling in the right lane, and it is navigating through a typical urban environment with traffic lights and road signs, including a traffic light that is currently red.",7,72.2,0.0824,True,<DATASET_ROOT>/240322135559_M801C06L62G031_2673_end_extract/drive_24/04
6,"The vehicle's motion is steady and consistent, and the overall environment appears to be active and bustling.",2,27.8,0.3692,False,<DATASET_ROOT>/240322135559_M801C06L62G031_2673_end_extract/drive_24/04
0,The video captures a front-view ego-vehicle driving through a city street during rainy weather.,6,63.3,0.9524,False,<DATASET_ROOT>/241018130234_M801C06L62G031_2673_end_extract/drive_6/04
1,"The road is wet, with raindrops visible on the camera's lens, indicating a continuous rain.",6,63.3,0.9433,False,<DATASET_ROOT>/241018130234_M801C06L62G031_2673_end_extract/drive_6/04
2,"The road is a three-lane city street with white lane markings, and the vehicle is moving forward along the middle lane.",2,27.8,0.4856,False,<DATASET_ROOT>/241018130234_M801C06L62G031_2673_end_extract/drive_6/04
3,"The surrounding environment features modern buildings, including tall skyscrapers and lower residential structures, with various signs and storefronts visible along the sidewalks.",6,63.3,0.2159,False,<DATASET_ROOT>/241018130234_M801C06L62G031_2673_end_extract/drive_6/04
4,"There are multiple vehicles on the road, including a white car and a green bus, which are either approaching or passing by.",1,18.9,0.3904,True,<DATASET_ROOT>/241018130234_M801C06L62G031_2673_end_extract/drive_6/04
5,"The traffic flow appears moderate, with other vehicles and pedestrians visible on the sidewalks and near the intersections.",7,72.2,0.0089,False,<DATASET_ROOT>/241018130234_M801C06L62G031_2673_end_extract/drive_6/04
6,"The visibility is reduced due to the rain, but the road and surrounding infrastructure remain clear enough to navigate.",0,10.0,0.6057,False,<DATASET_ROOT>/241018130234_M801C06L62G031_2673_end_extract/drive_6/04
7,"The ego-vehicle maintains a steady course, smoothly moving through the traffic.",1,18.9,0.0106,False,<DATASET_ROOT>/241018130234_M801C06L62G031_2673_end_extract/drive_6/04
0,"The video captures a front-view of a city street during the daytime, with a clear and sunny sky.",7,72.2,0.9879,False,<DATASET_ROOT>/240529140943_M801C06L62G031_2673_end_extract/drive_32/01
1,"The road is a three-lane road with a white crosswalk in the middle, and the road surface appears to be in good condition.",4,45.6,0.8422,True,<DATASET_ROOT>/240529140943_M801C06L62G031_2673_end_extract/drive_32/01
2,"A white car is seen in the foreground, approaching the intersection, and it is positioned in the left lane.",7,72.2,0.9433,True,<DATASET_ROOT>/240529140943_M801C06L62G031_2673_end_extract/drive_32/01
3,"The traffic flow is moderate, with several other vehicles visible in the distance, including a white sedan and a black van that pass through the intersection.",6,63.3,0.3037,True,<DATASET_ROOT>/240529140943_M801C06L62G031_2673_end_extract/drive_32/01
4,"The intersection is marked with traffic lights, and the surrounding area features trees and buildings, including a tall skyscraper.",7,72.2,0.4814,False,<DATASET_ROOT>/240529140943_M801C06L62G031_2673_end_extract/drive_32/01
5,"The camera is stationary, providing a clear view of the road and the vehicles, with the sun shining brightly, creating a glare on the road surface.",9,90.0,0.996,False,<DATASET_ROOT>/240529140943_M801C06L62G031_2673_end_extract/drive_32/01
6,"The ego-vehicle is stopped at the intersection, waiting for the traffic light to change.",2,27.8,0.05,True,<DATASET_ROOT>/240529140943_M801C06L62G031_2673_end_extract/drive_32/01
0,"The ego-vehicle is moving straight on a city street, navigating through a multi-lane highway during the daytime.",1,18.9,0.0102,True,<DATASET_ROOT>/241018130234_M801C06L62G031_2673_end_extract/drive_2/03
1,"The road is wet from rain, with water droplets visible on the camera lens, indicating ongoing rainfall.",9,90.0,0.9861,False,<DATASET_ROOT>/241018130234_M801C06L62G031_2673_end_extract/drive_2/03
2,"The road surface reflects the lights from the vehicles and streetlights, enhancing the visibility of the wet conditions.",0,10.0,0.4347,False,<DATASET_ROOT>/241018130234_M801C06L62G031_2673_end_extract/drive_2/03
3,"The lane markings are clearly visible, with a solid white arrow indicating the direction of travel.",7,72.2,0.0483,False,<DATASET_ROOT>/241018130234_M801C06L62G031_2673_end_extract/drive_2/03
4,"The road is flanked by tall buildings and trees, with several vehicles in the adjacent lanes, including a white car and a black sedan, which are moving in the same direction.",2,27.8,0.9767,False,<DATASET_ROOT>/241018130234_M801C06L62G031_2673_end_extract/drive_2/03
5,"The traffic flow is moderate, with vehicles maintaining a steady pace.",2,27.8,0.1238,False,<DATASET_ROOT>/241018130234_M801C06L62G031_2673_end_extract/drive_2/03
6,"A traffic light is visible at the intersection ahead, and the surrounding area features urban infrastructure, including street signs and crosswalks.",0,10.0,0.0131,True,<DATASET_ROOT>/241018130234_M801C06L62G031_2673_end_extract/drive_2/03
7,The overall scene depicts a typical city environment during rainy weather.,1,18.9,0.5114,False,<DATASET_ROOT>/241018130234_M801C06L62G031_2673_end_extract/drive_2/03
0,"The ego-vehicle is driving on a multi-lane highway in a city, with a clear road condition and visible lane markings.",9,90.0,0.8179,False,<DATASET_ROOT>/240322135559_M801C06L62G031_2673_end_extract/drive_23/04
1,"The road is bustling with traffic, including a white Volkswagen SUV directly ahead, a black sedan to the left, and a blue bus moving from right to left on the adjacent lane.",0,10.0,0.9007,False,<DATASET_ROOT>/240322135559_M801C06L62G031_2673_end_extract/drive_23/04
2,"The surrounding environment features modern high-rise buildings, with one prominently displaying a large digital billboard.",4,45.6,0.1791,False,<DATASET_ROOT>/240322135559_M801C06L62G031_2673_end_extract/drive_23/04
3,"The weather appears to be rainy, as the road surface is wet, and the sky is overcast.",8,81.1,0.0584,False,<DATASET_ROOT>/240322135559_M801C06L62G031_2673_end_extract/drive_23/04
4,"The ego-vehicle is in the middle of the road, moving forward at a steady pace, and the traffic flow is consistent, with vehicles maintaining a safe distance from each other.",5,54.4,0.4676,False,<DATASET_ROOT>/240322135559_M801C06L62G031_2673_end_extract/drive_23/04
5,"The capture time is during the daytime, and the overall scene depicts a typical urban traffic environment.",8,81.1,0.3397,False,<DATASET_ROOT>/240322135559_M801C06L62G031_2673_end_extract/drive_23/04
0,"The video captures a front-view of an ego-vehicle driving on a city street during the daytime, with the road appearing wet from rain.",2,27.8,0.5248,False,<DATASET_ROOT>/240325141234_M801C06L62G031_2673_end_extract/drive_3/01
1,"The road is a two-lane road with a white dashed line marking the center and a solid yellow line on the left side, indicating the lane for the ego-vehicle.",1,18.9,0.3408,True,<DATASET_ROOT>/240325141234_M801C06L62G031_2673_end_extract/drive_3/01
2,"The road is surrounded by tall buildings, and several vehicles are visible in the adjacent lanes.",2,27.8,0.6181,False,<DATASET_ROOT>/240325141234_M801C06L62G031_2673_end_extract/drive_3/01
3,"A black SUV is directly ahead, and a blue three-wheeled vehicle is on the right side of the road.",2,27.8,0.4086,False,<DATASET_ROOT>/240325141234_M801C06L62G031_2673_end_extract/drive_3/01
4,"The ego-vehicle is stopped in the middle of the road, with a white arrow sign on the road surface indicating a turn or stop.",0,10.0,0.0183,True,<DATASET_ROOT>/240325141234_M801C06L62G031_2673_end_extract/drive_3/01
5,"Raindrops are visible on the camera lens, creating a blurred effect.",2,27.8,0.1054,False,<DATASET_ROOT>/240325141234_M801C06L62G031_2673_end_extract/drive_3/01
6,"The surrounding traffic is moving slowly, and the weather is rainy, with the sky appearing overcast.",2,27.8,0.1374,False,<DATASET_ROOT>/240325141234_M801C06L62G031_2673_end_extract/drive_3/01
0,"The ego-vehicle is driving straight on a multi-lane city street, moving through a moderate traffic flow during the daytime under sunny conditions.",0,10.0,0.8601,False,<DATASET_ROOT>/240529140943_M801C06L62G031_2673_end_extract/drive_31/01
1,"The road is wide and well-maintained, with clear lane markings and a smooth asphalt surface.",9,90.0,0.1117,False,<DATASET_ROOT>/240529140943_M801C06L62G031_2673_end_extract/drive_31/01
2,"The road is bordered by lush green trees and tall buildings, indicating a densely populated urban environment.",1,18.9,0.6017,False,<DATASET_ROOT>/240529140943_M801C06L62G031_2673_end_extract/drive_31/01
3,"The vehicle is in the middle of the road, following a white sedan in the adjacent lane.",6,63.3,0.1642,False,<DATASET_ROOT>/240529140943_M801C06L62G031_2673_end_extract/drive_31/01
4,"On the right side of the road, there is a silver sedan and a black car on the left, while a gray car is visible on the right edge of the frame.",2,27.8,0.5018,False,<DATASET_ROOT>/240529140943_M801C06L62G031_2673_end_extract/drive_31/01
5,"A blue overhead sign indicates a directional route, and the traffic light above the intersection shows a green signal.",6,63.3,0.0113,False,<DATASET_ROOT>/240529140943_M801C06L62G031_2673_end_extract/drive_31/01
6,"The vehicles are moving steadily, and the visibility is clear, with no signs of congestion or adverse weather.",6,63.3,0.7471,False,<DATASET_ROOT>/240529140943_M801C06L62G031_2673_end_extract/drive_31/01
0,"The ego-vehicle is driving on a multi-lane highway during the daytime, with the road surface appearing wet from recent rain.",6,63.3,0.1424,False,<DATASET_ROOT>/241018130234_M801C06L62G031_2673_end_extract/drive_8/01
1,"Raindrops are visible on the camera's lens, creating a blurred, bokeh effect that partially obscures the view.",0,10.0,0.8965,False,<DATASET_ROOT>/241018130234_M801C06L62G031_2673_end_extract/drive_8/01
2,"The vehicle is moving forward through a city street environment, maintaining a steady course on the rightmost lane.",2,27.8,0.1267,False,<DATASET_ROOT>/241018130234_M801C06L62G031_2673_end_extract/drive_8/01
3,"The road is marked with white lane dividers and a double yellow line, indicating a divided highway.",5,54.4,0.0231,False,<DATASET_ROOT>/241018130234_M801C06L62G031_2673_end_extract/drive_8/01
4,"Several other vehicles are visible in adjacent lanes, including a silver sedan, a black SUV, and a white car, all traveling in the same direction.",1,18.9,0.1838,False,<DATASET_ROOT>/241018130234_M801C06L62G031_2673_end_extract/drive_8/01
5,"The surrounding area features tall trees lining the road and modern buildings on the right side, with a prominent structure featuring a cross-shaped roof visible in the distance.",2,27.8,0.0424,True,<DATASET_ROOT>/241018130234_M801C06L62G031_2673_end_extract/drive_8/01
6,"A traffic sign is visible in the distance, indicating a traffic light or signal, and the overall scene suggests a typical urban setting with moderate traffic flow.",4,45.6,0.1086,False,<DATASET_ROOT>/241018130234_M801C06L62G031_2673_end_extract/drive_8/01
7,"The vehicle's movement is smooth and consistent, indicating a steady pace as it navigates through the wet conditions.",5,54.4,0.1419,True,<DATASET_ROOT>/241018130234_M801C06L62G031_2673_end_extract/drive_8/01
0,"The ego-vehicle is moving straight through a busy urban intersection on a multi-lane highway, with a snowy road surface that is visible in the video.",9,90.0,0.0021,False,<DATASET_ROOT>/240205170303_M801C06L62G031_2673_end_extract/drive_2/03
1,"The road is marked with white lines, including a crosswalk and lane dividers, and the surrounding area is filled with tall buildings, including a prominent structure with a clock tower.",3,36.7,0.4914,True,<DATASET_ROOT>/240205170303_M801C06L62G031_2673_end_extract/drive_2/03
2,"The weather is snowy, with visible snowflakes falling and the windshield of the vehicle covered in water droplets, which are blurred due to the motion.",2,27.8,0.0924,False,<DATASET_ROOT>/240205170303_M801C06L62G031_2673_end_extract/drive_2/03
3,"The traffic is active, with several vehicles in the adjacent lanes, including a yellow taxi on the left and a white car ahead.",7,72.2,0.1053,False,<DATASET_ROOT>/240205170303_M801C06L62G031_2673_end_extract/drive_2/03
4,"The road is illuminated by streetlights and the vehicles' headlights, and traffic signs indicating speed limits and directions are visible.",5,54.4,0.0015,False,<DATASET_ROOT>/240205170303_M801C06L62G031_2673_end_extract/drive_2/03
5,"The ego-vehicle is traveling at a moderate speed, and the overall scene suggests a typical city rush hour.",9,90.0,0.3454,False,<DATASET_ROOT>/240205170303_M801C06L62G031_2673_end_extract/drive_2/03
0,"The ego-vehicle is moving straight along a two-lane city street during the daytime, with clear and well-maintained road conditions.",1,18.9,0.6645,False,<DATASET_ROOT>/240530090206_M801C06L62G031_2673_end_extract/drive_11/02
1,"The road is lined with various buildings, including commercial structures with numerous signs and advertisements.",5,54.4,0.8635,False,<DATASET_ROOT>/240530090206_M801C06L62G031_2673_end_extract/drive_11/02
2,"As the vehicle progresses, it approaches an intersection where the road layout changes.",3,36.7,0.2592,True,<DATASET_ROOT>/240530090206_M801C06L62G031_2673_end_extract/drive_11/02
3,"The road ahead has a crosswalk painted in white, and the vehicle is approaching a traffic signal that indicates a green light.",7,72.2,0.8749,True,<DATASET_ROOT>/240530090206_M801C06L62G031_2673_end_extract/drive_11/02
4,"The surrounding area is filled with trees and streetlights, and there are several other vehicles on the road, including a white car and a black SUV.",1,18.9,0.0504,False,<DATASET_ROOT>/240530090206_M801C06L62G031_2673_end_extract/drive_11/02
5,"The environment is bustling with activity, and the overall scene is well-lit by the sun.",7,72.2,0.0658,False,<DATASET_ROOT>/240530090206_M801C06L62G031_2673_end_extract/drive_11/02
0,"The ego-vehicle is moving straight on a three-lane city street, with the road surface appearing clear and well-maintained.",1,18.9,0.1724,False,<DATASET_ROOT>/240322135559_M801C06L62G031_2673_end_extract/drive_1/04
1,"The vehicle is in the middle lane, with a blue truck on the left and a large dump truck in the lane ahead.",4,45.6,0.9948,False,<DATASET_ROOT>/240322135559_M801C06L62G031_2673_end_extract/drive_1/04
2,"The road is bordered by a metal fence on the right, with a banner and a sign indicating directions to ""Daeban"" and ""Wonho"" in Korean.",0,10.0,0.9835,False,<DATASET_ROOT>/240322135559_M801C06L62G031_2673_end_extract/drive_1/04
3,"The sky is overcast, suggesting a cloudy day, and the urban landscape features modern buildings in the background.",9,90.0,0.6643,False,<DATASET_ROOT>/240322135559_M801C06L62G031_2673_end_extract/drive_1/04
4,"Other vehicles, including a black sedan and a white truck, are visible ahead, indicating a typical traffic flow.",2,27.8,0.3917,False,<DATASET_ROOT>/240322135559_M801C06L62G031_2673_end_extract/drive_1/04
5,"The camera maintains a steady forward motion, capturing the continuous flow of traffic and the surrounding cityscape.",6,63.3,0.8856,False,<DATASET_ROOT>/240322135559_M801C06L62G031_2673_end_extract/drive_1/04
0,"The ego-vehicle is moving straight along a three-lane city street on a clear, sunny day.",8,81.1,0.7635,False,<DATASET_ROOT>/240529140943_M801C06L62G031_2673_end_extract/drive_6/04
1,"The road is paved and marked with white lines, including a crosswalk and directional arrows.",0,10.0,0.8927,True,<DATASET_ROOT>/240529140943_M801C06L62G031_2673_end_extract/drive_6/04
2,"The street is lined with buildings, some with colorful facades and various signs in Korean, including a blue sign indicating a speed limit of 50 km/h.",2,27.8,0.9261,False,<DATASET_ROOT>/240529140943_M801C06L62G031_2673_end_extract/drive_6/04
3,"On the right side, there is a bus with the number 619 and a blue and white vehicle, possibly a taxi, driving in the same direction.",6,63.3,0.4414,False,<DATASET_ROOT>/240529140943_M801C06L62G031_2673_end_extract/drive_6/04
4,"The road is relatively busy with other cars, including a white sedan and a black SUV, as well as a bus in the opposite direction.",6,63.3,0.5753,False,<DATASET_ROOT>/240529140943_M801C06L62G031_2673_end_extract/drive_6/04
5,"The surrounding area includes trees and hills in the background, with some commercial buildings and streetlights.",9,90.0,0.0175,False,<DATASET_ROOT>/240529140943_M801C06L62G031_2673_end_extract/drive_6/04
6,The sky is bright blue with scattered clouds.,5,54.4,0.2508,False,<DATASET_ROOT>/240529140943_M801C06L62G031_2673_end_extract/drive_6/04
7,"The vehicle is maintaining a steady pace, passing through the intersection without stopping.",0,10.0,0.3833,True,<DATASET_ROOT>/240529140943_M801C06L62G031_2673_end_extract/drive_6/04
0,"The ego-vehicle is moving straight along a three-lane city street during the daytime, with the sun shining brightly from the front, creating a lens flare effect on the road.",7,72.2,0.9983,False,<DATASET_ROOT>/240529140943_M801C06L62G031_2673_end_extract/drive_33/01
1,"The road is clear and well-maintained, with white lane markings and a solid white line separating the lanes.",4,45.6,0.9068,False,<DATASET_ROOT>/240529140943_M801C06L62G031_2673_end_extract/drive_33/01
2,"The vehicle is in the rightmost lane, with a white sedan in the left lane and a black SUV in the middle lane ahead.",4,45.6,0.9495,False,<DATASET_ROOT>/240529140943_M801C06L62G031_2673_end_extract/drive_33/01
3,"The road is lined with trees and buildings, and there are no visible intersections or signs.",8,81.1,0.5439,False,<DATASET_ROOT>/240529140943_M801C06L62G031_2673_end_extract/drive_33/01
4,"The surrounding traffic is moderate, with other cars moving in the same direction.",5,54.4,0.4002,False,<DATASET_ROOT>/240529140943_M801C06L62G031_2673_end_extract/drive_33/01
5,"The ego-vehicle maintains a steady pace, following the flow of traffic, and the overall scene is bright and clear under sunny conditions.",4,45.6,0.6033,False,<DATASET_ROOT>/240529140943_M801C06L62G031_2673_end_extract/drive_33/01
0,The video captures a front-view ego-vehicle driving on a two-lane city street under a sunny sky with scattered clouds.,3,36.7,0.9995,False,<DATASET_ROOT>/240822134456_M801C06L62G031_2673_end_extract/drive_3/03
1,"The road is clear and well-maintained, with yellow lines marking the lanes and white lines delineating the edges.",2,27.8,0.9776,False,<DATASET_ROOT>/240822134456_M801C06L62G031_2673_end_extract/drive_3/03
2,"The ego-vehicle is following a white Kia SUV, which is in the adjacent lane and has its brake lights illuminated.",3,36.7,0.8906,True,<DATASET_ROOT>/240822134456_M801C06L62G031_2673_end_extract/drive_3/03
3,"The surrounding environment features modern high-rise buildings on the left and lower residential or commercial structures on the right, some of which are under construction with scaffolding.",2,27.8,0.1644,False,<DATASET_ROOT>/240822134456_M801C06L62G031_2673_end_extract/drive_3/03
4,"Trees and utility poles line the road, and a few other vehicles are visible in the distance, including a white sedan and a dark-colored car.",8,81.1,0.4686,False,<DATASET_ROOT>/240822134456_M801C06L62G031_2673_end_extract/drive_3/03
5,"The ego-vehicle maintains a steady pace, moving forward along the road, with no abrupt changes in speed or direction.",9,90.0,0.0748,False,<DATASET_ROOT>/240822134456_M801C06L62G031_2673_end_extract/drive_3/03
6,"The scene is illuminated by bright sunlight, casting clear shadows on the road surface.",6,63.3,0.4426,False,<DATASET_ROOT>/240822134456_M801C06L62G031_2673_end_extract/drive_3/03
0,"The ego-vehicle is driving on a city street, moving along a three-lane road with a clear and well-maintained surface.",7,72.2,0.3777,False,<DATASET_ROOT>/240529140943_M801C06L62G031_2673_end_extract/drive_14/03
1,"The road is lined with lush green trees on both sides, providing shade and a pleasant urban environment.",6,63.3,0.9754,False,<DATASET_ROOT>/240529140943_M801C06L62G031_2673_end_extract/drive_14/03
2,"As the vehicle progresses, it approaches an intersection, where traffic signals are visible, and other vehicles are present.",2,27.8,0.2433,True,<DATASET_ROOT>/240529140943_M801C06L62G031_2673_end_extract/drive_14/03
3,"The road ahead is clear, with no visible obstructions, and the traffic flow is steady.",0,10.0,0.6681,False,<DATASET_ROOT>/240529140943_M801C06L62G031_2673_end_extract/drive_14/03
4,"The vehicle is moving in the right lane, navigating through the intersection with the traffic lights indicating green.",2,27.8,0.2189,True,<DATASET_ROOT>/240529140943_M801C06L62G031_2673_end_extract/drive_14/03
5,"The surrounding area features modern buildings and commercial establishments, with signs and banners visible along the roadside.",5,54.4,0.2762,False,<DATASET_ROOT>/240529140943_M801C06L62G031_2673_end_extract/drive_14/03
6,"The weather is sunny, casting bright light and creating shadows on the road, while the sky is clear and blue.",2,27.8,0.9625,False,<DATASET_ROOT>/240529140943_M801C06L62G031_2673_end_extract/drive_14/03
7,"The vehicle continues forward, maintaining a smooth and consistent pace through the urban landscape.",7,72.2,0.5753,False,<DATASET_ROOT>/240529140943_M801C06L62G031_2673_end_extract/drive_14/03
0,"The ego-vehicle is driving straight on a wet city street, with raindrops visible on the windshield, creating a blurred effect.",6,63.3,0.9729,False,<DATASET_ROOT>/231116093002_M801C06L62G031_2673_end_extract/drive_3/01
1,"The road is a multi-lane highway with clear lane markings, including a double yellow line in the center, indicating a divided traffic flow.",5,54.4,0.0091,True,<DATASET_ROOT>/231116093002_M801C06L62G031_2673_end_extract/drive_3/01
2,"The road is surrounded by tall buildings and trees, with several vehicles visible on both sides.",0,10.0,0.5379,False,<DATASET_ROOT>/231116093002_M801C06L62G031_2673_end_extract/drive_3/01
3,"On the left, there are parked cars and a few pedestrians, while on the right, there are more vehicles and a few pedestrians walking on the sidewalk.",1,18.9,0.0261,False,<DATASET_ROOT>/231116093002_M801C06L62G031_2673_end_extract/drive_3/01
4,"The weather is rainy, and the road is wet, reflecting the light from the sky and the vehicles.",4,45.6,0.9592,False,<DATASET_ROOT>/231116093002_M801C06L62G031_2673_end_extract/drive_3/01
5,"The ego-vehicle is moving forward, and the traffic flow is moderate, with cars and a bus passing in the opposite direction.",3,36.7,0.4789,True,<DATASET_ROOT>/231116093002_M801C06L62G031_2673_end_extract/drive_3/01
6,"The time of day is daytime, and the overall scene is urban, with a mix of commercial and residential buildings.",6,63.3,0.0754,False,<DATASET_ROOT>/231116093002_M801C06L62G031_2673_end_extract/drive_3/01
0,The ego-vehicle is moving straight along a three-lane road that is located beneath a large underpass.,1,18.9,0.9784,True,<DATASET_ROOT>/240530090206_M801C06L62G031_2673_end_extract/drive_3/03
1,"The road is clear and well-maintained, with a white dividing line running down the center and yellow and black striped barriers on the right side.",0,10.0,0.9829,True,<DATASET_ROOT>/240530090206_M801C06L62G031_2673_end_extract/drive_3/03
2,"The underpass walls are gray with red and white horizontal stripes, and the road surface is smooth and dark.",1,18.9,0.9998,True,<DATASET_ROOT>/240530090206_M801C06L62G031_2673_end_extract/drive_3/03
3,"As the vehicle approaches the underpass, it is surrounded by other vehicles, including a white car on the left and a white truck further ahead.",8,81.1,0.7607,True,<DATASET_ROOT>/240530090206_M801C06L62G031_2673_end_extract/drive_3/03
4,"The underpass entrance is visible, and the vehicle enters a dark tunnel, where the light gradually increases as it exits.",3,36.7,0.9904,True,<DATASET_ROOT>/240530090206_M801C06L62G031_2673_end_extract/drive_3/03
5,"The surrounding area features modern buildings, trees, and streetlights, and the sky is bright, indicating a sunny day.",9,90.0,0.6257,False,<DATASET_ROOT>/240530090206_M801C06L62G031_2673_end_extract/drive_3/03
6,The ego-vehicle maintains a steady pace as it navigates through the tunnel and emerges into the daylight.,5,54.4,0.9787,True,<DATASET_ROOT>/240530090206_M801C06L62G031_2673_end_extract/drive_3/03
0,"The ego-vehicle is moving straight along a city street with a clear, well-maintained road surface, which is a three-lane road with white lane markings.",4,45.6,0.9714,False,<DATASET_ROOT>/240822084904_M801C06L62G031_2673_end_extract/drive_19/02
1,"The road is surrounded by modern buildings, including commercial establishments with signs in Korean, and the sky is bright and sunny with scattered clouds.",4,45.6,0.9973,False,<DATASET_ROOT>/240822084904_M801C06L62G031_2673_end_extract/drive_19/02
2,"The vehicle is in the middle of the road, with cars on both sides of the lanes, including a black sedan in the same lane as the ego-vehicle.",6,63.3,0.983,False,<DATASET_ROOT>/240822084904_M801C06L62G031_2673_end_extract/drive_19/02
3,"The road has a pedestrian crosswalk in the foreground, and there are no visible signs of traffic congestion.",4,45.6,0.482,True,<DATASET_ROOT>/240822084904_M801C06L62G031_2673_end_extract/drive_19/02
4,"The surrounding area features a mix of urban structures, including multi-story buildings and smaller shops, with some trees and utility poles visible along the roadside.",1,18.9,0.961,False,<DATASET_ROOT>/240822084904_M801C06L62G031_2673_end_extract/drive_19/02
5,"The video captures the vehicle's steady forward motion through a typical urban environment, with no abrupt changes in direction or speed.",1,18.9,0.8238,False,<DATASET_ROOT>/240822084904_M801C06L62G031_2673_end_extract/drive_19/02
0,"The ego-vehicle is moving straight along a multi-lane city street, with clear road markings and a smooth asphalt surface.",9,90.0,0.1429,False,<DATASET_ROOT>/240322135559_M801C06L62G031_2673_end_extract/drive_16/04
1,"The road is lined with modern buildings, including a tall glass structure on the right and a red brick building on the left.",1,18.9,0.8938,False,<DATASET_ROOT>/240322135559_M801C06L62G031_2673_end_extract/drive_16/04
2,"Several vehicles, including cars and a green bus, are traveling in the same direction, while a white car is seen on the left side of the road.",7,72.2,0.9584,False,<DATASET_ROOT>/240322135559_M801C06L62G031_2673_end_extract/drive_16/04
3,"A blue sign with Korean text is visible above the road, indicating a bus stop or a traffic direction.",7,72.2,0.9895,True,<DATASET_ROOT>/240322135559_M801C06L62G031_2673_end_extract/drive_16/04
4,"The weather appears to be rainy, as evidenced by the wet appearance of the road and the presence of a few pedestrians with umbrellas on the sidewalk.",5,54.4,0.0003,False,<DATASET_ROOT>/240322135559_M801C06L62G031_2673_end_extract/drive_16/04
5,"The video captures the ego-vehicle's movement from a front-facing perspective, showing a continuous flow of traffic and a clear view of the road ahead.",7,72.2,0.8124,False,<DATASET_ROOT>/240322135559_M801C06L62G031_2673_end_extract/drive_16/04
0,"The ego-vehicle is moving straight along a three-lane city street, with a clear road surface and well-defined lane markings.",8,81.1,0.6944,False,<DATASET_ROOT>/240530090206_M801C06L62G031_2673_end_extract/drive_10/04
1,"The road is lined with various commercial buildings, including shops with colorful signs and banners in Korean.",0,10.0,0.9881,False,<DATASET_ROOT>/240530090206_M801C06L62G031_2673_end_extract/drive_10/04
2,The left side of the road features a mix of smaller buildings and a white van parked along the curb.,8,81.1,0.9483,False,<DATASET_ROOT>/240530090206_M801C06L62G031_2673_end_extract/drive_10/04
3,"On the right, a black sedan is parked near a building with a large glass facade, and a yellow bus is visible further down the street.",5,54.4,0.9901,False,<DATASET_ROOT>/240530090206_M801C06L62G031_2673_end_extract/drive_10/04
4,"The road is marked with white arrows indicating traffic flow, and there are traffic signals above the intersection.",9,90.0,0.8769,False,<DATASET_ROOT>/240530090206_M801C06L62G031_2673_end_extract/drive_10/04
5,"The sky is overcast, but the weather appears to be sunny, and the overall visibility is clear.",0,10.0,0.1004,False,<DATASET_ROOT>/240530090206_M801C06L62G031_2673_end_extract/drive_10/04
6,"The ego-vehicle maintains a steady pace, following the flow of traffic and passing through the intersection.",8,81.1,0.0715,True,<DATASET_ROOT>/240530090206_M801C06L62G031_2673_end_extract/drive_10/04
0,"The ego-vehicle is moving straight along a city street that is wet from rain, with visible water droplets on the windshield, indicating ongoing rainfall.",6,63.3,0.2158,False,<DATASET_ROOT>/240205094744_M801C06L62G031_2673_end_extract/drive_7/01
1,"The road is a three-lane road with white lane markings, and the vehicle is traveling in the middle lane.",5,54.4,0.4321,False,<DATASET_ROOT>/240205094744_M801C06L62G031_2673_end_extract/drive_7/01
2,"In front of the ego-vehicle, a red car is moving in the adjacent lane, and a black car is also visible ahead.",4,45.6,0.8179,False,<DATASET_ROOT>/240205094744_M801C06L62G031_2673_end_extract/drive_7/01
3,"The surrounding area features modern buildings with glass facades and various storefronts, including a sign for ""SECOND"" and another for ""MERCURY."" The traffic flow is moderate, with several vehicles moving in both directions.",1,18.9,0.6569,False,<DATASET_ROOT>/240205094744_M801C06L62G031_2673_end_extract/drive_7/01
4,"The road is lined with trees that are bare, suggesting it is winter or early spring.",7,72.2,0.0972,False,<DATASET_ROOT>/240205094744_M801C06L62G031_2673_end_extract/drive_7/01
5,"The sky is overcast, and the overall lighting is diffused, consistent with a rainy day.",2,27.8,0.0412,False,<DATASET_ROOT>/240205094744_M801C06L62G031_2673_end_extract/drive_7/01
6,The ego-vehicle maintains a steady speed as it navigates the wet city street.,6,63.3,0.2094,True,<DATASET_ROOT>/240205094744_M801C06L62G031_2673_end_extract/drive_7/01
0,The video captures a front-view of a city street during the daytime under a sunny sky with scattered clouds.,5,54.4,0.9972,False,<DATASET_ROOT>/240822084904_M801C06L62G031_2673_end_extract/drive_22/02
1,"The ego-vehicle is initially stopped at a crosswalk, with a white car on the right side of the road and a large, modern building with arched windows on the left.",2,27.8,0.9526,True,<DATASET_ROOT>/240822084904_M801C06L62G031_2673_end_extract/drive_22/02
2,"The road is a two-lane city street with clear markings, including yellow and red lines, and a white arrow indicating the direction of travel.",8,81.1,0.9322,False,<DATASET_ROOT>/240822084904_M801C06L62G031_2673_end_extract/drive_22/02
3,"As the video progresses, the ego-vehicle begins to move forward, passing a black car and a gray SUV that are stopped at the intersection.",8,81.1,0.951,True,<DATASET_ROOT>/240822084904_M801C06L62G031_2673_end_extract/drive_22/02
4,"The road is lined with trees and buildings, including a sign that reads ""영지사"" on the right side.",8,81.1,0.6726,False,<DATASET_ROOT>/240822084904_M801C06L62G031_2673_end_extract/drive_22/02
5,"The traffic flow is moderate, with other vehicles moving in the opposite direction.",9,90.0,0.292,False,<DATASET_ROOT>/240822084904_M801C06L62G031_2673_end_extract/drive_22/02
6,"The scene is well-lit, with no visible obstructions, and the overall atmosphere is calm and orderly.",5,54.4,0.0406,False,<DATASET_ROOT>/240822084904_M801C06L62G031_2673_end_extract/drive_22/02
0,"The ego-vehicle is moving straight along a single-lane city street, with clear road markings and a yellow dividing line on the road surface.",4,45.6,0.962,False,<DATASET_ROOT>/240529140943_M801C06L62G031_2673_end_extract/drive_21/01
1,"The road is lined with trees and buildings, and the sky is clear and sunny, casting shadows from the trees onto the road.",3,36.7,0.9962,False,<DATASET_ROOT>/240529140943_M801C06L62G031_2673_end_extract/drive_21/01
2,"As the vehicle progresses, it approaches a crosswalk marked with a white and yellow striped pattern, which is painted on the road.",4,45.6,0.9925,True,<DATASET_ROOT>/240529140943_M801C06L62G031_2673_end_extract/drive_21/01
3,"The vehicle continues straight ahead, passing a pedestrian crossing sign and a street sign indicating a speed limit of 30.",5,54.4,0.872,True,<DATASET_ROOT>/240529140943_M801C06L62G031_2673_end_extract/drive_21/01
4,"The surrounding area features a mix of commercial buildings, including a store with a sign that reads ""OMG"" and another with a ""GFA"" sign.",7,72.2,0.0182,False,<DATASET_ROOT>/240529140943_M801C06L62G031_2673_end_extract/drive_21/01
5,"The road is relatively quiet, with only a few other vehicles visible in the distance, and the overall scene appears to be a typical urban environment on a bright, sunny day.",7,72.2,0.8631,False,<DATASET_ROOT>/240529140943_M801C06L62G031_2673_end_extract/drive_21/01
0,"The ego-vehicle is driving on a clear, three-lane city street during the daytime under a sunny sky with scattered clouds.",2,27.8,0.9934,False,<DATASET_ROOT>/240822134456_M801C06L62G031_2673_end_extract/drive_9/04
1,"The road is well-maintained with white lane markings, including a solid white line separating the left and right lanes and a dashed white line marking the center.",0,10.0,0.9808,True,<DATASET_ROOT>/240822134456_M801C06L62G031_2673_end_extract/drive_9/04
2,"The vehicle is moving forward on the right-hand side of the road, with the left lane occupied by a black SUV and the right lane containing a few other vehicles.",0,10.0,0.9782,False,<DATASET_ROOT>/240822134456_M801C06L62G031_2673_end_extract/drive_9/04
3,"The road is flanked by buildings, trees, and utility poles, with a few signs visible on the right side, including one with a blue sign that reads ""111"" and another with a ""PUM"" logo.",3,36.7,0.9651,False,<DATASET_ROOT>/240822134456_M801C06L62G031_2673_end_extract/drive_9/04
4,"The road is lined with a few parked cars on the right, and the overall environment appears to be a quiet urban area with no significant traffic congestion.",8,81.1,0.8035,False,<DATASET_ROOT>/240822134456_M801C06L62G031_2673_end_extract/drive_9/04
5,"The vehicle maintains a steady pace, following the flow of traffic as it moves forward.",3,36.7,0.5586,False,<DATASET_ROOT>/240822134456_M801C06L62G031_2673_end_extract/drive_9/04
0,"The ego-vehicle is moving straight along a two-lane city street on a clear, sunny day.",9,90.0,0.9348,False,<DATASET_ROOT>/240822134456_M801C06L62G031_2673_end_extract/drive_7/02
1,"The road is marked with yellow lines and white lane dividers, and the vehicle is in the right-hand lane.",9,90.0,0.969,False,<DATASET_ROOT>/240822134456_M801C06L62G031_2673_end_extract/drive_7/02
2,"The traffic is moderate, with several cars traveling in the same direction, including a silver SUV and a black sedan ahead.",8,81.1,0.9369,False,<DATASET_ROOT>/240822134456_M801C06L62G031_2673_end_extract/drive_7/02
3,"The road is lined with trees and buildings, and a blue tent is visible on the right side of the road.",1,18.9,0.6372,False,<DATASET_ROOT>/240822134456_M801C06L62G031_2673_end_extract/drive_7/02
4,"A blue sign with Korean text is mounted above the road, and a traffic light is visible ahead.",4,45.6,0.0158,False,<DATASET_ROOT>/240822134456_M801C06L62G031_2673_end_extract/drive_7/02
5,"The sky is bright blue with scattered clouds, and the sun is shining brightly.",1,18.9,0.8047,False,<DATASET_ROOT>/240822134456_M801C06L62G031_2673_end_extract/drive_7/02
6,The camera remains steady as the vehicle continues forward.,9,90.0,0.8294,False,<DATASET_ROOT>/240822134456_M801C06L62G031_2673_end_extract/drive_7/02
0,"The ego-vehicle is moving straight along a three-lane city street on a clear, sunny day.",5,54.4,0.9236,False,<DATASET_ROOT>/240529140943_M801C06L62G031_2673_end_extract/drive_7/03
1,The road is well-maintained with white lane markings and a central divider.,0,10.0,0.8562,False,<DATASET_ROOT>/240529140943_M801C06L62G031_2673_end_extract/drive_7/03
2,"On the left side of the road, there are several parked and moving vehicles, including a white minivan and a black sedan, while the right side features a mix of parked cars, a white pickup truck, and a motorcycle.",4,45.6,0.3038,False,<DATASET_ROOT>/240529140943_M801C06L62G031_2673_end_extract/drive_7/03
3,"The street is lined with multi-story buildings, some with storefronts displaying signs in Korean, such as ""하나인"" and ""성등차음"".",5,54.4,0.8597,False,<DATASET_ROOT>/240529140943_M801C06L62G031_2673_end_extract/drive_7/03
4,"Trees are planted along the sidewalk, adding greenery to the urban landscape.",6,63.3,0.3799,False,<DATASET_ROOT>/240529140943_M801C06L62G031_2673_end_extract/drive_7/03
5,"The sky is bright blue with scattered clouds, indicating good visibility and favorable weather conditions.",8,81.1,0.1315,False,<DATASET_ROOT>/240529140943_M801C06L62G031_2673_end_extract/drive_7/03
6,"The ego-vehicle maintains a steady pace, keeping a safe distance from the vehicles in front and to the sides.",5,54.4,0.346,False,<DATASET_ROOT>/240529140943_M801C06L62G031_2673_end_extract/drive_7/03
0,"The ego-vehicle is moving straight along a two-lane city street on a clear, sunny day.",5,54.4,0.7868,False,<DATASET_ROOT>/240822084904_M801C06L62G031_2673_end_extract/drive_7/04
1,"The road is paved and features a double yellow line down the center, separating the two lanes.",2,27.8,0.9681,True,<DATASET_ROOT>/240822084904_M801C06L62G031_2673_end_extract/drive_7/04
2,"Trees line both sides of the street, casting long shadows across the road.",8,81.1,0.9909,True,<DATASET_ROOT>/240822084904_M801C06L62G031_2673_end_extract/drive_7/04
3,"On the left side, there are parked vehicles, including a white van and several other cars, while the right side has a row of parked cars and a building with a modern design.",5,54.4,0.5766,False,<DATASET_ROOT>/240822084904_M801C06L62G031_2673_end_extract/drive_7/04
4,The sky is bright with scattered clouds.,0,10.0,0.4182,False,<DATASET_ROOT>/240822084904_M801C06L62G031_2673_end_extract/drive_7/04
5,"The vehicle is traveling at a steady pace, and the traffic flow appears to be moderate, with cars and a few buses moving in the opposite direction.",9,90.0,0.0266,False,<DATASET_ROOT>/240822084904_M801C06L62G031_2673_end_extract/drive_7/04
6,"The road condition is clear, and the visibility is excellent.",2,27.8,0.3062,False,<DATASET_ROOT>/240822084904_M801C06L62G031_2673_end_extract/drive_7/04
0,"The ego-vehicle is driving on a wet, three-lane city street under rainy conditions, with the road surface reflecting the overcast sky.",9,90.0,0.3959,False,<DATASET_ROOT>/240325141234_M801C06L62G031_2673_end_extract/drive_10/01
1,"The vehicle is moving forward in the middle lane, with the left and right lanes visible, and the road is marked with white dashed lines and a yellow dividing line.",8,81.1,0.4641,False,<DATASET_ROOT>/240325141234_M801C06L62G031_2673_end_extract/drive_10/01
2,"The surrounding environment features a series of streetlights and a few signs, including a ""No Entry"" sign and a ""No Parking"" sign, along with a concrete wall on the right side.",0,10.0,0.0409,False,<DATASET_ROOT>/240325141234_M801C06L62G031_2673_end_extract/drive_10/01
3,"There are several other vehicles on the road, including a white car on the left and a black truck on the right, which are moving in the same direction.",2,27.8,0.1623,False,<DATASET_ROOT>/240325141234_M801C06L62G031_2673_end_extract/drive_10/01
4,"The road appears to be in a suburban or urban area, with some trees and buildings visible in the background.",9,90.0,0.3137,False,<DATASET_ROOT>/240325141234_M801C06L62G031_2673_end_extract/drive_10/01
5,"The video captures the vehicle's forward motion, with the road and surrounding objects appearing to move past the camera.",3,36.7,0.9845,False,<DATASET_ROOT>/240325141234_M801C06L62G031_2673_end_extract/drive_10/01
6,"The overall scene is characterized by a muted color palette, with the wet road reflecting the gray sky and the presence of raindrops on the camera lens.",0,10.0,0.9681,False,<DATASET_ROOT>/240325141234_M801C06L62G031_2673_end_extract/drive_10/01
0,"The ego-vehicle is moving straight along a multi-lane city street, navigating through a dense traffic flow under rainy conditions.",1,18.9,0.1403,True,<DATASET_ROOT>/240205094744_M801C06L62G031_2673_end_extract/drive_4/04
1,"The road surface is wet, reflecting the overhead light and creating a glossy appearance, while raindrops are visible on the camera lens.",8,81.1,0.079,False,<DATASET_ROOT>/240205094744_M801C06L62G031_2673_end_extract/drive_4/04
2,"The road is a wide, multi-lane highway with clearly marked lanes and a white arrow indicating forward movement.",5,54.4,0.008,False,<DATASET_ROOT>/240205094744_M801C06L62G031_2673_end_extract/drive_4/04
3,"In the surrounding area, several other vehicles are visible, including a white sedan ahead, a silver SUV to the left, and a white convertible on the right.",1,18.9,0.8326,False,<DATASET_ROOT>/240205094744_M801C06L62G031_2673_end_extract/drive_4/04
4,"The traffic is moderate, with vehicles maintaining a steady pace.",0,10.0,0.2475,False,<DATASET_ROOT>/240205094744_M801C06L62G031_2673_end_extract/drive_4/04
5,"On the left side of the road, there is a gas station and a pedestrian crossing, while on the right, a few trees and buildings are visible.",7,72.2,0.0021,True,<DATASET_ROOT>/240205094744_M801C06L62G031_2673_end_extract/drive_4/04
6,"A speed limit sign indicating '50' is seen on the right side of the road, and the overall environment suggests a busy urban setting during the daytime.",3,36.7,0.0592,False,<DATASET_ROOT>/240205094744_M801C06L62G031_2673_end_extract/drive_4/04
0,"The video captures a front-view of an ego-vehicle driving through a city street during the daytime, with the road surface visibly wet from rain.",8,81.1,0.9787,False,<DATASET_ROOT>/231116093002_M801C06L62G031_2673_end_extract/drive_3/03
1,"The road is a multi-lane highway, with the ego-vehicle occupying the rightmost lane, marked by a double yellow line on the left.",7,72.2,0.0323,False,<DATASET_ROOT>/231116093002_M801C06L62G031_2673_end_extract/drive_3/03
2,"The vehicle is moving straight ahead, navigating through a dense traffic flow.",6,63.3,0.4242,True,<DATASET_ROOT>/231116093002_M801C06L62G031_2673_end_extract/drive_3/03
3,"On the left side of the road, a green bus is seen approaching, followed by a white car and a green bus.",3,36.7,0.9885,True,<DATASET_ROOT>/231116093002_M801C06L62G031_2673_end_extract/drive_3/03
4,"The road is lined with trees and buildings, and various signs are visible, including a blue sign with white text that reads ""SINCE 1993"" and a red sign with the word ""KOREA"" in white.",9,90.0,0.0019,False,<DATASET_ROOT>/231116093002_M801C06L62G031_2673_end_extract/drive_3/03
5,"The road is bustling with traffic, including cars, buses, and a white SUV, all moving in the same direction.",1,18.9,0.98,False,<DATASET_ROOT>/231116093002_M801C06L62G031_2673_end_extract/drive_3/03
6,"The visibility is somewhat reduced due to raindrops on the camera lens, which create a blurry effect and reflect light.",1,18.9,0.8821,False,<DATASET_ROOT>/231116093002_M801C06L62G031_2673_end_extract/drive_3/03
7,The overall scene depicts a typical urban environment during a rainy day.,1,18.9,0.4584,False,<DATASET_ROOT>/231116093002_M801C06L62G031_2673_end_extract/drive_3/03
0,"The video captures a front-view ego-vehicle driving on a multi-lane city street during the daytime, with the road surface appearing wet due to rainfall.",8,81.1,0.9696,False,<DATASET_ROOT>/241018130234_M801C06L62G031_2673_end_extract/drive_11/02
1,"Raindrops are visible on the camera lens, creating a blurred, bokeh effect that obscures some details of the surroundings.",6,63.3,0.8089,False,<DATASET_ROOT>/241018130234_M801C06L62G031_2673_end_extract/drive_11/02
2,"The road is a wide, multi-lane highway with white lane markings and a crosswalk in the center.",2,27.8,0.2531,True,<DATASET_ROOT>/241018130234_M801C06L62G031_2673_end_extract/drive_11/02
3,"Several vehicles are present, including a silver sedan on the right, a black SUV in the middle lane, and a white taxi on the left.",2,27.8,0.3126,False,<DATASET_ROOT>/241018130234_M801C06L62G031_2673_end_extract/drive_11/02
4,"The ego-vehicle is moving forward, navigating through the traffic with a clear view of the road ahead.",9,90.0,0.1264,True,<DATASET_ROOT>/241018130234_M801C06L62G031_2673_end_extract/drive_11/02
5,"The surrounding environment features tall buildings and greenery, indicating an urban setting.",9,90.0,0.1571,False,<DATASET_ROOT>/241018130234_M801C06L62G031_2673_end_extract/drive_11/02
6,"The traffic flow is moderate, with vehicles maintaining a steady pace as they approach and cross the intersection.",4,45.6,0.3669,True,<DATASET_ROOT>/241018130234_M801C06L62G031_2673_end_extract/drive_11/02
7,"The camera remains focused on the road ahead, capturing the dynamic movement of the vehicles and the urban landscape.",9,90.0,0.9874,False,<DATASET_ROOT>/241018130234_M801C06L62G031_2673_end_extract/drive_11/02
0,"The ego-vehicle is driving on a wet, single-lane road in a city environment, approaching a roundabout.",0,10.0,0.3749,True,<DATASET_ROOT>/240325141234_M801C06L62G031_2673_end_extract/drive_6/02
1,"The road surface is dark and reflective due to the rain, and water droplets are visible on the camera lens, indicating rainy weather.",9,90.0,0.8631,False,<DATASET_ROOT>/240325141234_M801C06L62G031_2673_end_extract/drive_6/02
2,"The vehicle is moving through a roundabout, turning left as it navigates the intersection.",0,10.0,0.4595,True,<DATASET_ROOT>/240325141234_M801C06L62G031_2673_end_extract/drive_6/02
3,"In the background, there are tall buildings, including some under construction, and a large overpass overhead.",5,54.4,0.7413,True,<DATASET_ROOT>/240325141234_M801C06L62G031_2673_end_extract/drive_6/02
4,The road has white directional arrows and yellow lines marking the lanes.,6,63.3,0.1076,False,<DATASET_ROOT>/240325141234_M801C06L62G031_2673_end_extract/drive_6/02
5,"A white car is parked on the right side of the road, and a cyclist is seen riding on the sidewalk.",9,90.0,0.222,False,<DATASET_ROOT>/240325141234_M801C06L62G031_2673_end_extract/drive_6/02
6,"The sky is overcast, and the overall lighting is dim, suggesting it is daytime.",1,18.9,0.2631,False,<DATASET_ROOT>/240325141234_M801C06L62G031_2673_end_extract/drive_6/02
7,"The camera is positioned inside the vehicle, capturing the view from the front.",7,72.2,0.4109,False,<DATASET_ROOT>/240325141234_M801C06L62G031_2673_end_extract/drive_6/02
0,"The ego-vehicle is moving straight along a clear, single-lane city street on a sunny day.",4,45.6,0.8841,False,<DATASET_ROOT>/240529140943_M801C06L62G031_2673_end_extract/drive_20/01
1,"The road is paved and has a central yellow dividing line, with a crosswalk painted in the middle of the road.",3,36.7,0.7848,True,<DATASET_ROOT>/240529140943_M801C06L62G031_2673_end_extract/drive_20/01
2,"The surrounding environment is lined with trees and buildings, and several vehicles are visible on the road.",0,10.0,0.8014,False,<DATASET_ROOT>/240529140943_M801C06L62G031_2673_end_extract/drive_20/01
3,"On the left side of the road, there are parked cars, including a black Kia Soul, and a silver Hyundai sedan.",0,10.0,0.3107,False,<DATASET_ROOT>/240529140943_M801C06L62G031_2673_end_extract/drive_20/01
4,"The right side of the road features a sidewalk with various storefronts, including a restaurant with a sign in Korean.",2,27.8,0.8932,False,<DATASET_ROOT>/240529140943_M801C06L62G031_2673_end_extract/drive_20/01
5,"A few pedestrians can be seen walking along the sidewalk, and a person is riding a bicycle.",5,54.4,0.0449,False,<DATASET_ROOT>/240529140943_M801C06L62G031_2673_end_extract/drive_20/01
6,"The sky is bright and clear, indicating that the weather is sunny.",9,90.0,0.3252,False,<DATASET_ROOT>/240529140943_M801C06L62G031_2673_end_extract/drive_20/01
7,The road appears to be well-maintained with no visible debris or damage.,4,45.6,0.5511,False,<DATASET_ROOT>/240529140943_M801C06L62G031_2673_end_extract/drive_20/01
0,"The ego-vehicle is driving straight along a three-lane city street, with the road surface appearing wet from recent rain.",3,36.7,0.2625,False,<DATASET_ROOT>/240205094744_M801C06L62G031_2673_end_extract/drive_7/02
1,"Raindrops are visible on the camera lens, creating a blurred effect and reducing visibility.",8,81.1,0.4262,False,<DATASET_ROOT>/240205094744_M801C06L62G031_2673_end_extract/drive_7/02
2,"The vehicle is moving at a steady pace, maintaining a consistent distance from the car in front.",3,36.7,0.442,False,<DATASET_ROOT>/240205094744_M801C06L62G031_2673_end_extract/drive_7/02
3,"The road is lined with modern buildings, including a prominent high-rise with a distinctive geometric facade.",0,10.0,0.2441,False,<DATASET_ROOT>/240205094744_M801C06L62G031_2673_end_extract/drive_7/02
4,"On the right side of the road, a white taxi is visible, and a red car is in the adjacent lane.",2,27.8,0.7014,False,<DATASET_ROOT>/240205094744_M801C06L62G031_2673_end_extract/drive_7/02
5,"A pedestrian crossing is visible ahead, and traffic signals are green, indicating that vehicles can proceed.",3,36.7,0.0182,True,<DATASET_ROOT>/240205094744_M801C06L62G031_2673_end_extract/drive_7/02
6,"The street is flanked by leafless trees, suggesting the season is winter or early spring.",0,10.0,0.2327,False,<DATASET_ROOT>/240205094744_M801C06L62G031_2673_end_extract/drive_7/02
7,"The overall scene is bright but overcast due to the rain, and the road is relatively busy with other vehicles.",3,36.7,0.117,False,<DATASET_ROOT>/240205094744_M801C06L62G031_2673_end_extract/drive_7/02
0,"The ego-vehicle is moving straight on a wet city street, navigating through a three-lane road with visible lane markings.",8,81.1,0.3545,True,<DATASET_ROOT>/241018130234_M801C06L62G031_2673_end_extract/drive_5/03
1,"The road is slick from rain, with water droplets visible on the camera's lens, indicating ongoing rainfall.",5,54.4,0.9237,False,<DATASET_ROOT>/241018130234_M801C06L62G031_2673_end_extract/drive_5/03
2,"The vehicle is in the middle lane, with a white sedan to its left and a silver car ahead.",3,36.7,0.8458,False,<DATASET_ROOT>/241018130234_M801C06L62G031_2673_end_extract/drive_5/03
3,"The surrounding area features modern buildings, including a large structure with a glass facade, and a smaller building with a yellow facade.",5,54.4,0.0009,False,<DATASET_ROOT>/241018130234_M801C06L62G031_2673_end_extract/drive_5/03
4,"A blue bus is seen on the left side of the road, and a green sign with a white arrow indicating ""50"" is visible above the road.",9,90.0,0.0058,False,<DATASET_ROOT>/241018130234_M801C06L62G031_2673_end_extract/drive_5/03
5,"The traffic flow is moderate, with several cars moving in the same direction.",1,18.9,0.1051,False,<DATASET_ROOT>/241018130234_M801C06L62G031_2673_end_extract/drive_5/03
6,"The sky is overcast, and the overall scene is illuminated by the vehicle's headlights and the ambient light from the surrounding buildings.",7,72.2,0.808,False,<DATASET_ROOT>/241018130234_M801C06L62G031_2673_end_extract/drive_5/03
0,"The ego-vehicle is moving straight along a two-lane city street, with a clear and unobstructed road surface.",9,90.0,0.5825,False,<DATASET_ROOT>/240322135559_M801C06L62G031_2673_end_extract/drive_10/04
1,"The road is lined with modern buildings on both sides, including a mix of high-rise office towers and lower commercial structures.",2,27.8,0.4665,False,<DATASET_ROOT>/240322135559_M801C06L62G031_2673_end_extract/drive_10/04
2,"The left side of the road features parked cars, while the right side has a few pedestrians and a construction site with a blue fence.",2,27.8,0.0472,False,<DATASET_ROOT>/240322135559_M801C06L62G031_2673_end_extract/drive_10/04
3,"The weather is cloudy, and the lighting is soft, indicating a daytime setting with no direct sunlight.",4,45.6,0.1486,False,<DATASET_ROOT>/240322135559_M801C06L62G031_2673_end_extract/drive_10/04
4,"The road is marked with yellow double lines on the left and white arrows on the right, guiding the flow of traffic.",7,72.2,0.8535,False,<DATASET_ROOT>/240322135559_M801C06L62G031_2673_end_extract/drive_10/04
5,"A white car drives past the ego-vehicle on the left, and a blue and white truck appears on the right side of the road.",8,81.1,0.2127,False,<DATASET_ROOT>/240322135559_M801C06L62G031_2673_end_extract/drive_10/04
6,The road appears to be in good condition with no visible potholes or debris.,1,18.9,0.0435,False,<DATASET_ROOT>/240322135559_M801C06L62G031_2673_end_extract/drive_10/04
7,The ego-vehicle maintains a steady speed as it progresses down the street.,9,90.0,0.1678,False,<DATASET_ROOT>/240322135559_M801C06L62G031_2673_end_extract/drive_10/04
0,The video captures a front-view ego-vehicle driving through a city street at night.,0,10.0,0.6421,False,<DATASET_ROOT>/241018130234_M801C06L62G031_2673_end_extract/drive_16/04
1,"The road is a multi-lane highway, with the ego-vehicle positioned in the right lane, moving forward through a congested traffic flow.",1,18.9,0.0917,False,<DATASET_ROOT>/241018130234_M801C06L62G031_2673_end_extract/drive_16/04
2,"The road is wet, reflecting the lights from the vehicles and street lamps, which adds a glossy sheen to the surface.",8,81.1,0.6115,False,<DATASET_ROOT>/241018130234_M801C06L62G031_2673_end_extract/drive_16/04
3,"The traffic is dense, with numerous cars in the adjacent lanes, their brake lights and headlights creating a dynamic display of light patterns.",5,54.4,0.7222,True,<DATASET_ROOT>/241018130234_M801C06L62G031_2673_end_extract/drive_16/04
4,"The ego-vehicle is moving at a steady pace, navigating through the traffic with minimal disruption.",5,54.4,0.0053,True,<DATASET_ROOT>/241018130234_M801C06L62G031_2673_end_extract/drive_16/04
5,"The surrounding environment is illuminated by streetlights and the glow of distant buildings, which are visible in the background.",3,36.7,0.3798,False,<DATASET_ROOT>/241018130234_M801C06L62G031_2673_end_extract/drive_16/04
6,"The road is flanked by sidewalks and urban infrastructure, and the overall scene suggests a typical urban night drive.",2,27.8,0.1732,False,<DATASET_ROOT>/241018130234_M801C06L62G031_2673_end_extract/drive_16/04
7,"The camera captures the motion of the vehicle as it progresses along the road, maintaining a consistent forward trajectory.",0,10.0,0.0672,False,<DATASET_ROOT>/241018130234_M801C06L62G031_2673_end_extract/drive_16/04
0,"The ego-vehicle is moving straight on a multi-lane highway at night, with the road surface appearing wet from recent rain.",8,81.1,0.1866,False,<DATASET_ROOT>/241018130234_M801C06L62G031_2673_end_extract/drive_18/02
1,"The city street is illuminated by streetlights and the headlights of numerous vehicles, creating a bright but blurred scene due to the motion.",2,27.8,0.8908,False,<DATASET_ROOT>/241018130234_M801C06L62G031_2673_end_extract/drive_18/02
2,"In the foreground, the ego-vehicle is in the right lane, surrounded by other cars, including a white sedan directly ahead and a silver sedan to the left.",9,90.0,0.0251,False,<DATASET_ROOT>/241018130234_M801C06L62G031_2673_end_extract/drive_18/02
3,"The road is lined with trees and buildings, with some illuminated signs visible in the distance.",2,27.8,0.0205,False,<DATASET_ROOT>/241018130234_M801C06L62G031_2673_end_extract/drive_18/02
4,"The traffic flow is moderate, with vehicles moving at a steady pace.",9,90.0,0.0403,False,<DATASET_ROOT>/241018130234_M801C06L62G031_2673_end_extract/drive_18/02
5,"The sky is dark, and the overall atmosphere is urban and bustling.",9,90.0,0.5887,False,<DATASET_ROOT>/241018130234_M801C06L62G031_2673_end_extract/drive_18/02
0,"The ego-vehicle is moving straight on a three-lane city street, with the road appearing clear and well-maintained.",5,54.4,0.6738,False,<DATASET_ROOT>/240530090206_M801C06L62G031_2673_end_extract/drive_29/01
1,"The road is a multi-lane highway with a central divider, and the lanes are marked with white lines.",3,36.7,0.8696,False,<DATASET_ROOT>/240530090206_M801C06L62G031_2673_end_extract/drive_29/01
2,"The vehicle is traveling in the rightmost lane, with a white truck in the middle lane and a blue bus on the left side of the road.",0,10.0,0.9901,False,<DATASET_ROOT>/240530090206_M801C06L62G031_2673_end_extract/drive_29/01
3,"Other vehicles, including a white car and a black SUV, are also present in the adjacent lanes.",5,54.4,0.939,False,<DATASET_ROOT>/240530090206_M801C06L62G031_2673_end_extract/drive_29/01
4,"The surrounding area features modern buildings, streetlights, and a few trees, indicating an urban environment.",6,63.3,0.3281,False,<DATASET_ROOT>/240530090206_M801C06L62G031_2673_end_extract/drive_29/01
5,"The sky is overcast with a mix of clouds, and the lighting suggests it is daytime.",6,63.3,0.5251,False,<DATASET_ROOT>/240530090206_M801C06L62G031_2673_end_extract/drive_29/01
6,"The ego-vehicle maintains a steady pace, following the flow of traffic.",5,54.4,0.4599,False,<DATASET_ROOT>/240530090206_M801C06L62G031_2673_end_extract/drive_29/01
0,"The ego-vehicle is moving straight along a multi-lane city street during the daytime, with the road appearing wet from recent rain.",8,81.1,0.566,False,<DATASET_ROOT>/241018102947_M801C06L62G031_2673_end_extract/drive_2/03
1,"The road is a wide, multi-lane highway with clear lane markings, including white dashed lines and solid white lines.",6,63.3,0.3941,False,<DATASET_ROOT>/241018102947_M801C06L62G031_2673_end_extract/drive_2/03
2,"On the left side of the road, there is a construction zone with orange and white barriers, and a large white wall with a green top.",5,54.4,0.9694,False,<DATASET_ROOT>/241018102947_M801C06L62G031_2673_end_extract/drive_2/03
3,The road is lined with modern high-rise buildings and a mix of commercial and residential structures.,5,54.4,0.5567,False,<DATASET_ROOT>/241018102947_M801C06L62G031_2673_end_extract/drive_2/03
4,"The traffic flow is moderate, with several vehicles, including a blue bus with the number 401 on its rear, moving in the same direction.",2,27.8,0.9894,False,<DATASET_ROOT>/241018102947_M801C06L62G031_2673_end_extract/drive_2/03
5,A green and white bus is seen approaching from the right side of the road.,7,72.2,0.4415,True,<DATASET_ROOT>/241018102947_M801C06L62G031_2673_end_extract/drive_2/03
6,"The sky is overcast, and the overall visibility is clear enough to see the details of the road, buildings, and vehicles.",9,90.0,0.7831,False,<DATASET_ROOT>/241018102947_M801C06L62G031_2673_end_extract/drive_2/03
7,"The camera remains steady, capturing the forward movement of the ego-vehicle through the urban landscape.",1,18.9,0.9015,False,<DATASET_ROOT>/241018102947_M801C06L62G031_2673_end_extract/drive_2/03
0,"The ego-vehicle is moving straight along a three-lane road on a clear, sunny day.",3,36.7,0.4284,False,<DATASET_ROOT>/240529140943_M801C06L62G031_2673_end_extract/drive_8/02
1,The road is marked with white arrows indicating left turns and a solid yellow line separating the lanes.,6,63.3,0.9791,True,<DATASET_ROOT>/240529140943_M801C06L62G031_2673_end_extract/drive_8/02
2,"The vehicle is in the rightmost lane, with a silver sedan on the left and a white truck on the right.",4,45.6,0.9862,False,<DATASET_ROOT>/240529140943_M801C06L62G031_2673_end_extract/drive_8/02
3,"As the vehicle progresses, it approaches an intersection where traffic signals are visible.",6,63.3,0.5068,True,<DATASET_ROOT>/240529140943_M801C06L62G031_2673_end_extract/drive_8/02
4,The intersection features a crosswalk with white stripes and a traffic light that is currently green.,6,63.3,0.3637,True,<DATASET_ROOT>/240529140943_M801C06L62G031_2673_end_extract/drive_8/02
5,"Several other vehicles, including a white truck and a silver sedan, are present in the intersection.",9,90.0,0.9072,False,<DATASET_ROOT>/240529140943_M801C06L62G031_2673_end_extract/drive_8/02
6,"The surrounding area includes modern buildings, some with glass facades, and various signs and storefronts.",1,18.9,0.0911,False,<DATASET_ROOT>/240529140943_M801C06L62G031_2673_end_extract/drive_8/02
7,"The sky is bright blue, and the sun casts clear shadows on the road.",0,10.0,0.7905,False,<DATASET_ROOT>/240529140943_M801C06L62G031_2673_end_extract/drive_8/02
0,"The ego-vehicle is moving straight along a three-lane city street, with the road surface appearing clear and well-maintained.",0,10.0,0.2797,False,<DATASET_ROOT>/240322135559_M801C06L62G031_2673_end_extract/drive_3/03
1,"The road is lined with modern buildings and construction barriers on the right side, where workers in safety vests and hard hats are visible near a yellow excavator.",9,90.0,0.9502,False,<DATASET_ROOT>/240322135559_M801C06L62G031_2673_end_extract/drive_3/03
2,"The traffic flow is moderate, with cars and a yellow scooter moving in the same direction.",1,18.9,0.9628,False,<DATASET_ROOT>/240322135559_M801C06L62G031_2673_end_extract/drive_3/03
3,"A black sedan is directly ahead, and a silver sedan overtakes from the left lane.",3,36.7,0.986,False,<DATASET_ROOT>/240322135559_M801C06L62G031_2673_end_extract/drive_3/03
4,"The weather is cloudy, and the daylight is diffused, creating a soft, even illumination.",4,45.6,0.1895,False,<DATASET_ROOT>/240322135559_M801C06L62G031_2673_end_extract/drive_3/03
5,"The surrounding environment includes streetlights and a few signs, all contributing to the urban setting.",7,72.2,0.0795,False,<DATASET_ROOT>/240322135559_M801C06L62G031_2673_end_extract/drive_3/03
6,"The ego-vehicle maintains a steady speed, keeping a safe distance from the vehicles ahead.",0,10.0,0.083,False,<DATASET_ROOT>/240322135559_M801C06L62G031_2673_end_extract/drive_3/03
0,"The ego-vehicle is moving straight along a city street with a three-lane road configuration, featuring a clear and well-maintained asphalt surface.",4,45.6,0.3341,False,<DATASET_ROOT>/240529140943_M801C06L62G031_2673_end_extract/drive_9/04
1,"The road is bordered by a yellow and black striped metal barrier on the left side, which separates the lanes.",1,18.9,0.9575,False,<DATASET_ROOT>/240529140943_M801C06L62G031_2673_end_extract/drive_9/04
2,"The traffic flow is moderate, with vehicles including a blue bus labeled ""ELECITY"" and a white sedan traveling in the same direction.",9,90.0,0.9655,False,<DATASET_ROOT>/240529140943_M801C06L62G031_2673_end_extract/drive_9/04
3,A motorcycle with an orange rider is visible on the right side of the road.,1,18.9,0.9797,False,<DATASET_ROOT>/240529140943_M801C06L62G031_2673_end_extract/drive_9/04
4,"The surrounding environment includes a mix of modern high-rise buildings and lower commercial structures, with construction cranes visible in the background, indicating ongoing development.",9,90.0,0.9085,False,<DATASET_ROOT>/240529140943_M801C06L62G031_2673_end_extract/drive_9/04
5,"The sky is clear and sunny, casting distinct shadows on the road, and the overall scene is illuminated by bright daylight.",4,45.6,0.6957,False,<DATASET_ROOT>/240529140943_M801C06L62G031_2673_end_extract/drive_9/04
0,"The video captures a front-view of a city street during the daytime, with clear skies and bright sunlight casting shadows on the road.",2,27.8,0.994,False,<DATASET_ROOT>/240529140943_M801C06L62G031_2673_end_extract/drive_5/04
1,"The road is a three-lane city street with a white dashed line on the left and a blue line on the right, indicating a specific traffic flow.",3,36.7,0.9839,False,<DATASET_ROOT>/240529140943_M801C06L62G031_2673_end_extract/drive_5/04
2,"The ego-vehicle is moving forward, and it is stopped at the intersection with a white car in the adjacent lane.",0,10.0,0.4423,True,<DATASET_ROOT>/240529140943_M801C06L62G031_2673_end_extract/drive_5/04
3,"A silver van is driving on the left, and a white car is in the right lane.",5,54.4,0.9315,False,<DATASET_ROOT>/240529140943_M801C06L62G031_2673_end_extract/drive_5/04
4,"The road is lined with buildings, including a large modern building in the distance, and several signs with Korean text, including one that reads ""서울시"" (Seoul).",6,63.3,0.7387,False,<DATASET_ROOT>/240529140943_M801C06L62G031_2673_end_extract/drive_5/04
5,"There are trees along the sidewalk, and the road is well-lit with overhead power lines.",0,10.0,0.1858,False,<DATASET_ROOT>/240529140943_M801C06L62G031_2673_end_extract/drive_5/04
6,"The visibility is clear, and the traffic flow is moderate, with other vehicles moving in the same direction.",5,54.4,0.464,False,<DATASET_ROOT>/240529140943_M801C06L62G031_2673_end_extract/drive_5/04
0,"The video captures a front-view of an ego-vehicle driving on a city street during the daytime, with the road condition being wet from rain, as evidenced by the water droplets on the camera lens.",4,45.6,0.7559,False,<DATASET_ROOT>/240325141234_M801C06L62G031_2673_end_extract/drive_14/03
1,"The road is a multi-lane highway with a clear division of traffic, and the ego-vehicle is in the rightmost lane, moving forward at a steady pace.",0,10.0,0.0202,False,<DATASET_ROOT>/240325141234_M801C06L62G031_2673_end_extract/drive_14/03
2,"The road is lined with modern buildings and tall structures, creating a dense urban environment.",0,10.0,0.4526,False,<DATASET_ROOT>/240325141234_M801C06L62G031_2673_end_extract/drive_14/03
3,"The traffic flow is moderate, with several vehicles in the adjacent lanes, including a silver sedan directly ahead, an orange car to the right, and a black car to the left.",1,18.9,0.8816,False,<DATASET_ROOT>/240325141234_M801C06L62G031_2673_end_extract/drive_14/03
4,"The visibility is slightly reduced due to the rain, and the sun is positioned high in the sky, creating bright reflections on the wet road surface.",4,45.6,0.072,False,<DATASET_ROOT>/240325141234_M801C06L62G031_2673_end_extract/drive_14/03
5,"The ego-vehicle is in motion, maintaining a consistent speed and direction, and the surrounding traffic appears to be moving in a similar direction.",4,45.6,0.2076,False,<DATASET_ROOT>/240325141234_M801C06L62G031_2673_end_extract/drive_14/03
6,The overall scene suggests a typical urban commute on a rainy day.,4,45.6,0.2065,False,<DATASET_ROOT>/240325141234_M801C06L62G031_2673_end_extract/drive_14/03
0,"The ego-vehicle is moving straight along a three-lane city street, with the road surface appearing clear and well-maintained.",9,90.0,0.57,False,<DATASET_ROOT>/240529140943_M801C06L62G031_2673_end_extract/drive_15/02
1,"The road is lined with various commercial buildings, including a prominent tire shop and a bank, and the surroundings feature a mix of modern and older architecture.",2,27.8,0.1854,False,<DATASET_ROOT>/240529140943_M801C06L62G031_2673_end_extract/drive_15/02
2,"On the left side of the road, there are parked vehicles, including a white car and a green bus, while the right side has a sidewalk with trees and a few street signs.",5,54.4,0.2203,False,<DATASET_ROOT>/240529140943_M801C06L62G031_2673_end_extract/drive_15/02
3,"The sky is clear and sunny, casting shadows from the trees and buildings.",7,72.2,0.7852,False,<DATASET_ROOT>/240529140943_M801C06L62G031_2673_end_extract/drive_15/02
4,"The ego-vehicle is traveling at a steady pace, with the traffic flow appearing moderate, and the surrounding environment is bustling with activity.",0,10.0,0.1564,False,<DATASET_ROOT>/240529140943_M801C06L62G031_2673_end_extract/drive_15/02
0,"The ego-vehicle is driving on a wet city street, moving straight ahead through a multi-lane highway.",2,27.8,0.0372,False,<DATASET_ROOT>/240205094744_M801C06L62G031_2673_end_extract/drive_5/02
1,"The road is marked with white dashed lines and solid white lines, indicating lane divisions.",1,18.9,0.4357,False,<DATASET_ROOT>/240205094744_M801C06L62G031_2673_end_extract/drive_5/02
2,"The road is wet, with raindrops visible on the camera's lens, which adds a reflective quality to the scene.",8,81.1,0.7202,False,<DATASET_ROOT>/240205094744_M801C06L62G031_2673_end_extract/drive_5/02
3,"The surrounding environment features modern buildings, including a prominent glass facade structure, and a mix of commercial and residential buildings.",4,45.6,0.0132,False,<DATASET_ROOT>/240205094744_M801C06L62G031_2673_end_extract/drive_5/02
4,"Other vehicles, including a white sedan and a dark-colored truck, are visible in the adjacent lanes, moving in the same direction.",4,45.6,0.6438,False,<DATASET_ROOT>/240205094744_M801C06L62G031_2673_end_extract/drive_5/02
5,"The traffic appears to be moderate, with vehicles maintaining a steady pace.",2,27.8,0.1368,False,<DATASET_ROOT>/240205094744_M801C06L62G031_2673_end_extract/drive_5/02
6,"A traffic light is visible ahead, showing a green signal, allowing the ego-vehicle to continue forward.",9,90.0,0.0085,False,<DATASET_ROOT>/240205094744_M801C06L62G031_2673_end_extract/drive_5/02
7,"The sky is overcast, contributing to the rainy weather conditions.",8,81.1,0.196,False,<DATASET_ROOT>/240205094744_M801C06L62G031_2673_end_extract/drive_5/02
8,The overall scene captures a typical urban driving experience on a rainy day.,8,81.1,0.4689,False,<DATASET_ROOT>/240205094744_M801C06L62G031_2673_end_extract/drive_5/02
0,The video captures a front-view of an ego-vehicle driving on a two-lane city street during the daytime under sunny conditions.,0,10.0,0.8854,False,<DATASET_ROOT>/240822134456_M801C06L62G031_2673_end_extract/drive_4/04
1,"The road is clear and well-maintained, with visible lane markings and a blue-painted directional arrow on the road surface.",0,10.0,0.8727,False,<DATASET_ROOT>/240822134456_M801C06L62G031_2673_end_extract/drive_4/04
2,"The ego-vehicle is moving forward in the right lane, with a white Kia car ahead and a blue bus on the left side of the road.",0,10.0,0.986,False,<DATASET_ROOT>/240822134456_M801C06L62G031_2673_end_extract/drive_4/04
3,"The road is lined with buildings, including a large white building with a UNIQLO sign on the left, and a variety of signs and advertisements are visible along the roadside.",6,63.3,0.0128,False,<DATASET_ROOT>/240822134456_M801C06L62G031_2673_end_extract/drive_4/04
4,"The traffic is moderate, with several vehicles, including a white Hyundai truck and a white car, traveling in the same direction.",8,81.1,0.998,False,<DATASET_ROOT>/240822134456_M801C06L62G031_2673_end_extract/drive_4/04
5,"The road is intersected by a traffic light, which is currently red, and there are multiple overhead power lines and street signs indicating directions and traffic signals.",7,72.2,0.0094,False,<DATASET_ROOT>/240822134456_M801C06L62G031_2673_end_extract/drive_4/04
6,"The video shows the ego-vehicle moving forward at a steady pace, with no abrupt changes in speed or direction.",1,18.9,0.0936,False,<DATASET_ROOT>/240822134456_M801C06L62G031_2673_end_extract/drive_4/04
0,"The ego-vehicle is driving straight along a city street, with the road appearing wet from recent rainfall.",4,45.6,0.6335,False,<DATASET_ROOT>/241018130234_M801C06L62G031_2673_end_extract/drive_1/02
1,"The road is a multi-lane highway with clear lane markings, including white dashed lines and yellow dividing lines.",6,63.3,0.0097,False,<DATASET_ROOT>/241018130234_M801C06L62G031_2673_end_extract/drive_1/02
2,"The vehicle is moving through a busy urban area, with other cars and motorcycles navigating the same road.",0,10.0,0.7833,True,<DATASET_ROOT>/241018130234_M801C06L62G031_2673_end_extract/drive_1/02
3,"On the right side of the road, there are several buildings, including a glass-fronted structure with the name ""SAMSUNG"" visible.",4,45.6,0.0658,False,<DATASET_ROOT>/241018130234_M801C06L62G031_2673_end_extract/drive_1/02
4,"A blue bus is seen approaching from the opposite direction, while a blue scooter is parked on the sidewalk.",7,72.2,0.0027,True,<DATASET_ROOT>/241018130234_M801C06L62G031_2673_end_extract/drive_1/02
5,"There are also several pedestrians walking along the sidewalks, and a large banner with Korean text is visible on the side of a building.",5,54.4,0.0007,False,<DATASET_ROOT>/241018130234_M801C06L62G031_2673_end_extract/drive_1/02
6,"The weather is rainy, as evidenced by the raindrops on the windshield and the wet road surface, and the capture time is during the daytime.",8,81.1,0.9677,False,<DATASET_ROOT>/241018130234_M801C06L62G031_2673_end_extract/drive_1/02
0,The video captures a front-view of an ego-vehicle driving on a multi-lane city street during the daytime under a cloudy sky.,2,27.8,0.5977,False,<DATASET_ROOT>/240322135559_M801C06L62G031_2673_end_extract/drive_5/04
1,"The road is wide and well-maintained with clear lane markings, and the traffic flow is moderate, with several cars moving in both directions.",8,81.1,0.8855,False,<DATASET_ROOT>/240322135559_M801C06L62G031_2673_end_extract/drive_5/04
2,"The ego-vehicle is positioned in the center lane, and it is following a white hatchback and a beige SUV.",5,54.4,0.9922,True,<DATASET_ROOT>/240322135559_M801C06L62G031_2673_end_extract/drive_5/04
3,"The surrounding traffic includes a mix of vehicles such as sedans, a silver sedan, and a blue bus on the right side.",0,10.0,0.9966,False,<DATASET_ROOT>/240322135559_M801C06L62G031_2673_end_extract/drive_5/04
4,"The road is lined with trees and buildings, and a few flags are visible on the roadside.",9,90.0,0.5367,False,<DATASET_ROOT>/240322135559_M801C06L62G031_2673_end_extract/drive_5/04
5,"The road condition appears to be clear, and the visibility is adequate, allowing for a detailed observation of the traffic and surroundings.",5,54.4,0.7083,False,<DATASET_ROOT>/240322135559_M801C06L62G031_2673_end_extract/drive_5/04
6,"The ego-vehicle remains stationary, indicating that it is stopped at a traffic signal or waiting for the light to change.",2,27.8,0.0185,True,<DATASET_ROOT>/240322135559_M801C06L62G031_2673_end_extract/drive_5/04
0,"The ego-vehicle is moving straight along a three-lane city street under a clear, sunny sky with a few clouds scattered across the blue expanse.",3,36.7,0.997,True,<DATASET_ROOT>/240822084904_M801C06L62G031_2673_end_extract/drive_18/03
1,"The road is marked with a double yellow line in the center, separating the lanes, and white lane markings on the right side.",2,27.8,0.9718,True,<DATASET_ROOT>/240822084904_M801C06L62G031_2673_end_extract/drive_18/03
2,"The surrounding environment is urban, with multi-story buildings and various storefronts, including a prominent sign for a pharmacy and a business with a red roof.",2,27.8,0.014,False,<DATASET_ROOT>/240822084904_M801C06L62G031_2673_end_extract/drive_18/03
3,"Several vehicles are present, including a white pickup truck with a ladder mounted on the back, a white sedan, and a white and blue police car.",6,63.3,0.14,False,<DATASET_ROOT>/240822084904_M801C06L62G031_2673_end_extract/drive_18/03
4,"The traffic flow is moderate, with vehicles moving in both directions.",1,18.9,0.2502,False,<DATASET_ROOT>/240822084904_M801C06L62G031_2673_end_extract/drive_18/03
5,"The ego-vehicle is in the rightmost lane, approaching an intersection where a traffic light is visible, showing a red signal.",7,72.2,0.7521,True,<DATASET_ROOT>/240822084904_M801C06L62G031_2673_end_extract/drive_18/03
6,"The surrounding area includes trees, power lines, and various signs, indicating a typical city street scene.",0,10.0,0.165,False,<DATASET_ROOT>/240822084904_M801C06L62G031_2673_end_extract/drive_18/03
7,"The overall visibility is excellent, with no obstructions, and the weather is sunny with clear skies.",4,45.6,0.0399,False,<DATASET_ROOT>/240822084904_M801C06L62G031_2673_end_extract/drive_18/03
0,"The ego-vehicle is driving on a multi-lane city street during the daytime, with the road surface appearing wet from recent rainfall.",1,18.9,0.2389,False,<DATASET_ROOT>/241018130234_M801C06L62G031_2673_end_extract/drive_8/04
1,"Raindrops are visible on the windshield, creating a blurred, bokeh effect that obscures the view to some extent.",3,36.7,0.9758,False,<DATASET_ROOT>/241018130234_M801C06L62G031_2673_end_extract/drive_8/04
2,"The vehicle is moving forward along a multi-lane highway, with the lane in front of the ego-vehicle being a central, wide roadway.",2,27.8,0.15,False,<DATASET_ROOT>/241018130234_M801C06L62G031_2673_end_extract/drive_8/04
3,"Other vehicles are visible in adjacent lanes, including a white sedan on the right side and a dark-colored car in the left lane.",5,54.4,0.653,False,<DATASET_ROOT>/241018130234_M801C06L62G031_2673_end_extract/drive_8/04
4,"The road is lined with trees and buildings on both sides, and a metal overpass spans across the road above.",6,63.3,0.9688,True,<DATASET_ROOT>/241018130234_M801C06L62G031_2673_end_extract/drive_8/04
5,"The traffic flow is moderate, with vehicles maintaining a steady pace.",9,90.0,0.1008,False,<DATASET_ROOT>/241018130234_M801C06L62G031_2673_end_extract/drive_8/04
6,"The surrounding environment features various signs and streetlights, and the overall scene suggests a typical urban setting during a rainy day.",5,54.4,0.007,False,<DATASET_ROOT>/241018130234_M801C06L62G031_2673_end_extract/drive_8/04
7,"The ego-vehicle is following the flow of traffic, maintaining a consistent speed and direction.",1,18.9,0.0147,False,<DATASET_ROOT>/241018130234_M801C06L62G031_2673_end_extract/drive_8/04
0,The ego-vehicle is moving straight along a three-lane city street under a cloudy sky.,4,45.6,0.334,False,<DATASET_ROOT>/240322135559_M801C06L62G031_2673_end_extract/drive_3/04
1,"The road is clear and well-maintained, with white lane markings dividing the lanes.",4,45.6,0.8835,False,<DATASET_ROOT>/240322135559_M801C06L62G031_2673_end_extract/drive_3/04
2,"On the right side of the road, there is a construction area with a large orange and white truck and a worker in a red vest and hard hat, indicating ongoing work.",0,10.0,0.0116,False,<DATASET_ROOT>/240322135559_M801C06L62G031_2673_end_extract/drive_3/04
3,"The left side of the road features a mix of vehicles, including a black sedan, a white SUV, and a black sports car, all traveling in the same direction.",1,18.9,0.9974,False,<DATASET_ROOT>/240322135559_M801C06L62G031_2673_end_extract/drive_3/04
4,A white van and a scooter pass by on the left side of the road.,8,81.1,0.1037,True,<DATASET_ROOT>/240322135559_M801C06L62G031_2673_end_extract/drive_3/04
5,"The road is lined with bare trees and modern buildings in the background, with a billboard visible above the road.",7,72.2,0.9878,False,<DATASET_ROOT>/240322135559_M801C06L62G031_2673_end_extract/drive_3/04
6,"The camera captures the scene from the perspective of the ego-vehicle, which is moving steadily forward.",3,36.7,0.4145,False,<DATASET_ROOT>/240322135559_M801C06L62G031_2673_end_extract/drive_3/04
0,"The ego-vehicle is moving straight along a three-lane city street, with the road surface appearing clear and well-maintained.",7,72.2,0.7189,False,<DATASET_ROOT>/240530090206_M801C06L62G031_2673_end_extract/drive_30/02
1,"The road is lined with a mix of modern high-rise buildings and smaller commercial structures, and the surrounding environment is bustling with urban activity.",9,90.0,0.7563,False,<DATASET_ROOT>/240530090206_M801C06L62G031_2673_end_extract/drive_30/02
2,"The ego-vehicle is traveling in the right lane, and as it advances, it passes a blue bus marked with the route number 314, which is moving in the opposite direction.",4,45.6,0.9987,True,<DATASET_ROOT>/240530090206_M801C06L62G031_2673_end_extract/drive_30/02
3,"The bus is moving along the same road, and the vehicle's perspective suggests that it is following the bus.",6,63.3,0.9361,False,<DATASET_ROOT>/240530090206_M801C06L62G031_2673_end_extract/drive_30/02
4,"The road is divided into lanes by white and blue markings, and the surrounding area is filled with various signs and advertisements, including one that reads ""국토교통부"" (Ministry of Land, Infrastructure and Transport).",2,27.8,0.9098,False,<DATASET_ROOT>/240530090206_M801C06L62G031_2673_end_extract/drive_30/02
5,"The sky is bright and sunny, and the overall visibility is excellent, allowing for clear sight of the vehicles and surrounding infrastructure.",6,63.3,0.3666,False,<DATASET_ROOT>/240530090206_M801C06L62G031_2673_end_extract/drive_30/02
0,"The ego-vehicle is moving straight along a two-lane city street during the daytime, with clear road conditions and bright sunlight.",4,45.6,0.216,False,<DATASET_ROOT>/240530090206_M801C06L62G031_2673_end_extract/drive_11/01
1,"The road is marked with white lane dividers and a solid yellow line on the left, indicating a dedicated lane for traffic.",7,72.2,0.8232,False,<DATASET_ROOT>/240530090206_M801C06L62G031_2673_end_extract/drive_11/01
2,"The road is flanked by trees and modern buildings, including a large structure with multiple advertisements.",6,63.3,0.4255,False,<DATASET_ROOT>/240530090206_M801C06L62G031_2673_end_extract/drive_11/01
3,"A white car is visible in the adjacent lane, and a red bus is seen approaching from the right side of the road.",9,90.0,0.9959,True,<DATASET_ROOT>/240530090206_M801C06L62G031_2673_end_extract/drive_11/01
4,"The traffic flow is smooth, with several cars and a motorcycle passing by.",1,18.9,0.2575,True,<DATASET_ROOT>/240530090206_M801C06L62G031_2673_end_extract/drive_11/01
5,A pedestrian is walking on the sidewalk on the right side of the road.,1,18.9,0.583,False,<DATASET_ROOT>/240530090206_M801C06L62G031_2673_end_extract/drive_11/01
6,"The camera captures the scene from a front-facing perspective, providing a clear view of the road ahead.",2,27.8,0.9469,False,<DATASET_ROOT>/240530090206_M801C06L62G031_2673_end_extract/drive_11/01
0,"The ego-vehicle is moving straight along a three-lane city street, with clear lane markings and a well-defined road surface.",7,72.2,0.5503,False,<DATASET_ROOT>/240529140943_M801C06L62G031_2673_end_extract/drive_16/01
1,"The road is lined with a mix of modern high-rise buildings and lower commercial structures, some of which feature signage in Korean.",9,90.0,0.9838,False,<DATASET_ROOT>/240529140943_M801C06L62G031_2673_end_extract/drive_16/01
2,"The sun is shining brightly, casting distinct shadows and creating a well-lit environment.",3,36.7,0.1598,False,<DATASET_ROOT>/240529140943_M801C06L62G031_2673_end_extract/drive_16/01
3,"As the vehicle progresses, it passes by a variety of vehicles, including a silver sedan in the adjacent lane, a yellow van, and a motorcycle on the left side.",0,10.0,0.1874,True,<DATASET_ROOT>/240529140943_M801C06L62G031_2673_end_extract/drive_16/01
4,"On the right side of the road, there are several parked cars and a few pedestrians.",3,36.7,0.2932,False,<DATASET_ROOT>/240529140943_M801C06L62G031_2673_end_extract/drive_16/01
5,"The road is relatively clear, with no visible congestion or traffic lights in the immediate vicinity.",2,27.8,0.572,False,<DATASET_ROOT>/240529140943_M801C06L62G031_2673_end_extract/drive_16/01
6,The overall scene suggests a typical urban setting during the daytime.,4,45.6,0.2014,False,<DATASET_ROOT>/240529140943_M801C06L62G031_2673_end_extract/drive_16/01
0,The ego-vehicle is driving at a steady pace through a three-lane road intersection on a sunny day with a clear blue sky and scattered white clouds.,4,45.6,0.9719,False,<DATASET_ROOT>/240822084904_M801C06L62G031_2673_end_extract/drive_23/03
1,"The road is well-maintained with visible lane markings, including white dashed lines and a red arrow indicating a turn.",4,45.6,0.4811,True,<DATASET_ROOT>/240822084904_M801C06L62G031_2673_end_extract/drive_23/03
2,"As the vehicle moves forward, it approaches an intersection where multiple lanes converge.",4,45.6,0.5736,True,<DATASET_ROOT>/240822084904_M801C06L62G031_2673_end_extract/drive_23/03
3,"On the right side of the road, a construction zone is evident with orange traffic cones and a yellow excavator parked near a signboard that reads ""부산고속버스"" (Bus Terminal), suggesting a nearby transportation hub.",7,72.2,0.5256,False,<DATASET_ROOT>/240822084904_M801C06L62G031_2673_end_extract/drive_23/03
4,"The surrounding area features modern buildings, green trees, and utility poles with overhead wires.",4,45.6,0.369,False,<DATASET_ROOT>/240822084904_M801C06L62G031_2673_end_extract/drive_23/03
5,"The vehicle maintains a consistent speed and trajectory, navigating the intersection with the flow of traffic, including cars and a white van on the right.",3,36.7,0.5154,True,<DATASET_ROOT>/240822084904_M801C06L62G031_2673_end_extract/drive_23/03
6,"The scene is bright and clear, with no signs of adverse weather or road conditions.",6,63.3,0.3353,False,<DATASET_ROOT>/240822084904_M801C06L62G031_2673_end_extract/drive_23/03
0,"The video captures a front-view of an ego-vehicle driving down a city street on a wet, rainy day.",8,81.1,0.9485,False,<DATASET_ROOT>/240325141234_M801C06L62G031_2673_end_extract/drive_4/01
1,"The road is a two-lane city street with yellow double lines marking the center, and the road surface is slick from the rain.",6,63.3,0.9534,True,<DATASET_ROOT>/240325141234_M801C06L62G031_2673_end_extract/drive_4/01
2,"The ego-vehicle is moving straight ahead, following a white pickup truck in the adjacent lane.",0,10.0,0.5905,False,<DATASET_ROOT>/240325141234_M801C06L62G031_2673_end_extract/drive_4/01
3,"On the right side of the road, there are several vehicles, including a white police car and a white sedan, which are in motion.",1,18.9,0.9914,False,<DATASET_ROOT>/240325141234_M801C06L62G031_2673_end_extract/drive_4/01
4,"A black car is also visible on the right, and a white car is in the lane to the right of the ego-vehicle.",1,18.9,0.3128,False,<DATASET_ROOT>/240325141234_M801C06L62G031_2673_end_extract/drive_4/01
5,"A person wearing a yellow vest is standing on the sidewalk near a blue and white building with a sign that reads ""BANK OF KOREA."" The buildings on either side of the road are modern, with many windows, and the sky is overcast.",6,63.3,0.0405,False,<DATASET_ROOT>/240325141234_M801C06L62G031_2673_end_extract/drive_4/01
6,"The road is lined with trees, and the wet pavement reflects the light from the sky.",5,54.4,0.0288,False,<DATASET_ROOT>/240325141234_M801C06L62G031_2673_end_extract/drive_4/01
7,"The camera is positioned in the front of the ego-vehicle, and the view is slightly obscured by raindrops on the windshield.",5,54.4,0.2048,False,<DATASET_ROOT>/240325141234_M801C06L62G031_2673_end_extract/drive_4/01
0,"The ego-vehicle is moving straight along a city street, with a clear and well-maintained road surface.",7,72.2,0.1794,False,<DATASET_ROOT>/240529140943_M801C06L62G031_2673_end_extract/drive_29/01
1,"The road is multi-lane, with white lane markings and a clear separation between the lanes.",4,45.6,0.2734,False,<DATASET_ROOT>/240529140943_M801C06L62G031_2673_end_extract/drive_29/01
2,"The vehicle is in the middle of the road, traveling in the same direction as the other cars.",4,45.6,0.4747,False,<DATASET_ROOT>/240529140943_M801C06L62G031_2673_end_extract/drive_29/01
3,"On the right side of the road, there is a large building with a glass facade and a sign that reads ""서울시립도서관"" (Seoul City Library).",2,27.8,0.2427,False,<DATASET_ROOT>/240529140943_M801C06L62G031_2673_end_extract/drive_29/01
4,"The sun is shining brightly, creating a lens flare effect on the left side of the screen.",7,72.2,0.5966,False,<DATASET_ROOT>/240529140943_M801C06L62G031_2673_end_extract/drive_29/01
5,"There are several cars parked on the right side of the road, and a few pedestrians are visible on the sidewalk.",6,63.3,0.6337,False,<DATASET_ROOT>/240529140943_M801C06L62G031_2673_end_extract/drive_29/01
6,"The road is lined with traffic signs and streetlights, and the sky is clear and blue.",6,63.3,0.1264,False,<DATASET_ROOT>/240529140943_M801C06L62G031_2673_end_extract/drive_29/01
7,"The ego-vehicle is moving at a steady pace, and the traffic flow is smooth.",7,72.2,0.159,False,<DATASET_ROOT>/240529140943_M801C06L62G031_2673_end_extract/drive_29/01
8,The video is captured during the daytime with bright sunlight.,7,72.2,0.6985,False,<DATASET_ROOT>/240529140943_M801C06L62G031_2673_end_extract/drive_29/01
0,"The ego-vehicle is driving on a three-lane road under a tunnel, moving straight through the tunnel.",5,54.4,0.9691,False,<DATASET_ROOT>/240205094744_M801C06L62G031_2673_end_extract/drive_1/02
1,"The road is wet, with raindrops visible on the camera's lens, indicating rainy weather.",2,27.8,0.8418,False,<DATASET_ROOT>/240205094744_M801C06L62G031_2673_end_extract/drive_1/02
2,"The road is surrounded by trees and concrete walls, and the road signs indicate a speed limit of 50 km/h and a right turn sign.",5,54.4,0.929,True,<DATASET_ROOT>/240205094744_M801C06L62G031_2673_end_extract/drive_1/02
3,"The vehicle is in the middle lane, with other vehicles in the adjacent lanes.",5,54.4,0.3273,False,<DATASET_ROOT>/240205094744_M801C06L62G031_2673_end_extract/drive_1/02
4,"The traffic is moving in the same direction, with cars and a bicycle visible in the distance.",5,54.4,0.06,False,<DATASET_ROOT>/240205094744_M801C06L62G031_2673_end_extract/drive_1/02
5,"The ego-vehicle is moving forward through the tunnel, with the tunnel's interior lights visible.",9,90.0,0.9703,False,<DATASET_ROOT>/240205094744_M801C06L62G031_2673_end_extract/drive_1/02
0,The video captures a front-view ego-vehicle navigating a roundabout on a single-lane road that is wet from recent rain.,0,10.0,0.9961,True,<DATASET_ROOT>/240325141234_M801C06L62G031_2673_end_extract/drive_6/03
1,"The road is lined with bare trees and urban infrastructure, including streetlights and buildings, suggesting a city environment.",2,27.8,0.6039,False,<DATASET_ROOT>/240325141234_M801C06L62G031_2673_end_extract/drive_6/03
2,"The camera is positioned inside the vehicle, with raindrops visible on the windshield, indicating rainy weather.",5,54.4,0.153,False,<DATASET_ROOT>/240325141234_M801C06L62G031_2673_end_extract/drive_6/03
3,"As the vehicle moves, it turns left, passing through the roundabout.",1,18.9,0.8698,True,<DATASET_ROOT>/240325141234_M801C06L62G031_2673_end_extract/drive_6/03
4,"The road surface appears slick, with white lane markings and a visible crosswalk.",1,18.9,0.4678,True,<DATASET_ROOT>/240325141234_M801C06L62G031_2673_end_extract/drive_6/03
5,"A white car is seen approaching the roundabout from the opposite direction, while a black van is seen turning right from the opposite lane.",1,18.9,0.9261,True,<DATASET_ROOT>/240325141234_M801C06L62G031_2673_end_extract/drive_6/03
6,"The road is marked with various signs, including a green traffic sign and a white banner with text.",3,36.7,0.0535,False,<DATASET_ROOT>/240325141234_M801C06L62G031_2673_end_extract/drive_6/03
7,"The sky is overcast, and the overall lighting is dim, consistent with a daytime setting.",7,72.2,0.2873,False,<DATASET_ROOT>/240325141234_M801C06L62G031_2673_end_extract/drive_6/03
8,The vehicle's motion is smooth and continuous throughout the 10-second clip.,0,10.0,0.5556,False,<DATASET_ROOT>/240325141234_M801C06L62G031_2673_end_extract/drive_6/03
0,"The ego-vehicle is driving along a three-lane city street during the daytime, with the road surface appearing wet from recent rainfall.",2,27.8,0.3836,False,<DATASET_ROOT>/241018130234_M801C06L62G031_2673_end_extract/drive_6/03
1,"Raindrops are visible on the camera's windshield, indicating ongoing precipitation.",5,54.4,0.9005,False,<DATASET_ROOT>/241018130234_M801C06L62G031_2673_end_extract/drive_6/03
2,"The vehicle is moving forward, maintaining a steady trajectory through the urban environment.",9,90.0,0.2826,False,<DATASET_ROOT>/241018130234_M801C06L62G031_2673_end_extract/drive_6/03
3,"The road is lined with modern buildings, including a prominent structure with a sign that reads ""Self-Service,"" and a restaurant with Chinese characters on its facade.",0,10.0,0.1044,False,<DATASET_ROOT>/241018130234_M801C06L62G031_2673_end_extract/drive_6/03
4,"A crosswalk is visible ahead, with vehicles in the adjacent lanes moving in both directions.",4,45.6,0.0604,True,<DATASET_ROOT>/241018130234_M801C06L62G031_2673_end_extract/drive_6/03
5,"The traffic flow is moderate, with several cars and a truck visible on the road.",9,90.0,0.0479,False,<DATASET_ROOT>/241018130234_M801C06L62G031_2673_end_extract/drive_6/03
6,"The surrounding area includes trees and streetlights, contributing to the cityscape.",3,36.7,0.1846,False,<DATASET_ROOT>/241018130234_M801C06L62G031_2673_end_extract/drive_6/03
7,"The ego-vehicle continues to navigate the wet road, maintaining its position within the lane as it approaches an intersection.",0,10.0,0.0492,True,<DATASET_ROOT>/241018130234_M801C06L62G031_2673_end_extract/drive_6/03
0,"The ego-vehicle is moving straight along a multi-lane highway on a clear, sunny day, with the road conditions appearing smooth and well-maintained.",7,72.2,0.1529,False,<DATASET_ROOT>/240529140943_M801C06L62G031_2673_end_extract/drive_26/04
1,"The road is divided into multiple lanes, with white dashed lines marking the lanes and a solid white line separating the lanes.",7,72.2,0.9584,False,<DATASET_ROOT>/240529140943_M801C06L62G031_2673_end_extract/drive_26/04
2,"The vehicle is traveling on a relatively empty road, with a few cars visible in the distance, including a white SUV and a black sedan.",5,54.4,0.4213,False,<DATASET_ROOT>/240529140943_M801C06L62G031_2673_end_extract/drive_26/04
3,"On the left side of the road, there are several parked cars and a variety of buildings, including a prominent Starbucks and a building with a sign that reads ""서울정장의"".",9,90.0,0.9269,False,<DATASET_ROOT>/240529140943_M801C06L62G031_2673_end_extract/drive_26/04
4,"The road is flanked by buildings and trees, with a large blue sign indicating the direction to ""대전시청"" (Daegu City Hall) and ""KIDS"" in the distance.",1,18.9,0.6803,False,<DATASET_ROOT>/240529140943_M801C06L62G031_2673_end_extract/drive_26/04
5,"The sky is clear with a few clouds, and the sun is shining brightly, casting shadows on the road.",9,90.0,0.9095,False,<DATASET_ROOT>/240529140943_M801C06L62G031_2673_end_extract/drive_26/04
6,"The vehicle is moving at a steady pace, with no significant changes in speed or direction.",3,36.7,0.5008,False,<DATASET_ROOT>/240529140943_M801C06L62G031_2673_end_extract/drive_26/04
0,"The ego-vehicle is moving straight along a two-lane road that is clear and well-maintained, with a yellow line marking the center of the road and white crosswalk markings on the left side.",2,27.8,0.9416,True,<DATASET_ROOT>/240530090206_M801C06L62G031_2673_end_extract/drive_16/03
1,"The road is flanked by green trees and bushes on both sides, and a hill covered with trees is visible in the background.",9,90.0,0.8989,False,<DATASET_ROOT>/240530090206_M801C06L62G031_2673_end_extract/drive_16/03
2,"A white car is visible ahead, driving in the same direction.",9,90.0,0.811,False,<DATASET_ROOT>/240530090206_M801C06L62G031_2673_end_extract/drive_16/03
3,"As the vehicle approaches a tunnel entrance, the road becomes darker, and the tunnel entrance is visible with a concrete arch structure.",5,54.4,0.9953,True,<DATASET_ROOT>/240530090206_M801C06L62G031_2673_end_extract/drive_16/03
4,"The vehicle continues forward and enters the tunnel, where the lighting is dim.",7,72.2,0.9974,True,<DATASET_ROOT>/240530090206_M801C06L62G031_2673_end_extract/drive_16/03
5,"The vehicle emerges from the tunnel and continues driving on the road, which is lined with streetlights and signs.",3,36.7,0.9931,True,<DATASET_ROOT>/240530090206_M801C06L62G031_2673_end_extract/drive_16/03
6,"The weather is sunny, and the sky is clear, with the sun shining brightly on the road.",8,81.1,0.7152,False,<DATASET_ROOT>/240530090206_M801C06L62G031_2673_end_extract/drive_16/03
7,"The road is not crowded, and the traffic flow is smooth.",0,10.0,0.306,False,<DATASET_ROOT>/240530090206_M801C06L62G031_2673_end_extract/drive_16/03
0,"The ego-vehicle is moving straight along a three-lane city street on a clear, sunny day.",6,63.3,0.9315,False,<DATASET_ROOT>/240529140943_M801C06L62G031_2673_end_extract/drive_15/03
1,The road is well-maintained with distinct white lane markings and a solid yellow line separating the lanes.,4,45.6,0.8837,False,<DATASET_ROOT>/240529140943_M801C06L62G031_2673_end_extract/drive_15/03
2,"On the left side of the road, there are parked vehicles, including a white hatchback and a red van, while the right side features a mix of commercial buildings and trees.",3,36.7,0.447,False,<DATASET_ROOT>/240529140943_M801C06L62G031_2673_end_extract/drive_15/03
3,"A prominent purple sign advertising a ""SALE"" is visible on a building on the left.",1,18.9,0.9875,False,<DATASET_ROOT>/240529140943_M801C06L62G031_2673_end_extract/drive_15/03
4,The road is lined with streetlights and a few pedestrians are visible on the sidewalk.,5,54.4,0.4131,False,<DATASET_ROOT>/240529140943_M801C06L62G031_2673_end_extract/drive_15/03
5,"As the vehicle progresses, it approaches an intersection where a white sedan is waiting at the crosswalk.",9,90.0,0.9412,True,<DATASET_ROOT>/240529140943_M801C06L62G031_2673_end_extract/drive_15/03
6,"The intersection has traffic lights that are currently red, and the vehicle continues forward, passing the sedan.",8,81.1,0.6827,True,<DATASET_ROOT>/240529140943_M801C06L62G031_2673_end_extract/drive_15/03
7,"The surrounding area is urban, with buildings of various heights and architectural styles, and the sky is clear with no clouds.",5,54.4,0.2156,False,<DATASET_ROOT>/240529140943_M801C06L62G031_2673_end_extract/drive_15/03
0,"The ego-vehicle is moving straight along a multi-lane city street, navigating through a dense traffic flow.",1,18.9,0.2182,True,<DATASET_ROOT>/240205094744_M801C06L62G031_2673_end_extract/drive_3/04
1,"The road is wet, as evidenced by the reflections on the asphalt and the visible raindrops on the camera lens, which also obscure the view slightly.",3,36.7,0.3391,False,<DATASET_ROOT>/240205094744_M801C06L62G031_2673_end_extract/drive_3/04
2,"The road is a multi-lane highway with clear lane markings, including a white dashed line dividing the lanes and a solid white line marking the edge of the road.",9,90.0,0.0387,False,<DATASET_ROOT>/240205094744_M801C06L62G031_2673_end_extract/drive_3/04
3,"The surrounding area is lined with modern buildings and some trees, indicating an urban environment.",9,90.0,0.3825,False,<DATASET_ROOT>/240205094744_M801C06L62G031_2673_end_extract/drive_3/04
4,"Various vehicles, including sedans, SUVs, and a large white truck, are present in the adjacent lanes, with some vehicles changing lanes or stopping.",6,63.3,0.1842,True,<DATASET_ROOT>/240205094744_M801C06L62G031_2673_end_extract/drive_3/04
5,"The traffic appears to be moderately congested, with cars moving slowly due to the rain.",8,81.1,0.1949,False,<DATASET_ROOT>/240205094744_M801C06L62G031_2673_end_extract/drive_3/04
6,"The sky is overcast, suggesting a rainy day, and the overall visibility is somewhat reduced by the rain and the wet road surface.",8,81.1,0.1299,False,<DATASET_ROOT>/240205094744_M801C06L62G031_2673_end_extract/drive_3/04
7,"The ego-vehicle maintains a steady pace, following the flow of traffic as it progresses down the road.",4,45.6,0.034,False,<DATASET_ROOT>/240205094744_M801C06L62G031_2673_end_extract/drive_3/04
0,"The video captures a front-view ego-vehicle driving through a busy urban intersection on a wet, rainy day.",1,18.9,0.5879,False,<DATASET_ROOT>/240325141234_M801C06L62G031_2673_end_extract/drive_2/01
1,"The road is a three-lane road with a yellow dividing line in the center, and the road surface appears slick from the rain.",1,18.9,0.3832,True,<DATASET_ROOT>/240325141234_M801C06L62G031_2673_end_extract/drive_2/01
2,"The intersection is surrounded by modern buildings, including high-rise structures with glass facades, and lower commercial buildings with signage.",6,63.3,0.1047,False,<DATASET_ROOT>/240325141234_M801C06L62G031_2673_end_extract/drive_2/01
3,"A crosswalk with white stripes is visible in the center of the road, and traffic lights are present at the intersection.",6,63.3,0.6046,True,<DATASET_ROOT>/240325141234_M801C06L62G031_2673_end_extract/drive_2/01
4,"The ego-vehicle is moving forward, and its motion is observed as it navigates through the traffic.",5,54.4,0.2356,True,<DATASET_ROOT>/240325141234_M801C06L62G031_2673_end_extract/drive_2/01
5,"Several vehicles, including cars, a white van, a blue bus, and a red delivery truck, are seen moving in the opposite direction or on adjacent lanes.",9,90.0,0.3659,False,<DATASET_ROOT>/240325141234_M801C06L62G031_2673_end_extract/drive_2/01
6,"The sky is overcast, and the overall visibility is somewhat reduced due to the rain.",1,18.9,0.1031,False,<DATASET_ROOT>/240325141234_M801C06L62G031_2673_end_extract/drive_2/01
7,"The camera is positioned from the perspective of the ego-vehicle, and the view is partially obscured by raindrops on the windshield.",1,18.9,0.0185,False,<DATASET_ROOT>/240325141234_M801C06L62G031_2673_end_extract/drive_2/01
0,"The ego-vehicle is moving straight along a two-lane city street on a clear, sunny day.",9,90.0,0.5582,False,<DATASET_ROOT>/240822084904_M801C06L62G031_2673_end_extract/drive_5/01
1,"The road is paved and well-maintained, with a yellow dividing line running down the center.",5,54.4,0.9888,True,<DATASET_ROOT>/240822084904_M801C06L62G031_2673_end_extract/drive_5/01
2,"The left lane is marked with a solid white line, while the right lane has a dashed white line.",8,81.1,0.8575,False,<DATASET_ROOT>/240822084904_M801C06L62G031_2673_end_extract/drive_5/01
3,"The road is flanked by lush green trees and vegetation on both sides, with a few buildings and utility poles visible in the distance.",9,90.0,0.9905,False,<DATASET_ROOT>/240822084904_M801C06L62G031_2673_end_extract/drive_5/01
4,"A motorcycle is seen in the right lane, traveling in the same direction as the ego-vehicle.",3,36.7,0.9038,False,<DATASET_ROOT>/240822084904_M801C06L62G031_2673_end_extract/drive_5/01
5,"A white car is visible ahead, and the road is mostly clear of traffic, with only a few vehicles present.",9,90.0,0.8135,False,<DATASET_ROOT>/240822084904_M801C06L62G031_2673_end_extract/drive_5/01
6,"The sky is bright blue with scattered white clouds, and the sunlight casts shadows of the trees and road markings.",9,90.0,0.9979,False,<DATASET_ROOT>/240822084904_M801C06L62G031_2673_end_extract/drive_5/01
7,"The ego-vehicle is maintaining a steady speed and is positioned in the center of the road, moving forward through the scene.",1,18.9,0.038,True,<DATASET_ROOT>/240822084904_M801C06L62G031_2673_end_extract/drive_5/01
0,"The ego-vehicle is moving straight through a multi-lane highway intersection on a sunny day, with clear road conditions and visible lane markings.",1,18.9,0.0266,False,<DATASET_ROOT>/240529140943_M801C06L62G031_2673_end_extract/drive_26/03
1,"The road is lined with modern buildings and commercial establishments, including a Subway restaurant and a K-pop store, indicating a bustling urban environment.",4,45.6,0.7122,False,<DATASET_ROOT>/240529140943_M801C06L62G031_2673_end_extract/drive_26/03
2,"As the vehicle progresses, it approaches a crosswalk and a traffic light, which is currently green, allowing it to continue forward.",6,63.3,0.1254,True,<DATASET_ROOT>/240529140943_M801C06L62G031_2673_end_extract/drive_26/03
3,"The surrounding traffic is moderate, with several cars and a yellow taxi passing by in the adjacent lanes.",0,10.0,0.9582,True,<DATASET_ROOT>/240529140943_M801C06L62G031_2673_end_extract/drive_26/03
4,"The road is well-maintained with clear white and yellow markings, and the sky is bright and clear, suggesting good visibility.",4,45.6,0.9329,False,<DATASET_ROOT>/240529140943_M801C06L62G031_2673_end_extract/drive_26/03
5,"The video captures the smooth flow of traffic and the urban landscape, emphasizing the dynamic nature of city life.",0,10.0,0.9213,False,<DATASET_ROOT>/240529140943_M801C06L62G031_2673_end_extract/drive_26/03
0,The video captures a front-view ego-vehicle driving through a busy urban intersection on a wet day.,6,63.3,0.9323,False,<DATASET_ROOT>/240325141234_M801C06L62G031_2673_end_extract/drive_2/02
1,"The road is a three-lane road with a yellow dividing line, and the asphalt appears slick from the rain.",1,18.9,0.2642,False,<DATASET_ROOT>/240325141234_M801C06L62G031_2673_end_extract/drive_2/02
2,"The surrounding area is filled with modern buildings and lower residential structures, with traffic lights visible overhead.",7,72.2,0.1986,False,<DATASET_ROOT>/240325141234_M801C06L62G031_2673_end_extract/drive_2/02
3,"The weather is rainy, as evidenced by the water droplets on the camera lens and the wet road surface.",1,18.9,0.4799,False,<DATASET_ROOT>/240325141234_M801C06L62G031_2673_end_extract/drive_2/02
4,"The ego-vehicle is in the middle of the intersection, and it is moving forward at a steady pace.",6,63.3,0.1658,False,<DATASET_ROOT>/240325141234_M801C06L62G031_2673_end_extract/drive_2/02
5,"The traffic flow is active, with cars, a white sedan, a black SUV, a white taxi, and a motorcycle passing by on the right side of the road.",6,63.3,0.4613,True,<DATASET_ROOT>/240325141234_M801C06L62G031_2673_end_extract/drive_2/02
6,"The road has white crosswalk markings, and the intersection is surrounded by various signs and streetlights.",7,72.2,0.0222,True,<DATASET_ROOT>/240325141234_M801C06L62G031_2673_end_extract/drive_2/02
7,"The scene is illuminated by natural daylight, and the overall atmosphere is one of a typical city day with moderate traffic.",2,27.8,0.3489,False,<DATASET_ROOT>/240325141234_M801C06L62G031_2673_end_extract/drive_2/02
0,"The ego-vehicle is moving straight on a two-lane road, which is lined with lush green trees and a few buildings on the right side.",5,54.4,0.72,False,<DATASET_ROOT>/240822084904_M801C06L62G031_2673_end_extract/drive_1/04
1,"The road is clear and well-maintained, with visible lane markings and a crosswalk in the middle.",8,81.1,0.925,True,<DATASET_ROOT>/240822084904_M801C06L62G031_2673_end_extract/drive_1/04
2,"As the vehicle approaches the intersection, it passes a white car on the left and a white truck on the right, both of which are moving in the opposite direction.",8,81.1,0.8463,True,<DATASET_ROOT>/240822084904_M801C06L62G031_2673_end_extract/drive_1/04
3,"The intersection features a traffic light and a blue sign indicating the direction to ""Gyeonggi-do."" The sky is bright and sunny, casting shadows from the trees and buildings, and the overall scene is calm and orderly.",5,54.4,0.8021,False,<DATASET_ROOT>/240822084904_M801C06L62G031_2673_end_extract/drive_1/04
0,"A front-view ego-vehicle is driving along a multi-lane city street during the daytime, with clear and sunny weather.",9,90.0,0.8834,False,<DATASET_ROOT>/240530090206_M801C06L62G031_2673_end_extract/drive_15/02
1,"The road is a wide, multi-lane highway with white lane markings and a yellow dividing line on the right side.",2,27.8,0.9279,False,<DATASET_ROOT>/240530090206_M801C06L62G031_2673_end_extract/drive_15/02
2,"The vehicle is moving forward and turns right at an intersection, passing through a crosswalk with a white arrow indicating the direction of travel.",5,54.4,0.9639,True,<DATASET_ROOT>/240530090206_M801C06L62G031_2673_end_extract/drive_15/02
3,"The surrounding area features modern buildings, including high-rise apartments and commercial structures, with trees and greenery lining the road.",1,18.9,0.9782,False,<DATASET_ROOT>/240530090206_M801C06L62G031_2673_end_extract/drive_15/02
4,"Traffic flows smoothly, with several cars, including a white van and a black SUV, moving in the same direction.",5,54.4,0.6882,False,<DATASET_ROOT>/240530090206_M801C06L62G031_2673_end_extract/drive_15/02
5,"A red bus and a motorcycle are visible in the distance, and a blue traffic sign indicating a speed limit of 50 km/h is present.",2,27.8,0.0354,False,<DATASET_ROOT>/240530090206_M801C06L62G031_2673_end_extract/drive_15/02
6,"The road appears well-maintained with no visible debris or damage, and the overall scene is bright and clear.",9,90.0,0.6129,False,<DATASET_ROOT>/240530090206_M801C06L62G031_2673_end_extract/drive_15/02
0,"The ego-vehicle is moving straight on a three-lane road, with clear lane markings and a designated speed limit of 50 km/h.",0,10.0,0.4571,False,<DATASET_ROOT>/240530090206_M801C06L62G031_2673_end_extract/drive_3/02
1,"The road is surrounded by tall buildings and trees, and the sky is overcast with a hint of sunlight.",0,10.0,0.9613,False,<DATASET_ROOT>/240530090206_M801C06L62G031_2673_end_extract/drive_3/02
2,"The vehicle is traveling in the middle lane, with cars on the left and right lanes.",9,90.0,0.914,False,<DATASET_ROOT>/240530090206_M801C06L62G031_2673_end_extract/drive_3/02
3,"A blue bus is visible on the right side of the road, moving in the same direction as the ego-vehicle.",2,27.8,0.9055,False,<DATASET_ROOT>/240530090206_M801C06L62G031_2673_end_extract/drive_3/02
4,"The road is clear and well-maintained, with no visible obstructions or accidents.",5,54.4,0.5248,False,<DATASET_ROOT>/240530090206_M801C06L62G031_2673_end_extract/drive_3/02
5,"The camera is positioned at the front of the vehicle, providing a forward-facing view of the road ahead.",3,36.7,0.7238,False,<DATASET_ROOT>/240530090206_M801C06L62G031_2673_end_extract/drive_3/02
6,"The vehicle's motion is steady and consistent throughout the 10-second clip, with no abrupt changes in speed or direction.",3,36.7,0.3107,False,<DATASET_ROOT>/240530090206_M801C06L62G031_2673_end_extract/drive_3/02
7,"The surrounding traffic is moderate, with a few cars and buses passing by.",8,81.1,0.8621,True,<DATASET_ROOT>/240530090206_M801C06L62G031_2673_end_extract/drive_3/02
8,"The road conditions are clear, and the weather appears to be sunny, with the sky being bright and clear.",5,54.4,0.3876,False,<DATASET_ROOT>/240530090206_M801C06L62G031_2673_end_extract/drive_3/02
0,"The ego-vehicle is driving through a busy urban intersection during the daytime, with clear road conditions and a multi-lane highway setup.",7,72.2,0.5877,False,<DATASET_ROOT>/240322135559_M801C06L62G031_2673_end_extract/drive_20/03
1,"The scene is filled with various vehicles, including a white sedan in the direct path of the ego-vehicle, a silver sedan with a taxi sign on the roof, and a blue truck with a wooden box on its bed.",6,63.3,0.2976,False,<DATASET_ROOT>/240322135559_M801C06L62G031_2673_end_extract/drive_20/03
2,"Other vehicles, such as a green bus and a white SUV, are also present, contributing to the traffic flow.",6,63.3,0.9006,False,<DATASET_ROOT>/240322135559_M801C06L62G031_2673_end_extract/drive_20/03
3,"The road is marked with white lane lines and crosswalks, and the surrounding buildings feature modern architecture with large digital billboards.",2,27.8,0.6411,True,<DATASET_ROOT>/240322135559_M801C06L62G031_2673_end_extract/drive_20/03
4,"The sky is overcast, indicating rainy weather, and the vehicles are navigating through the intersection with moderate speed.",9,90.0,0.4112,True,<DATASET_ROOT>/240322135559_M801C06L62G031_2673_end_extract/drive_20/03
5,"The ego-vehicle maintains a steady forward motion, moving straight through the intersection.",7,72.2,0.1817,False,<DATASET_ROOT>/240322135559_M801C06L62G031_2673_end_extract/drive_20/03
0,"The ego-vehicle is moving straight along a clear, three-lane city street during the daytime under sunny conditions.",4,45.6,0.9476,False,<DATASET_ROOT>/240529140943_M801C06L62G031_2673_end_extract/drive_14/04
1,"The road is lined with lush green trees on both sides, providing shade and a pleasant urban atmosphere.",1,18.9,0.9756,False,<DATASET_ROOT>/240529140943_M801C06L62G031_2673_end_extract/drive_14/04
2,"The road is well-maintained with visible lane markings, including a solid yellow line in the center and white arrows indicating traffic flow.",5,54.4,0.874,True,<DATASET_ROOT>/240529140943_M801C06L62G031_2673_end_extract/drive_14/04
3,"On the left side, there are parked cars and a few commercial buildings, while on the right, there are taller residential buildings.",7,72.2,0.3467,False,<DATASET_ROOT>/240529140943_M801C06L62G031_2673_end_extract/drive_14/04
4,"A yellow bus is seen approaching from the left, and a few other vehicles, including a white sedan and a black SUV, are visible in the distance.",9,90.0,0.961,True,<DATASET_ROOT>/240529140943_M801C06L62G031_2673_end_extract/drive_14/04
5,"The road is relatively empty, with minimal traffic, and the camera maintains a steady forward motion, capturing the smooth flow of vehicles and the surrounding urban environment.",7,72.2,0.9275,False,<DATASET_ROOT>/240529140943_M801C06L62G031_2673_end_extract/drive_14/04
0,"The ego-vehicle is driving on a multi-lane highway during the daytime, with the road surface appearing wet from recent rain, indicated by the visible water droplets on the windshield.",1,18.9,0.9955,False,<DATASET_ROOT>/241018130234_M801C06L62G031_2673_end_extract/drive_8/02
1,"The vehicle is moving forward through a traffic flow that includes several other cars, some of which are approaching an intersection.",7,72.2,0.5753,True,<DATASET_ROOT>/241018130234_M801C06L62G031_2673_end_extract/drive_8/02
2,"The road is lined with trees on both sides, and a white dashed line is visible on the road, marking the lane boundaries.",5,54.4,0.3845,False,<DATASET_ROOT>/241018130234_M801C06L62G031_2673_end_extract/drive_8/02
3,"The traffic light ahead is green, allowing the vehicle to proceed.",6,63.3,0.2459,False,<DATASET_ROOT>/241018130234_M801C06L62G031_2673_end_extract/drive_8/02
4,"The vehicle maintains a steady position in its lane as it navigates the highway, with the surrounding traffic flowing smoothly.",5,54.4,0.0984,True,<DATASET_ROOT>/241018130234_M801C06L62G031_2673_end_extract/drive_8/02
5,"The road condition is clearly wet, and the visibility is slightly reduced due to the rain, though the overall scene remains clear enough to identify road markings and other vehicles.",5,54.4,0.6472,False,<DATASET_ROOT>/241018130234_M801C06L62G031_2673_end_extract/drive_8/02
0,"The ego-vehicle is driving straight along a three-lane city street during the daytime, with clear and sunny weather.",3,36.7,0.8184,False,<DATASET_ROOT>/240529140943_M801C06L62G031_2673_end_extract/drive_10/01
1,"The road is lined with tall buildings on both sides, and the lanes are marked with white lines and a yellow dividing line on the right.",5,54.4,0.9903,False,<DATASET_ROOT>/240529140943_M801C06L62G031_2673_end_extract/drive_10/01
2,"The vehicle is in the middle lane, with a white sedan ahead and a black SUV on the left.",0,10.0,0.857,False,<DATASET_ROOT>/240529140943_M801C06L62G031_2673_end_extract/drive_10/01
3,"A blue bus is visible on the left side of the road, and a yellow and black taxi is approaching from the left.",4,45.6,0.8049,True,<DATASET_ROOT>/240529140943_M801C06L62G031_2673_end_extract/drive_10/01
4,"The road is busy with traffic, and the camera moves forward, capturing the traffic flow and the surrounding urban environment.",3,36.7,0.9068,False,<DATASET_ROOT>/240529140943_M801C06L62G031_2673_end_extract/drive_10/01
5,"A green sign with the word ""T"" is visible on the right side of the road, and a white wall with a green map is on the right side of the road.",0,10.0,0.8614,False,<DATASET_ROOT>/240529140943_M801C06L62G031_2673_end_extract/drive_10/01
6,"The road is clear and well-maintained, with no visible obstacles or debris.",6,63.3,0.3912,False,<DATASET_ROOT>/240529140943_M801C06L62G031_2673_end_extract/drive_10/01
7,"The ego-vehicle is moving steadily, and the traffic flow is smooth.",5,54.4,0.3704,False,<DATASET_ROOT>/240529140943_M801C06L62G031_2673_end_extract/drive_10/01
0,"The ego-vehicle is driving on a wet, three-lane city street during the daytime, with the road surface reflecting the overcast sky.",3,36.7,0.7524,False,<DATASET_ROOT>/241018130234_M801C06L62G031_2673_end_extract/drive_4/03
1,"Raindrops are visible on the windshield, indicating ongoing rainfall.",2,27.8,0.8713,False,<DATASET_ROOT>/241018130234_M801C06L62G031_2673_end_extract/drive_4/03
2,"The vehicle is moving straight ahead, maintaining a consistent speed as it navigates through the traffic.",3,36.7,0.1807,True,<DATASET_ROOT>/241018130234_M801C06L62G031_2673_end_extract/drive_4/03
3,"On the left side of the road, a large concrete overpass structure is visible, while the right side is lined with lush green trees and vegetation.",0,10.0,0.6759,True,<DATASET_ROOT>/241018130234_M801C06L62G031_2673_end_extract/drive_4/03
4,"Several vehicles are present on the road, including a black SUV in the adjacent lane, a white van approaching from the right, and a small white pickup truck further ahead.",8,81.1,0.9744,True,<DATASET_ROOT>/241018130234_M801C06L62G031_2673_end_extract/drive_4/03
5,"The road has clear lane markings, and the visibility is slightly reduced due to the rain.",8,81.1,0.6992,False,<DATASET_ROOT>/241018130234_M801C06L62G031_2673_end_extract/drive_4/03
6,"The surrounding environment appears to be a typical urban area with streetlights and signs, though specific details are not clearly visible.",6,63.3,0.0114,False,<DATASET_ROOT>/241018130234_M801C06L62G031_2673_end_extract/drive_4/03
7,The overall scene suggests a routine commute during adverse weather conditions.,5,54.4,0.2222,False,<DATASET_ROOT>/241018130234_M801C06L62G031_2673_end_extract/drive_4/03
0,"The ego-vehicle is moving straight along a clear, three-lane city street under a sunny sky with scattered clouds.",5,54.4,0.9971,False,<DATASET_ROOT>/240822084904_M801C06L62G031_2673_end_extract/drive_19/04
1,"The road is well-maintained with white lane markings, including arrows indicating traffic flow and a double yellow line separating the lanes.",6,63.3,0.8663,False,<DATASET_ROOT>/240822084904_M801C06L62G031_2673_end_extract/drive_19/04
2,"On the right side of the road, there are various buildings with commercial signage, including a prominent sign for a ""Hwabusa"" restaurant and other shops.",1,18.9,0.3813,False,<DATASET_ROOT>/240822084904_M801C06L62G031_2673_end_extract/drive_19/04
3,"Several cars are visible in the adjacent lanes, including a black sedan, a white sedan, and a silver sedan.",5,54.4,0.9572,False,<DATASET_ROOT>/240822084904_M801C06L62G031_2673_end_extract/drive_19/04
4,"A large white truck passes on the left side of the road, and a small white van is parked on the right.",7,72.2,0.8269,True,<DATASET_ROOT>/240822084904_M801C06L62G031_2673_end_extract/drive_19/04
5,"The traffic flow appears moderate, with vehicles moving in the same direction.",4,45.6,0.5152,False,<DATASET_ROOT>/240822084904_M801C06L62G031_2673_end_extract/drive_19/04
6,"The surrounding environment includes trees, power lines, and streetlights, indicating a typical urban setting.",9,90.0,0.1747,False,<DATASET_ROOT>/240822084904_M801C06L62G031_2673_end_extract/drive_19/04
7,"The visibility is excellent due to the bright sunlight, and the road surface appears dry and clear.",8,81.1,0.207,False,<DATASET_ROOT>/240822084904_M801C06L62G031_2673_end_extract/drive_19/04
0,"The ego-vehicle is moving straight on a three-lane city street during the daytime, with clear weather and bright sunlight.",9,90.0,0.6506,False,<DATASET_ROOT>/240529140943_M801C06L62G031_2673_end_extract/drive_14/02
1,"The road is lined with lush green trees on both sides, and the road surface appears smooth and well-maintained.",9,90.0,0.8279,False,<DATASET_ROOT>/240529140943_M801C06L62G031_2673_end_extract/drive_14/02
2,"The vehicle is in the rightmost lane, traveling alongside other cars, including a white sedan and a black sedan ahead.",2,27.8,0.9712,False,<DATASET_ROOT>/240529140943_M801C06L62G031_2673_end_extract/drive_14/02
3,"The road has a solid yellow line on the right side, separating the lanes, and a metal fence runs along the right edge of the road.",0,10.0,0.9922,False,<DATASET_ROOT>/240529140943_M801C06L62G031_2673_end_extract/drive_14/02
4,"Traffic is moderate, with several vehicles moving in the same direction.",0,10.0,0.6695,False,<DATASET_ROOT>/240529140943_M801C06L62G031_2673_end_extract/drive_14/02
5,"A blue overhead sign is visible ahead, indicating directions to ""대전선서로"" and ""한국농협,"" with a distance of 900 meters.",8,81.1,0.3572,False,<DATASET_ROOT>/240529140943_M801C06L62G031_2673_end_extract/drive_14/02
6,"The video captures the vehicle's steady forward motion, with the surrounding traffic and environment remaining consistent throughout the 10-second duration.",9,90.0,0.874,False,<DATASET_ROOT>/240529140943_M801C06L62G031_2673_end_extract/drive_14/02
0,"The ego-vehicle is moving straight along a two-lane road under a clear, sunny sky with a vibrant blue sky and scattered white clouds.",3,36.7,0.9962,False,<DATASET_ROOT>/240822084904_M801C06L62G031_2673_end_extract/drive_9/03
1,"The road is well-maintained with a solid yellow line on the left and a white line on the right, separating the lanes.",0,10.0,0.9524,False,<DATASET_ROOT>/240822084904_M801C06L62G031_2673_end_extract/drive_9/03
2,"On the left side of the road, there is a metal guardrail and a fence, while the right side features a concrete wall and some trees.",6,63.3,0.9961,False,<DATASET_ROOT>/240822084904_M801C06L62G031_2673_end_extract/drive_9/03
3,"The road is flanked by lush green trees and bushes, and overhead power lines are visible.",0,10.0,0.9474,False,<DATASET_ROOT>/240822084904_M801C06L62G031_2673_end_extract/drive_9/03
4,"A black car is seen ahead in the distance, and the road leads into a tunnel.",9,90.0,0.9949,False,<DATASET_ROOT>/240822084904_M801C06L62G031_2673_end_extract/drive_9/03
5,"As the vehicle approaches the tunnel, the lighting becomes dimmer, and the road appears to be straight and clear.",9,90.0,0.9977,True,<DATASET_ROOT>/240822084904_M801C06L62G031_2673_end_extract/drive_9/03
6,"The vehicle continues to move forward, passing under the tunnel and emerging into bright daylight.",9,90.0,0.9938,True,<DATASET_ROOT>/240822084904_M801C06L62G031_2673_end_extract/drive_9/03
0,"The ego-vehicle is moving straight through a multi-lane highway intersection on a clear, sunny day.",1,18.9,0.0106,False,<DATASET_ROOT>/240530090206_M801C06L62G031_2673_end_extract/drive_22/03
1,"The road is marked with white arrows indicating the direction of travel, and a blue line is painted on the right side of the road, guiding the flow of traffic.",3,36.7,0.9792,False,<DATASET_ROOT>/240530090206_M801C06L62G031_2673_end_extract/drive_22/03
2,"The vehicle is traveling in the rightmost lane, with other cars and a bus on the left side of the road.",8,81.1,0.9863,False,<DATASET_ROOT>/240530090206_M801C06L62G031_2673_end_extract/drive_22/03
3,"A red bus is seen approaching from the left, and a sign with the number 107 is visible on a building in the background.",8,81.1,0.0181,True,<DATASET_ROOT>/240530090206_M801C06L62G031_2673_end_extract/drive_22/03
4,"The road is lined with trees and buildings, and the sky is bright with some clouds.",1,18.9,0.9167,False,<DATASET_ROOT>/240530090206_M801C06L62G031_2673_end_extract/drive_22/03
5,"The traffic flow is steady, with vehicles maintaining a consistent speed.",3,36.7,0.4433,False,<DATASET_ROOT>/240530090206_M801C06L62G031_2673_end_extract/drive_22/03
0,"The ego-vehicle is driving straight on a two-lane city street under a bright, sunny sky with scattered clouds.",5,54.4,0.9974,False,<DATASET_ROOT>/240822084904_M801C06L62G031_2673_end_extract/drive_9/02
1,"The road is clear and well-maintained, with white lane markings and a yellow dividing line separating the two lanes.",5,54.4,0.9796,False,<DATASET_ROOT>/240822084904_M801C06L62G031_2673_end_extract/drive_9/02
2,"The vehicle is moving forward, passing a large black truck on the left side of the road and a covered truck on the right.",8,81.1,0.9922,True,<DATASET_ROOT>/240822084904_M801C06L62G031_2673_end_extract/drive_9/02
3,"The road is lined with trees and utility poles, and there are several signs and traffic signals visible in the distance.",3,36.7,0.6924,False,<DATASET_ROOT>/240822084904_M801C06L62G031_2673_end_extract/drive_9/02
4,"The vehicle is approaching an intersection where a few cars are waiting to turn, and the road ahead is clear with no visible obstacles.",3,36.7,0.9318,True,<DATASET_ROOT>/240822084904_M801C06L62G031_2673_end_extract/drive_9/02
5,"The overall scene is bright and sunny, with good visibility of the road and surrounding environment.",8,81.1,0.3723,False,<DATASET_ROOT>/240822084904_M801C06L62G031_2673_end_extract/drive_9/02
0,"The ego-vehicle is moving straight along a two-lane road during the daytime, with clear and well-maintained asphalt.",8,81.1,0.3004,False,<DATASET_ROOT>/240530090206_M801C06L62G031_2673_end_extract/drive_16/01
1,The road is bordered by yellow dividing lines and a median strip with greenery and small trees.,5,54.4,0.9952,False,<DATASET_ROOT>/240530090206_M801C06L62G031_2673_end_extract/drive_16/01
2,"On the left side of the road, there are several buildings, including modern high-rise apartments and lower residential structures.",2,27.8,0.8817,False,<DATASET_ROOT>/240530090206_M801C06L62G031_2673_end_extract/drive_16/01
3,"On the right, there are more trees and a few smaller buildings.",6,63.3,0.778,False,<DATASET_ROOT>/240530090206_M801C06L62G031_2673_end_extract/drive_16/01
4,"A white van is visible in the left lane ahead, and the traffic is relatively light with only a few vehicles in the distance.",0,10.0,0.0258,False,<DATASET_ROOT>/240530090206_M801C06L62G031_2673_end_extract/drive_16/01
5,"The sky is overcast with a light gray hue, suggesting it is a cloudy day, but the lighting is still bright enough to see clearly.",1,18.9,0.3355,False,<DATASET_ROOT>/240530090206_M801C06L62G031_2673_end_extract/drive_16/01
6,The road appears to be a city street with no visible tunnels or signs of congestion.,5,54.4,0.6994,False,<DATASET_ROOT>/240530090206_M801C06L62G031_2673_end_extract/drive_16/01
7,"The ego-vehicle is moving steadily forward, and the overall scene is calm and orderly.",6,63.3,0.2406,False,<DATASET_ROOT>/240530090206_M801C06L62G031_2673_end_extract/drive_16/01
0,"The ego-vehicle is driving on a three-lane overpass road, moving straight ahead through a cityscape during the daytime.",4,45.6,0.6791,True,<DATASET_ROOT>/241018130234_M801C06L62G031_2673_end_extract/drive_12/04
1,"The road surface is wet, reflecting the overcast sky, and the traffic is moderately dense with vehicles traveling in both directions.",0,10.0,0.3643,False,<DATASET_ROOT>/241018130234_M801C06L62G031_2673_end_extract/drive_12/04
2,"The lanes are clearly marked with white lines, and the road is flanked by buildings of varying heights, including modern skyscrapers and residential structures.",3,36.7,0.9922,False,<DATASET_ROOT>/241018130234_M801C06L62G031_2673_end_extract/drive_12/04
3,"On the right side of the road, a motorcycle is visible in the adjacent lane, while a white sedan and a silver SUV pass by on the left.",4,45.6,0.9812,True,<DATASET_ROOT>/241018130234_M801C06L62G031_2673_end_extract/drive_12/04
4,"The surrounding environment features streetlights and trees, with a few signs visible in the distance.",5,54.4,0.0143,False,<DATASET_ROOT>/241018130234_M801C06L62G031_2673_end_extract/drive_12/04
5,"The camera captures the vehicle's steady forward motion, maintaining a consistent perspective throughout the 10-second clip.",5,54.4,0.5782,False,<DATASET_ROOT>/241018130234_M801C06L62G031_2673_end_extract/drive_12/04
0,"The video captures a front-view of an ego-vehicle driving through a bustling city street, with the vehicle positioned in the center of a multi-lane highway.",2,27.8,0.8213,True,<DATASET_ROOT>/241018102947_M801C06L62G031_2673_end_extract/drive_2/04
1,"The road is wet, indicating recent rainfall, and the surroundings are lined with modern high-rise buildings.",0,10.0,0.5731,False,<DATASET_ROOT>/241018102947_M801C06L62G031_2673_end_extract/drive_2/04
2,"The road is densely populated with vehicles, including a white sedan directly ahead, a green and blue bus marked with the number 2413, and several other cars, all moving slowly.",9,90.0,0.9986,False,<DATASET_ROOT>/241018102947_M801C06L62G031_2673_end_extract/drive_2/04
3,"The traffic appears to be congested, with vehicles closely packed together, and the road is divided into multiple lanes.",5,54.4,0.39,False,<DATASET_ROOT>/241018102947_M801C06L62G031_2673_end_extract/drive_2/04
4,"The sky is overcast, suggesting a cloudy day, and the overall scene is illuminated by natural daylight.",9,90.0,0.1286,False,<DATASET_ROOT>/241018102947_M801C06L62G031_2673_end_extract/drive_2/04
5,"The ego-vehicle remains stationary throughout the video, as it is stopped in traffic, and the surrounding traffic continues to move slowly, with no visible signs of congestion or major disruptions.",6,63.3,0.4212,True,<DATASET_ROOT>/241018102947_M801C06L62G031_2673_end_extract/drive_2/04
0,"The ego-vehicle is driving straight through a three-lane underpass, with the road surface appearing clear and well-maintained.",7,72.2,0.7763,True,<DATASET_ROOT>/240322135559_M801C06L62G031_2673_end_extract/drive_2/02
1,"The underpass is bordered by tall concrete walls, with a colorful stripe—red, yellow, and blue—running horizontally along the right wall.",5,54.4,0.9996,True,<DATASET_ROOT>/240322135559_M801C06L62G031_2673_end_extract/drive_2/02
2,"On the left side of the road, there are metal guardrails and a series of streetlights.",2,27.8,0.1877,False,<DATASET_ROOT>/240322135559_M801C06L62G031_2673_end_extract/drive_2/02
3,"The vehicle is moving forward, and the traffic flow is steady, with several other vehicles visible in the adjacent lanes.",9,90.0,0.7013,False,<DATASET_ROOT>/240322135559_M801C06L62G031_2673_end_extract/drive_2/02
4,"A white SUV is driving in the left lane, and a black sedan is in the right lane.",8,81.1,0.9927,False,<DATASET_ROOT>/240322135559_M801C06L62G031_2673_end_extract/drive_2/02
5,"The surrounding environment features modern high-rise buildings in the background, and the sky is overcast with a light gray hue, indicating a cloudy day.",4,45.6,0.656,False,<DATASET_ROOT>/240322135559_M801C06L62G031_2673_end_extract/drive_2/02
6,"The camera remains steady, capturing the forward motion of the vehicle through the underpass.",7,72.2,0.893,True,<DATASET_ROOT>/240322135559_M801C06L62G031_2673_end_extract/drive_2/02
0,"The ego-vehicle is moving straight on a two-lane city street under a clear, sunny sky with scattered clouds.",1,18.9,0.9907,False,<DATASET_ROOT>/240822084904_M801C06L62G031_2673_end_extract/drive_12/02
1,"The road is well-maintained and appears to be in good condition, with white lane markings and a solid yellow dividing line separating the two lanes.",9,90.0,0.9825,False,<DATASET_ROOT>/240822084904_M801C06L62G031_2673_end_extract/drive_12/02
2,"As the vehicle progresses, it passes a white car on the left side of the road, which is also moving in the same direction.",2,27.8,0.8601,True,<DATASET_ROOT>/240822084904_M801C06L62G031_2673_end_extract/drive_12/02
3,"The road is flanked by lush green trees and a few buildings, including a modern cityscape in the distance.",1,18.9,0.504,False,<DATASET_ROOT>/240822084904_M801C06L62G031_2673_end_extract/drive_12/02
4,"A traffic sign indicating a speed limit of 60 km/h is visible overhead, and the vehicle maintains a steady pace, navigating through the intersection with no visible traffic congestion.",2,27.8,0.1263,True,<DATASET_ROOT>/240822084904_M801C06L62G031_2673_end_extract/drive_12/02
5,"The surrounding environment is bright and open, with a clear view of the road ahead, and the sky is blue with a few white clouds.",9,90.0,0.9479,False,<DATASET_ROOT>/240822084904_M801C06L62G031_2673_end_extract/drive_12/02
0,"The ego-vehicle is moving straight along a three-lane city street during the daytime, with clear and well-maintained road conditions.",1,18.9,0.492,False,<DATASET_ROOT>/240530090206_M801C06L62G031_2673_end_extract/drive_9/02
1,"The road is lined with various commercial buildings and signs, including a bus stop on the left side, which features a bus with the number 606 614 and a sign that reads ""산장급속."" The road is marked with white lines and orange traffic cones, indicating a designated lane for the vehicle.",0,10.0,0.9775,True,<DATASET_ROOT>/240530090206_M801C06L62G031_2673_end_extract/drive_9/02
2,"The ego-vehicle is traveling in the rightmost lane, with a gray taxi and a white van visible in the adjacent lane.",0,10.0,0.5478,False,<DATASET_ROOT>/240530090206_M801C06L62G031_2673_end_extract/drive_9/02
3,"A blue bus is seen approaching from the opposite direction at an intersection, while a white van and a gray SUV are also present in the same direction.",8,81.1,0.8977,True,<DATASET_ROOT>/240530090206_M801C06L62G031_2673_end_extract/drive_9/02
4,"The sky is clear and sunny, and the overall scene is bright and well-lit.",5,54.4,0.1633,False,<DATASET_ROOT>/240530090206_M801C06L62G031_2673_end_extract/drive_9/02
0,"The ego-vehicle is moving straight through a multi-lane highway intersection on a snowy day, with the road surface visibly covered in snow and ice.",4,45.6,0.0002,False,<DATASET_ROOT>/240205170303_M801C06L62G031_2673_end_extract/drive_2/02
1,"The scene is viewed from the perspective of the ego-vehicle, which is navigating through traffic under a cloudy sky.",3,36.7,0.4157,True,<DATASET_ROOT>/240205170303_M801C06L62G031_2673_end_extract/drive_2/02
2,"The road has multiple lanes, with the ego-vehicle positioned in the rightmost lane.",4,45.6,0.0664,False,<DATASET_ROOT>/240205170303_M801C06L62G031_2673_end_extract/drive_2/02
3,"In front of the ego-vehicle, there are several other vehicles, including a silver SUV and a white sedan, all moving in the same direction.",3,36.7,0.2731,False,<DATASET_ROOT>/240205170303_M801C06L62G031_2673_end_extract/drive_2/02
4,"The surrounding area is lined with tall buildings, and the road is marked with white lane dividers.",9,90.0,0.3771,False,<DATASET_ROOT>/240205170303_M801C06L62G031_2673_end_extract/drive_2/02
5,"A blue sign indicating ""SOUTH"" is visible above the intersection, while a red car is seen on the left side of the road.",5,54.4,0.0054,False,<DATASET_ROOT>/240205170303_M801C06L62G031_2673_end_extract/drive_2/02
6,"The visibility is slightly reduced due to the snow and rain, and the camera appears to be slightly tilted, showing a distorted view of the road and vehicles.",8,81.1,0.8337,False,<DATASET_ROOT>/240205170303_M801C06L62G031_2673_end_extract/drive_2/02
7,"The ego-vehicle is maintaining a steady pace, moving forward through the intersection.",4,45.6,0.0099,False,<DATASET_ROOT>/240205170303_M801C06L62G031_2673_end_extract/drive_2/02
0,"The video captures a front-view of a vehicle driving on a multi-lane city street during the daytime, with the road surface visibly wet from rain.",4,45.6,0.8595,False,<DATASET_ROOT>/231116093002_M801C06L62G031_2673_end_extract/drive_4/01
1,"Raindrops are seen on the camera lens, blurring the view and reducing visibility.",9,90.0,0.9225,False,<DATASET_ROOT>/231116093002_M801C06L62G031_2673_end_extract/drive_4/01
2,"The road is a multi-lane highway with white lane markings, and the vehicle is moving straight ahead through a congested traffic flow.",2,27.8,0.7377,False,<DATASET_ROOT>/231116093002_M801C06L62G031_2673_end_extract/drive_4/01
3,"In front of the ego-vehicle, there is a black sedan, a white sedan, and a green bus on the right side of the road.",0,10.0,0.9913,False,<DATASET_ROOT>/231116093002_M801C06L62G031_2673_end_extract/drive_4/01
4,"A white van passes on the left side, and a dark-colored SUV is seen on the right.",5,54.4,0.2967,True,<DATASET_ROOT>/231116093002_M801C06L62G031_2673_end_extract/drive_4/01
5,"The road is lined with trees and buildings, and traffic signs are visible, including a speed limit sign indicating 50 km/h.",5,54.4,0.0155,False,<DATASET_ROOT>/231116093002_M801C06L62G031_2673_end_extract/drive_4/01
6,"The intersection ahead has a green traffic light, and the vehicle continues forward, maintaining its position in the lane.",6,63.3,0.1396,False,<DATASET_ROOT>/231116093002_M801C06L62G031_2673_end_extract/drive_4/01
7,The overall scene suggests a typical urban commute during rainy weather.,8,81.1,0.3749,False,<DATASET_ROOT>/231116093002_M801C06L62G031_2673_end_extract/drive_4/01
0,"A front-view ego-vehicle is driving on a three-lane city street during the daytime, with a cloudy sky overhead.",0,10.0,0.4254,False,<DATASET_ROOT>/240322135559_M801C06L62G031_2673_end_extract/drive_13/01
1,"The road is clear and well-maintained, with visible lane markings and a crosswalk.",9,90.0,0.604,True,<DATASET_ROOT>/240322135559_M801C06L62G031_2673_end_extract/drive_13/01
2,"The ego-vehicle is turning right at an intersection, moving through a busy urban environment with multiple lanes of traffic.",0,10.0,0.7284,True,<DATASET_ROOT>/240322135559_M801C06L62G031_2673_end_extract/drive_13/01
3,"Several vehicles, including a white SUV, a silver sedan, and a white pickup truck, are present on the road, with the white SUV in the adjacent lane.",7,72.2,0.9004,False,<DATASET_ROOT>/240322135559_M801C06L62G031_2673_end_extract/drive_13/01
4,"A black car is seen turning left at the intersection, while a silver sedan passes by on the opposite side.",3,36.7,0.8687,True,<DATASET_ROOT>/240322135559_M801C06L62G031_2673_end_extract/drive_13/01
5,"The surrounding area features modern buildings, including a large glass building with a ""MOM'S TOUCH PIZZA"" sign.",8,81.1,0.6647,False,<DATASET_ROOT>/240322135559_M801C06L62G031_2673_end_extract/drive_13/01
6,"Trees line the street, and traffic signals are visible, showing a green light for the ego-vehicle.",9,90.0,0.0478,False,<DATASET_ROOT>/240322135559_M801C06L62G031_2673_end_extract/drive_13/01
7,"The road is busy with various vehicles and pedestrians, and the overall scene suggests a typical day in a bustling city.",8,81.1,0.3557,False,<DATASET_ROOT>/240322135559_M801C06L62G031_2673_end_extract/drive_13/01
0,"The ego-vehicle is driving on a multi-lane city street during the daytime, with a clear and well-maintained road surface.",9,90.0,0.1352,False,<DATASET_ROOT>/240322135559_M801C06L62G031_2673_end_extract/drive_23/01
1,"The road is wide and features multiple lanes, marked with white dashed and solid lines, indicating a structured traffic flow.",8,81.1,0.8944,False,<DATASET_ROOT>/240322135559_M801C06L62G031_2673_end_extract/drive_23/01
2,"The vehicle is moving forward through the city, passing by tall modern buildings with glass facades, some of which display advertisements.",5,54.4,0.8235,True,<DATASET_ROOT>/240322135559_M801C06L62G031_2673_end_extract/drive_23/01
3,"The road is populated with a variety of vehicles, including cars, a bus, and a truck, all moving in different directions.",9,90.0,0.4919,False,<DATASET_ROOT>/240322135559_M801C06L62G031_2673_end_extract/drive_23/01
4,"The road is bordered by sidewalks and construction barriers, and the visibility is high, with no signs of rain or adverse weather conditions.",6,63.3,0.6037,False,<DATASET_ROOT>/240322135559_M801C06L62G031_2673_end_extract/drive_23/01
5,"The vehicle maintains a steady trajectory, navigating through the urban environment with a smooth motion.",2,27.8,0.6535,True,<DATASET_ROOT>/240322135559_M801C06L62G031_2673_end_extract/drive_23/01
0,"The video captures a front-view of an ego-vehicle driving on a multi-lane city street during the daytime, with the road surface visibly wet from recent rain, creating a reflective sheen on the pavement.",9,90.0,0.9565,False,<DATASET_ROOT>/241018130234_M801C06L62G031_2673_end_extract/drive_2/01
1,"The road is a wide, multi-lane highway with clear lane markings, and the traffic is moderate, with several cars and a truck visible ahead in the same direction.",4,45.6,0.0092,False,<DATASET_ROOT>/241018130234_M801C06L62G031_2673_end_extract/drive_2/01
2,"The ego-vehicle is in the rightmost lane, moving slowly through the flow of traffic, and the surrounding vehicles are mostly sedans and a few larger cars.",4,45.6,0.8242,False,<DATASET_ROOT>/241018130234_M801C06L62G031_2673_end_extract/drive_2/01
3,"The road is lined with lush green trees and urban buildings, including tall skyscrapers in the background, which contribute to the cityscape.",8,81.1,0.5516,False,<DATASET_ROOT>/241018130234_M801C06L62G031_2673_end_extract/drive_2/01
4,"Raindrops are visible on the camera lens, adding a sense of overcast weather.",5,54.4,0.5839,False,<DATASET_ROOT>/241018130234_M801C06L62G031_2673_end_extract/drive_2/01
5,"The road condition remains wet throughout the clip, and the traffic flow is steady, with no significant changes in the speed or direction of the vehicles.",9,90.0,0.8563,False,<DATASET_ROOT>/241018130234_M801C06L62G031_2673_end_extract/drive_2/01
6,The overall scene suggests a typical urban commute during rainy weather.,5,54.4,0.5367,False,<DATASET_ROOT>/241018130234_M801C06L62G031_2673_end_extract/drive_2/01
0,"The ego-vehicle is moving straight along a multi-lane highway at night, with the road surface appearing wet, reflecting the bright lights of the surrounding vehicles and streetlights.",2,27.8,0.7624,False,<DATASET_ROOT>/241018130234_M801C06L62G031_2673_end_extract/drive_18/04
1,"The scene is illuminated by the taillights of numerous cars and a large bus on the right side of the road, which is marked with a ""G BUS"" sign.",5,54.4,0.9871,False,<DATASET_ROOT>/241018130234_M801C06L62G031_2673_end_extract/drive_18/04
2,"The road is a city street with multiple lanes, and the traffic is dense, with vehicles closely packed in the adjacent lanes.",6,63.3,0.3409,False,<DATASET_ROOT>/241018130234_M801C06L62G031_2673_end_extract/drive_18/04
3,"The ego-vehicle is positioned in the middle of the road, and the traffic flow appears to be slow, with cars and buses moving in both directions.",5,54.4,0.1049,False,<DATASET_ROOT>/241018130234_M801C06L62G031_2673_end_extract/drive_18/04
4,"The visibility is limited due to the darkness, but the bright lights from the vehicles and streetlights create a bright glare.",1,18.9,0.9707,False,<DATASET_ROOT>/241018130234_M801C06L62G031_2673_end_extract/drive_18/04
5,"There is a sign above the road indicating a parking area, with a distance of 500 meters.",3,36.7,0.0267,False,<DATASET_ROOT>/241018130234_M801C06L62G031_2673_end_extract/drive_18/04
6,"The sky is dark, and the clouds are visible in the background, creating a dark and cloudy atmosphere.",9,90.0,0.0001,False,<DATASET_ROOT>/241018130234_M801C06L62G031_2673_end_extract/drive_18/04
7,"The ego-vehicle is moving at a steady pace, and the road condition remains wet throughout the video.",2,27.8,0.0014,False,<DATASET_ROOT>/241018130234_M801C06L62G031_2673_end_extract/drive_18/04
0,"The ego-vehicle is moving straight along a wide, three-lane city street on a clear, sunny day.",0,10.0,0.824,False,<DATASET_ROOT>/240822134456_M801C06L62G031_2673_end_extract/drive_11/03
1,"The road is marked with white lane dividers and a yellow double line on the left, indicating a no-passing zone.",2,27.8,0.9829,True,<DATASET_ROOT>/240822134456_M801C06L62G031_2673_end_extract/drive_11/03
2,"The vehicle is in the rightmost lane, following a white arrow indicating a right turn.",9,90.0,0.8322,True,<DATASET_ROOT>/240822134456_M801C06L62G031_2673_end_extract/drive_11/03
3,"The road is lined with trees and modern buildings, and a series of traffic lights and signs are visible ahead.",5,54.4,0.1833,False,<DATASET_ROOT>/240822134456_M801C06L62G031_2673_end_extract/drive_11/03
4,"As the vehicle progresses, it approaches an intersection where a white car is already in the lane ahead.",8,81.1,0.7813,True,<DATASET_ROOT>/240822134456_M801C06L62G031_2673_end_extract/drive_11/03
5,"The traffic light is red, and the vehicle must stop before the crosswalk.",9,90.0,0.3439,True,<DATASET_ROOT>/240822134456_M801C06L62G031_2673_end_extract/drive_11/03
6,"The surrounding environment is bright, with the sun casting shadows on the road, and the sky is blue with scattered clouds.",9,90.0,0.9676,False,<DATASET_ROOT>/240822134456_M801C06L62G031_2673_end_extract/drive_11/03
0,"The ego-vehicle is driving straight along a multi-lane city street, which appears to be wet from recent rain, as indicated by the reflections on the road surface and the visible water droplets on the camera lens.",2,27.8,0.9597,False,<DATASET_ROOT>/240205094744_M801C06L62G031_2673_end_extract/drive_3/02
1,"The road is lined with modern buildings, including a prominent glass structure on the left and several commercial establishments such as ""Mega Coffee"" on the right.",8,81.1,0.0086,False,<DATASET_ROOT>/240205094744_M801C06L62G031_2673_end_extract/drive_3/02
2,"The traffic is dense, with a variety of vehicles including sedans, SUVs, and a bus in the adjacent lanes, all moving in the same direction.",1,18.9,0.6926,False,<DATASET_ROOT>/240205094744_M801C06L62G031_2673_end_extract/drive_3/02
3,"The vehicle's perspective shows a clear view of the road ahead, with a crosswalk in the immediate foreground and a few trees and signs visible along the roadside.",3,36.7,0.002,True,<DATASET_ROOT>/240205094744_M801C06L62G031_2673_end_extract/drive_3/02
4,"The overall scene is illuminated by daylight, suggesting it is daytime, and the visibility is slightly reduced due to the rain, though the scene remains clear enough to observe the surrounding environment.",2,27.8,0.1651,False,<DATASET_ROOT>/240205094744_M801C06L62G031_2673_end_extract/drive_3/02
0,"The video captures a front-view of a 10-second drive on a multi-lane city street during the daytime, with clear weather and sunny conditions.",2,27.8,0.9647,False,<DATASET_ROOT>/240530090206_M801C06L62G031_2673_end_extract/drive_12/03
1,"The ego-vehicle is moving straight along the road, which is a multi-lane highway with a yellow dividing line and black and yellow striped guardrails on the left side.",3,36.7,0.9743,False,<DATASET_ROOT>/240530090206_M801C06L62G031_2673_end_extract/drive_12/03
2,"The road is lined with trees and modern high-rise buildings, indicating a dense urban environment.",5,54.4,0.9669,False,<DATASET_ROOT>/240530090206_M801C06L62G031_2673_end_extract/drive_12/03
3,"In the foreground, a white sedan is directly ahead, and a white van is visible to the left.",4,45.6,0.8295,False,<DATASET_ROOT>/240530090206_M801C06L62G031_2673_end_extract/drive_12/03
4,"A large white truck is seen further ahead, and a silver sedan passes on the right side.",9,90.0,0.5862,True,<DATASET_ROOT>/240530090206_M801C06L62G031_2673_end_extract/drive_12/03
5,"A blue road sign with white text indicating directions is visible in the distance, and the sky is bright with scattered clouds.",0,10.0,0.0095,False,<DATASET_ROOT>/240530090206_M801C06L62G031_2673_end_extract/drive_12/03
6,"The road is clear of any obstructions, and the vehicles are moving in a steady flow, with no apparent traffic congestion.",2,27.8,0.7153,False,<DATASET_ROOT>/240530090206_M801C06L62G031_2673_end_extract/drive_12/03
0,"The ego-vehicle is moving straight along a clear, two-lane city street during the daytime, with sunlight illuminating the scene.",2,27.8,0.9017,False,<DATASET_ROOT>/240530090206_M801C06L62G031_2673_end_extract/drive_11/03
1,"The road is lined with trees and modern buildings on both sides, and the road surface is marked with clear lane dividers and speed limits.",4,45.6,0.998,False,<DATASET_ROOT>/240530090206_M801C06L62G031_2673_end_extract/drive_11/03
2,"The vehicle is traveling on a dedicated lane marked with a red ""30"" speed limit sign, and the road features a red-painted bike lane with the Korean text ""고속버스 노출"" (high-speed bus exposure) painted on it.",8,81.1,0.852,False,<DATASET_ROOT>/240530090206_M801C06L62G031_2673_end_extract/drive_11/03
3,"The surrounding area includes a ""NO"" sign on a metal fence, and the road is bordered by orange traffic cones.",3,36.7,0.9758,False,<DATASET_ROOT>/240530090206_M801C06L62G031_2673_end_extract/drive_11/03
4,"As the vehicle progresses, it approaches an intersection where traffic lights are visible, and other vehicles, including a white car and a bicycle, are present.",9,90.0,0.2455,True,<DATASET_ROOT>/240530090206_M801C06L62G031_2673_end_extract/drive_11/03
5,"The road condition remains clear, and the weather is sunny.",6,63.3,0.5187,False,<DATASET_ROOT>/240530090206_M801C06L62G031_2673_end_extract/drive_11/03
0,"A front-view ego-vehicle is driving on a three-lane city street during the daytime, with clear and sunny weather conditions.",8,81.1,0.076,False,<DATASET_ROOT>/240530090206_M801C06L62G031_2673_end_extract/drive_31/04
1,"The road is lined with various buildings, including shops and restaurants, with signs in Korean script.",8,81.1,0.9715,False,<DATASET_ROOT>/240530090206_M801C06L62G031_2673_end_extract/drive_31/04
2,"The ego-vehicle is positioned in the middle lane, facing a blue bus that is ahead of it.",5,54.4,0.8106,False,<DATASET_ROOT>/240530090206_M801C06L62G031_2673_end_extract/drive_31/04
3,"The bus has a yellow advertisement on its rear, and its license plate reads ""22140."" The road has a blue line on the right side, indicating a designated lane for vehicles.",7,72.2,0.4571,False,<DATASET_ROOT>/240530090206_M801C06L62G031_2673_end_extract/drive_31/04
4,"Other vehicles, including a white car and a white truck, are visible on the road, moving in different directions.",6,63.3,0.3908,False,<DATASET_ROOT>/240530090206_M801C06L62G031_2673_end_extract/drive_31/04
5,"There are also orange traffic cones placed on the side of the road, possibly indicating a construction zone or roadwork.",5,54.4,0.9329,False,<DATASET_ROOT>/240530090206_M801C06L62G031_2673_end_extract/drive_31/04
6,"The ego-vehicle continues to move forward, maintaining its position in the lane, as the surrounding traffic flows smoothly.",7,72.2,0.0833,False,<DATASET_ROOT>/240530090206_M801C06L62G031_2673_end_extract/drive_31/04
0,"The ego-vehicle is moving straight along a clear, two-lane city street on a bright, sunny day.",0,10.0,0.958,False,<DATASET_ROOT>/240822084904_M801C06L62G031_2673_end_extract/drive_17/02
1,"The road is paved with asphalt, featuring a yellow-striped crosswalk in the foreground and a red bus lane on the left side.",4,45.6,0.9649,True,<DATASET_ROOT>/240822084904_M801C06L62G031_2673_end_extract/drive_17/02
2,"The street is lined with multi-story buildings, some with visible signage, including a ""365 Auto Bank"" sign on the right.",1,18.9,0.3422,False,<DATASET_ROOT>/240822084904_M801C06L62G031_2673_end_extract/drive_17/02
3,"Trees are planted along the sidewalks, casting shadows on the road.",0,10.0,0.8637,False,<DATASET_ROOT>/240822084904_M801C06L62G031_2673_end_extract/drive_17/02
4,"The road condition is clear, with no visible debris or obstructions.",0,10.0,0.5831,False,<DATASET_ROOT>/240822084904_M801C06L62G031_2673_end_extract/drive_17/02
5,The vehicle approaches an intersection where a white sedan is waiting to turn right.,8,81.1,0.8653,True,<DATASET_ROOT>/240822084904_M801C06L62G031_2673_end_extract/drive_17/02
6,"The sky is blue with a few scattered clouds, and the sunlight creates a bright, clear atmosphere.",5,54.4,0.5157,False,<DATASET_ROOT>/240822084904_M801C06L62G031_2673_end_extract/drive_17/02
7,"The vehicle continues forward, passing the intersection and moving along the road.",6,63.3,0.4986,True,<DATASET_ROOT>/240822084904_M801C06L62G031_2673_end_extract/drive_17/02
0,"The ego-vehicle is moving straight along a three-lane city street under a clear, sunny sky.",0,10.0,0.8003,False,<DATASET_ROOT>/240529140943_M801C06L62G031_2673_end_extract/drive_11/02
1,The road is paved and appears to be in good condition with visible white lane markings.,2,27.8,0.7468,False,<DATASET_ROOT>/240529140943_M801C06L62G031_2673_end_extract/drive_11/02
2,"The vehicle is traveling in the middle lane, with a white sedan ahead and a dark-colored SUV on the left lane.",6,63.3,0.9834,False,<DATASET_ROOT>/240529140943_M801C06L62G031_2673_end_extract/drive_11/02
3,"As the vehicle progresses, a silver sedan overtakes it on the right side of the road.",2,27.8,0.8832,False,<DATASET_ROOT>/240529140943_M801C06L62G031_2673_end_extract/drive_11/02
4,"The road is flanked by green fencing and a series of buildings, including a modern glass structure on the right side of the road.",0,10.0,0.9873,False,<DATASET_ROOT>/240529140943_M801C06L62G031_2673_end_extract/drive_11/02
5,"A large sign with the text ""Samsung"" is visible on the right side of the road.",8,81.1,0.2676,False,<DATASET_ROOT>/240529140943_M801C06L62G031_2673_end_extract/drive_11/02
6,"The road is surrounded by trees and hills in the background, and there are several streetlights and traffic signs along the way.",3,36.7,0.8459,False,<DATASET_ROOT>/240529140943_M801C06L62G031_2673_end_extract/drive_11/02
7,"The camera maintains a steady forward-facing view, capturing the continuous flow of traffic and the surrounding urban environment.",5,54.4,0.7662,False,<DATASET_ROOT>/240529140943_M801C06L62G031_2673_end_extract/drive_11/02
0,"The ego-vehicle is moving straight along a two-lane city street on a clear, sunny day.",0,10.0,0.9529,False,<DATASET_ROOT>/240822084904_M801C06L62G031_2673_end_extract/drive_22/03
1,"The road is lined with trees and buildings, and the sky is bright with scattered clouds.",9,90.0,0.9977,False,<DATASET_ROOT>/240822084904_M801C06L62G031_2673_end_extract/drive_22/03
2,"The road is marked with a double yellow line down the center, indicating a two-way traffic flow.",6,63.3,0.8431,True,<DATASET_ROOT>/240822084904_M801C06L62G031_2673_end_extract/drive_22/03
3,"On the left side of the road, there are several parked vehicles, including a white van and a black car.",0,10.0,0.6207,False,<DATASET_ROOT>/240822084904_M801C06L62G031_2673_end_extract/drive_22/03
4,"A silver sedan is seen ahead, and the vehicle is following it closely.",1,18.9,0.2244,False,<DATASET_ROOT>/240822084904_M801C06L62G031_2673_end_extract/drive_22/03
5,"The right side of the road features a row of shops and buildings, including a store with a blue facade that has a sign reading ""DAVICH."" There are also several pedestrians walking along the sidewalks.",5,54.4,0.374,False,<DATASET_ROOT>/240822084904_M801C06L62G031_2673_end_extract/drive_22/03
6,The road appears to be well-maintained with clear lane markings and no visible obstacles.,8,81.1,0.5717,False,<DATASET_ROOT>/240822084904_M801C06L62G031_2673_end_extract/drive_22/03
7,"The visibility is excellent due to the sunny weather, and the overall scene is calm with moderate traffic flow.",0,10.0,0.287,False,<DATASET_ROOT>/240822084904_M801C06L62G031_2673_end_extract/drive_22/03
0,The video captures a front-view of an ego-vehicle driving on a multi-lane highway in a city setting during the daytime.,6,63.3,0.9769,False,<DATASET_ROOT>/231106095132_M801C06L62G031_2673_end_extract/drive_3/04
1,"The road is wet, indicating recent rain, and the sky is overcast with clouds.",9,90.0,0.0832,False,<DATASET_ROOT>/231106095132_M801C06L62G031_2673_end_extract/drive_3/04
2,"The ego-vehicle is positioned in the middle of the road, moving forward in a straight line.",6,63.3,0.1117,False,<DATASET_ROOT>/231106095132_M801C06L62G031_2673_end_extract/drive_3/04
3,"The road is divided into multiple lanes, with a metal guardrail separating the lanes on the left side.",3,36.7,0.8905,False,<DATASET_ROOT>/231106095132_M801C06L62G031_2673_end_extract/drive_3/04
4,"To the right, there are several cars, including a white vehicle and a dark blue Audi, both of which are in the same lane as the ego-vehicle.",0,10.0,0.9987,False,<DATASET_ROOT>/231106095132_M801C06L62G031_2673_end_extract/drive_3/04
5,"A large green sign with Korean text is visible above the road, indicating directions to various locations, including ""사당역"" (Sadaeng Station) and ""한남대교"" (Hannamdae Bridge).",0,10.0,0.0633,False,<DATASET_ROOT>/231106095132_M801C06L62G031_2673_end_extract/drive_3/04
6,"Other vehicles are seen passing by in the adjacent lanes, and the road is lined with buildings and trees.",7,72.2,0.9818,True,<DATASET_ROOT>/231106095132_M801C06L62G031_2673_end_extract/drive_3/04
7,"The ego-vehicle remains stationary throughout the clip, suggesting it is stopped or waiting.",1,18.9,0.1299,True,<DATASET_ROOT>/231106095132_M801C06L62G031_2673_end_extract/drive_3/04
0,"The ego-vehicle is driving along a city street with a clear road condition, moving forward through a densely built urban environment.",0,10.0,0.9378,False,<DATASET_ROOT>/240322135559_M801C06L62G031_2673_end_extract/drive_14/02
1,"The road is a single-lane road with a blue dividing line running down the center, and the vehicle is traveling on a wide road with multiple lanes on the left side.",2,27.8,0.9754,True,<DATASET_ROOT>/240322135559_M801C06L62G031_2673_end_extract/drive_14/02
2,"The surrounding area is filled with tall residential buildings and commercial structures, and the road is lined with trees that have no leaves, suggesting it is either early spring or late autumn.",0,10.0,0.9445,False,<DATASET_ROOT>/240322135559_M801C06L62G031_2673_end_extract/drive_14/02
3,"As the vehicle proceeds, it approaches an intersection with traffic signals and signs, including a '50' speed limit sign and a 'no left turn' sign.",7,72.2,0.0191,True,<DATASET_ROOT>/240322135559_M801C06L62G031_2673_end_extract/drive_14/02
4,"The road is populated with various vehicles, including a silver van parked on the left side, a white car driving in the same direction, and a yellow bus further down the road.",8,81.1,0.2662,False,<DATASET_ROOT>/240322135559_M801C06L62G031_2673_end_extract/drive_14/02
5,"The vehicle is moving forward and slightly to the right, and the camera captures the motion of the vehicle and the surrounding environment.",1,18.9,0.7697,False,<DATASET_ROOT>/240322135559_M801C06L62G031_2673_end_extract/drive_14/02
6,"The sky is overcast, indicating cloudy weather conditions.",3,36.7,0.1437,False,<DATASET_ROOT>/240322135559_M801C06L62G031_2673_end_extract/drive_14/02
0,"The video captures a nighttime driving experience on a three-lane city street, where the road is wet from recent rain, evident from the reflections on the pavement.",3,36.7,0.8251,False,<DATASET_ROOT>/241018130234_M801C06L62G031_2673_end_extract/drive_14/04
1,"The ego-vehicle is moving forward through a dense traffic flow, with other cars visible on both the left and right lanes.",3,36.7,0.0297,False,<DATASET_ROOT>/241018130234_M801C06L62G031_2673_end_extract/drive_14/04
2,"The road is illuminated by streetlights and the headlights of nearby vehicles, creating a bright but dimly lit environment.",7,72.2,0.9016,False,<DATASET_ROOT>/241018130234_M801C06L62G031_2673_end_extract/drive_14/04
3,"The camera is positioned in the middle of the lane, providing a clear view of the road ahead.",1,18.9,0.6667,False,<DATASET_ROOT>/241018130234_M801C06L62G031_2673_end_extract/drive_14/04
4,"The traffic is moving slowly, with vehicles in each lane maintaining a steady pace.",3,36.7,0.0971,False,<DATASET_ROOT>/241018130234_M801C06L62G031_2673_end_extract/drive_14/04
5,"The surrounding area is filled with buildings, including a prominent sign with the Korean text ""디드코리코"" (DIDCO) and a cross-shaped sign, suggesting a commercial or urban area.",5,54.4,0.0172,True,<DATASET_ROOT>/241018130234_M801C06L62G031_2673_end_extract/drive_14/04
6,"The road is marked with white lane lines and directional arrows, and the overall scene conveys a sense of calm, steady movement through a city at night.",5,54.4,0.7583,False,<DATASET_ROOT>/241018130234_M801C06L62G031_2673_end_extract/drive_14/04
0,"The ego-vehicle is driving on a wet, three-lane road under a bridge, with a clear view of the city skyline in the background.",0,10.0,0.9983,False,<DATASET_ROOT>/241018102947_M801C06L62G031_2673_end_extract/drive_5/04
1,"The road is marked with white lines indicating lane divisions, and the lane ahead is designated for vehicles traveling at 60 km/h.",5,54.4,0.9892,False,<DATASET_ROOT>/241018102947_M801C06L62G031_2673_end_extract/drive_5/04
2,"A white pickup truck with a ""HYUNDAI"" logo is directly ahead, and a large white bus with the ""Express"" logo is on the right side of the road.",0,10.0,0.5167,False,<DATASET_ROOT>/241018102947_M801C06L62G031_2673_end_extract/drive_5/04
3,"The road surface appears wet, and raindrops are visible on the camera's lens.",3,36.7,0.8167,False,<DATASET_ROOT>/241018102947_M801C06L62G031_2673_end_extract/drive_5/04
4,"The traffic flow is steady, with other vehicles, including a white car and a silver sedan, moving in the same direction.",1,18.9,0.4552,False,<DATASET_ROOT>/241018102947_M801C06L62G031_2673_end_extract/drive_5/04
5,A blue sign above the bridge indicates the maximum weight limit of 32 tons for the bridge and the weight limit of 10 tons for the truck.,1,18.9,0.972,False,<DATASET_ROOT>/241018102947_M801C06L62G031_2673_end_extract/drive_5/04
6,"The weather is rainy, and the sky is overcast.",8,81.1,0.3057,False,<DATASET_ROOT>/241018102947_M801C06L62G031_2673_end_extract/drive_5/04
7,"The ego-vehicle continues to move straight, maintaining a consistent speed and following the flow of traffic.",1,18.9,0.1255,False,<DATASET_ROOT>/241018102947_M801C06L62G031_2673_end_extract/drive_5/04
0,"The ego-vehicle is moving straight along a multi-lane highway at night, with the road surface appearing wet, reflecting the ambient light.",5,54.4,0.2237,False,<DATASET_ROOT>/241018130234_M801C06L62G031_2673_end_extract/drive_18/03
1,"The road is illuminated by streetlights and the headlights of nearby vehicles, creating a bright but dim environment.",5,54.4,0.9346,False,<DATASET_ROOT>/241018130234_M801C06L62G031_2673_end_extract/drive_18/03
2,"In front of the ego-vehicle, there is a dense traffic flow, with numerous cars and buses traveling in the same direction, their brake lights glowing red.",0,10.0,0.5316,True,<DATASET_ROOT>/241018130234_M801C06L62G031_2673_end_extract/drive_18/03
3,"The road is lined with trees and buildings, including a prominent skyscraper with the ""kolla"" sign visible in the distance.",7,72.2,0.018,False,<DATASET_ROOT>/241018130234_M801C06L62G031_2673_end_extract/drive_18/03
4,"The ego-vehicle is in the rightmost lane, and the traffic ahead is flowing smoothly, with no visible congestion or accidents.",1,18.9,0.0199,False,<DATASET_ROOT>/241018130234_M801C06L62G031_2673_end_extract/drive_18/03
5,"The camera captures the scene from a front-facing perspective, providing a clear view of the road ahead and the surrounding traffic.",2,27.8,0.3525,False,<DATASET_ROOT>/241018130234_M801C06L62G031_2673_end_extract/drive_18/03
6,"The overall atmosphere is urban and bustling, with the nighttime setting adding a sense of movement and activity.",1,18.9,0.3165,False,<DATASET_ROOT>/241018130234_M801C06L62G031_2673_end_extract/drive_18/03
0,"The ego-vehicle is moving straight on a three-lane city street that is wet from rain, with visible raindrops on the windshield.",7,72.2,0.7771,False,<DATASET_ROOT>/241018130234_M801C06L62G031_2673_end_extract/drive_9/03
1,"The road is lined with modern buildings, including a large structure with a glass facade on the right side.",3,36.7,0.8444,False,<DATASET_ROOT>/241018130234_M801C06L62G031_2673_end_extract/drive_9/03
2,"A white car is directly ahead, followed by a yellow vehicle and other cars in the adjacent lanes.",6,63.3,0.942,False,<DATASET_ROOT>/241018130234_M801C06L62G031_2673_end_extract/drive_9/03
3,"The traffic flow appears to be moderate, with vehicles maintaining a steady pace.",6,63.3,0.1469,False,<DATASET_ROOT>/241018130234_M801C06L62G031_2673_end_extract/drive_9/03
4,"A large sign with Korean text is visible on the right side of the road, and the sky is overcast with gray clouds.",0,10.0,0.2954,False,<DATASET_ROOT>/241018130234_M801C06L62G031_2673_end_extract/drive_9/03
5,"The road is well-lit by streetlights, and the overall scene suggests a typical urban environment during the daytime.",0,10.0,0.0912,False,<DATASET_ROOT>/241018130234_M801C06L62G031_2673_end_extract/drive_9/03
0,"The ego-vehicle is driving through a bustling city intersection at night, navigating a multi-lane highway with wet roads reflecting the bright lights of surrounding buildings.",2,27.8,0.4089,True,<DATASET_ROOT>/241018130234_M801C06L62G031_2673_end_extract/drive_13/03
1,"The vehicle is moving forward in a straight path, following the flow of traffic.",4,45.6,0.2009,False,<DATASET_ROOT>/241018130234_M801C06L62G031_2673_end_extract/drive_13/03
2,"The road is illuminated by streetlights and the vibrant neon signs of nearby shops and buildings, which are clearly visible despite the rain.",1,18.9,0.9264,False,<DATASET_ROOT>/241018130234_M801C06L62G031_2673_end_extract/drive_13/03
3,"The road is wet, and raindrops are visible on the camera's lens, creating a blurred effect.",1,18.9,0.8346,False,<DATASET_ROOT>/241018130234_M801C06L62G031_2673_end_extract/drive_13/03
4,"The vehicle is moving through a busy intersection where other cars are also present, including a white SUV and a black sedan, both moving in the same direction.",1,18.9,0.0158,False,<DATASET_ROOT>/241018130234_M801C06L62G031_2673_end_extract/drive_13/03
5,"The surrounding environment is filled with urban lights and commercial establishments, and the road appears to be well-lit and organized.",1,18.9,0.5214,False,<DATASET_ROOT>/241018130234_M801C06L62G031_2673_end_extract/drive_13/03
6,"The ego-vehicle maintains a steady pace as it continues through the intersection, navigating the traffic with minimal disruption.",2,27.8,0.0022,True,<DATASET_ROOT>/241018130234_M801C06L62G031_2673_end_extract/drive_13/03
0,"The ego-vehicle is driving straight on a clear city street, moving forward at a steady pace.",8,81.1,0.1394,False,<DATASET_ROOT>/240530090206_M801C06L62G031_2673_end_extract/drive_24/02
1,"The road is a three-lane road with a designated bike lane on the right side, marked with white lines and a blue stripe.",1,18.9,0.9839,False,<DATASET_ROOT>/240530090206_M801C06L62G031_2673_end_extract/drive_24/02
2,"The road is lined with trees and buildings, including a mix of modern and traditional structures.",1,18.9,0.8376,False,<DATASET_ROOT>/240530090206_M801C06L62G031_2673_end_extract/drive_24/02
3,"As the vehicle progresses, it approaches an intersection where traffic lights are visible.",8,81.1,0.3434,True,<DATASET_ROOT>/240530090206_M801C06L62G031_2673_end_extract/drive_24/02
4,"The road ahead features a blue overhead sign with directional arrows indicating routes to ""대전 IC"" (Daegu IC) and ""유성"" (Yuseong), with distances shown as 32 kilometers and 12 kilometers respectively.",2,27.8,0.2369,False,<DATASET_ROOT>/240530090206_M801C06L62G031_2673_end_extract/drive_24/02
5,"The traffic flow is relatively light, with a few cars and pedestrians visible on the road and sidewalks.",8,81.1,0.5604,False,<DATASET_ROOT>/240530090206_M801C06L62G031_2673_end_extract/drive_24/02
6,"The sky is bright and sunny, casting clear shadows and illuminating the scene.",3,36.7,0.0979,False,<DATASET_ROOT>/240530090206_M801C06L62G031_2673_end_extract/drive_24/02
7,"The vehicle maintains a consistent speed and trajectory, navigating smoothly through the urban environment.",1,18.9,0.236,True,<DATASET_ROOT>/240530090206_M801C06L62G031_2673_end_extract/drive_24/02
0,"The ego-vehicle is moving straight along a city street that is wet from rain, with its windshield covered in raindrops that blur the view.",3,36.7,0.9376,False,<DATASET_ROOT>/240322135559_M801C06L62G031_2673_end_extract/drive_24/02
1,"The road is a two-lane road with a dedicated bike lane on the right side, marked with a white arrow and a speed limit sign indicating 30 km/h.",4,45.6,0.9878,False,<DATASET_ROOT>/240322135559_M801C06L62G031_2673_end_extract/drive_24/02
2,"The road surface is reflective, showing the headlights and taillights of passing vehicles.",1,18.9,0.2669,True,<DATASET_ROOT>/240322135559_M801C06L62G031_2673_end_extract/drive_24/02
3,"On the left side of the road, there are several cars and a bus, while the right side has a metal railing and a green sign with Korean text.",4,45.6,0.9497,False,<DATASET_ROOT>/240322135559_M801C06L62G031_2673_end_extract/drive_24/02
4,"The sky is overcast, and the trees along the road are bare, suggesting it is winter or early spring.",3,36.7,0.8177,False,<DATASET_ROOT>/240322135559_M801C06L62G031_2673_end_extract/drive_24/02
5,"The vehicle approaches an intersection where a police car is visible, and the traffic light is green, allowing the vehicle to proceed.",9,90.0,0.0256,True,<DATASET_ROOT>/240322135559_M801C06L62G031_2673_end_extract/drive_24/02
6,"The road conditions are wet, and the weather is rainy, as evidenced by the reflections and the raindrops on the windshield.",3,36.7,0.7116,False,<DATASET_ROOT>/240322135559_M801C06L62G031_2673_end_extract/drive_24/02
0,"The ego-vehicle is moving straight along a multi-lane city street that is wet from rain, with visible water droplets on the camera lens.",1,18.9,0.9118,False,<DATASET_ROOT>/241018130234_M801C06L62G031_2673_end_extract/drive_1/03
1,"The road is lined with tall modern buildings and trees, and the traffic is dense with various vehicles, including a black SUV and a white delivery truck with Korean text on its side.",9,90.0,0.9979,False,<DATASET_ROOT>/241018130234_M801C06L62G031_2673_end_extract/drive_1/03
2,"The road is divided into multiple lanes, and the vehicle is in the middle of the flow, navigating through traffic.",9,90.0,0.1635,True,<DATASET_ROOT>/241018130234_M801C06L62G031_2673_end_extract/drive_1/03
3,"The surroundings show a mix of urban infrastructure, including a Starbucks store and a pedestrian crossing, all under a bright but overcast sky.",4,45.6,0.9306,True,<DATASET_ROOT>/241018130234_M801C06L62G031_2673_end_extract/drive_1/03
4,"The video captures the vehicle's steady forward motion through the rain, with the reflections of lights from the vehicles and buildings on the wet surface.",6,63.3,0.937,False,<DATASET_ROOT>/241018130234_M801C06L62G031_2673_end_extract/drive_1/03
0,"The ego-vehicle is moving straight along a three-lane road, which is wet from recent rain, as evidenced by the reflective surface of the asphalt.",1,18.9,0.8921,False,<DATASET_ROOT>/231106095132_M801C06L62G031_2673_end_extract/drive_1/04
1,"The road is lined with trees on both sides, and the foliage appears to be in the autumn season with leaves scattered on the ground.",3,36.7,0.974,False,<DATASET_ROOT>/231106095132_M801C06L62G031_2673_end_extract/drive_1/04
2,"The road is surrounded by modern buildings, including high-rise apartments, and a bridge structure is visible in the distance.",8,81.1,0.4465,False,<DATASET_ROOT>/231106095132_M801C06L62G031_2673_end_extract/drive_1/04
3,"The traffic flow is moderate, with several cars, including a black sedan and a yellow vehicle, traveling in the same direction.",1,18.9,0.1036,False,<DATASET_ROOT>/231106095132_M801C06L62G031_2673_end_extract/drive_1/04
4,"The sun is shining brightly, causing a lens flare effect in the video, and the sky is overcast with clouds.",6,63.3,0.1237,False,<DATASET_ROOT>/231106095132_M801C06L62G031_2673_end_extract/drive_1/04
5,The video captures the vehicle's forward motion as it navigates through the city streets.,4,45.6,0.7809,True,<DATASET_ROOT>/231106095132_M801C06L62G031_2673_end_extract/drive_1/04
0,"The ego-vehicle is moving straight along a two-lane city street on a clear, sunny day.",9,90.0,0.9374,False,<DATASET_ROOT>/240822134456_M801C06L62G031_2673_end_extract/drive_6/02
1,"The road is lined with trees and buildings, and the traffic is moderate with several cars passing by.",6,63.3,0.9755,True,<DATASET_ROOT>/240822134456_M801C06L62G031_2673_end_extract/drive_6/02
2,"The ego-vehicle is in the left lane, and as it progresses, it approaches an intersection where traffic lights are visible.",2,27.8,0.1811,True,<DATASET_ROOT>/240822134456_M801C06L62G031_2673_end_extract/drive_6/02
3,"The traffic light is green, allowing the vehicle to proceed through the intersection.",3,36.7,0.3462,False,<DATASET_ROOT>/240822134456_M801C06L62G031_2673_end_extract/drive_6/02
4,"The road is well-maintained with clear lane markings, and the surrounding environment includes various shops and signs, such as a pharmacy and a convenience store.",9,90.0,0.8787,False,<DATASET_ROOT>/240822134456_M801C06L62G031_2673_end_extract/drive_6/02
5,"The sunlight is bright, casting shadows of the trees and vehicles on the road.",6,63.3,0.9894,False,<DATASET_ROOT>/240822134456_M801C06L62G031_2673_end_extract/drive_6/02
6,"The vehicle maintains a steady pace, navigating smoothly through the urban setting.",9,90.0,0.5492,True,<DATASET_ROOT>/240822134456_M801C06L62G031_2673_end_extract/drive_6/02
0,The ego-vehicle is moving straight along a two-lane city street under a sunny sky with scattered clouds.,4,45.6,0.9754,False,<DATASET_ROOT>/240822084904_M801C06L62G031_2673_end_extract/drive_10/01
1,"The road is clear and well-maintained, with a yellow line marking the center and a solid metal guardrail on the left side.",1,18.9,0.9959,True,<DATASET_ROOT>/240822084904_M801C06L62G031_2673_end_extract/drive_10/01
2,"The road is lined with trees and utility poles, and various roadside objects such as signs and parked vehicles are visible.",5,54.4,0.9472,False,<DATASET_ROOT>/240822084904_M801C06L62G031_2673_end_extract/drive_10/01
3,"On the right side of the road, there is a large parking area with several cars and a blue sign that reads ""Dongwoong"" and ""KATO"".",0,10.0,0.3642,False,<DATASET_ROOT>/240822084904_M801C06L62G031_2673_end_extract/drive_10/01
4,"The traffic flow is steady, with vehicles moving in both directions.",3,36.7,0.2146,False,<DATASET_ROOT>/240822084904_M801C06L62G031_2673_end_extract/drive_10/01
5,"A white delivery truck with ""Dongwoong"" and ""LOEX"" logos is seen on the right side of the road, and a silver sedan passes by on the left.",5,54.4,0.2268,True,<DATASET_ROOT>/240822084904_M801C06L62G031_2673_end_extract/drive_10/01
6,"The camera captures the scene from the perspective of the ego-vehicle, maintaining a consistent forward motion throughout the 10-second clip.",4,45.6,0.4445,False,<DATASET_ROOT>/240822084904_M801C06L62G031_2673_end_extract/drive_10/01
0,"The ego-vehicle is moving straight on a multi-lane city street, with clear road markings indicating lane separation and traffic flow.",4,45.6,0.5707,False,<DATASET_ROOT>/240322135559_M801C06L62G031_2673_end_extract/drive_7/03
1,"The road is a wide, multi-lane highway with several lanes in each direction, and the vehicles are traveling in a moderate flow.",7,72.2,0.28,False,<DATASET_ROOT>/240322135559_M801C06L62G031_2673_end_extract/drive_7/03
2,"The road is lined with modern buildings and a mix of residential and commercial structures, with some construction cranes visible in the background.",2,27.8,0.0203,False,<DATASET_ROOT>/240322135559_M801C06L62G031_2673_end_extract/drive_7/03
3,"The sky is overcast, suggesting cloudy weather, and the lighting is diffused, indicating daytime.",6,63.3,0.2101,False,<DATASET_ROOT>/240322135559_M801C06L62G031_2673_end_extract/drive_7/03
4,"The ego-vehicle is in the middle of the road, surrounded by a variety of vehicles including a blue bus, a silver sedan, a white SUV, a green bus, and a white pickup truck.",6,63.3,0.9288,False,<DATASET_ROOT>/240322135559_M801C06L62G031_2673_end_extract/drive_7/03
5,"The road is well-maintained, with clear lane markings and no visible obstacles or debris.",4,45.6,0.3084,False,<DATASET_ROOT>/240322135559_M801C06L62G031_2673_end_extract/drive_7/03
6,"The traffic appears to be moving at a steady pace, with no signs of congestion or accidents.",7,72.2,0.6836,False,<DATASET_ROOT>/240322135559_M801C06L62G031_2673_end_extract/drive_7/03
7,"The surrounding environment is urban, with trees and streetlights visible along the road, and the overall scene is calm and orderly.",9,90.0,0.0128,False,<DATASET_ROOT>/240322135559_M801C06L62G031_2673_end_extract/drive_7/03
0,"The ego-vehicle is moving straight along a two-lane city street on a clear, sunny day.",9,90.0,0.9432,False,<DATASET_ROOT>/240822084904_M801C06L62G031_2673_end_extract/drive_11/04
1,"The road is painted with a reddish-orange surface, and the lanes are marked with white lines.",0,10.0,0.9985,False,<DATASET_ROOT>/240822084904_M801C06L62G031_2673_end_extract/drive_11/04
2,"A dedicated bike lane is visible on the left side, separated by a black and yellow striped barrier.",0,10.0,0.9532,False,<DATASET_ROOT>/240822084904_M801C06L62G031_2673_end_extract/drive_11/04
3,"The road is lined with buildings, including a brick structure with a green awning on the left.",0,10.0,0.0395,False,<DATASET_ROOT>/240822084904_M801C06L62G031_2673_end_extract/drive_11/04
4,"Overhead, numerous power lines and traffic signs are visible, including a blue sign indicating directions to ""Gangdong"" and ""Ganghong."" The ego-vehicle is following a white pickup truck, which is driving in the same direction.",8,81.1,0.9766,False,<DATASET_ROOT>/240822084904_M801C06L62G031_2673_end_extract/drive_11/04
5,"The pickup truck has ""가축청역"" written on its back.",9,90.0,0.201,False,<DATASET_ROOT>/240822084904_M801C06L62G031_2673_end_extract/drive_11/04
6,"The road ahead features an intersection with a crosswalk and a traffic light, and other vehicles, including a silver sedan and a white SUV, are present on the road.",8,81.1,0.9562,True,<DATASET_ROOT>/240822084904_M801C06L62G031_2673_end_extract/drive_11/04
7,"The sky is bright blue with scattered white clouds, and the overall visibility is excellent.",5,54.4,0.5225,False,<DATASET_ROOT>/240822084904_M801C06L62G031_2673_end_extract/drive_11/04
0,"The ego-vehicle is moving straight along a two-lane city street, with a clear and well-maintained road surface.",3,36.7,0.2649,False,<DATASET_ROOT>/240322135559_M801C06L62G031_2673_end_extract/drive_12/01
1,"The road is lined with various buildings, including modern high-rise structures and older commercial buildings, some with visible signage such as ""GLA STORE"" and ""HOTEL."" The street is bustling with traffic, including cars, a green bus, and a motorcycle.",0,10.0,0.8783,False,<DATASET_ROOT>/240322135559_M801C06L62G031_2673_end_extract/drive_12/01
2,"The vehicles are moving in both directions, with the ego-vehicle maintaining a steady pace.",7,72.2,0.494,False,<DATASET_ROOT>/240322135559_M801C06L62G031_2673_end_extract/drive_12/01
3,"The road is marked with white arrows indicating the direction of travel, and the lane markings are clearly visible.",3,36.7,0.2973,False,<DATASET_ROOT>/240322135559_M801C06L62G031_2673_end_extract/drive_12/01
4,"The weather is cloudy, and the sky is overcast, creating a diffused light that illuminates the scene.",1,18.9,0.1717,False,<DATASET_ROOT>/240322135559_M801C06L62G031_2673_end_extract/drive_12/01
5,"The road is relatively wide, with traffic flowing smoothly, and the surrounding area is filled with pedestrians and other vehicles, indicating a busy urban environment.",2,27.8,0.3433,False,<DATASET_ROOT>/240322135559_M801C06L62G031_2673_end_extract/drive_12/01
6,"The ego-vehicle is positioned in the right lane, and the traffic flow is consistent throughout the clip.",7,72.2,0.464,False,<DATASET_ROOT>/240322135559_M801C06L62G031_2673_end_extract/drive_12/01
0,"The ego-vehicle is moving straight along a city street with a clear, two-lane road marked by a double yellow line.",9,90.0,0.9799,False,<DATASET_ROOT>/240529140943_M801C06L62G031_2673_end_extract/drive_22/02
1,"The road is lined with various buildings, including modern glass structures on the left and older brick buildings on the right, with numerous signs and storefronts visible.",3,36.7,0.9351,False,<DATASET_ROOT>/240529140943_M801C06L62G031_2673_end_extract/drive_22/02
2,"The sky is bright and sunny, indicating a clear day, with the sunlight casting shadows across the road.",7,72.2,0.9309,True,<DATASET_ROOT>/240529140943_M801C06L62G031_2673_end_extract/drive_22/02
3,"The traffic flow is moderate, with several vehicles including a black sedan, a white SUV, and a silver sedan visible on the road.",9,90.0,0.8602,False,<DATASET_ROOT>/240529140943_M801C06L62G031_2673_end_extract/drive_22/02
4,"The ego-vehicle is positioned in the right lane, approaching a crosswalk where other vehicles, including a white car and a black SUV, are also present.",9,90.0,0.9666,True,<DATASET_ROOT>/240529140943_M801C06L62G031_2673_end_extract/drive_22/02
5,"The crosswalk is marked with white stripes, and traffic lights are visible above the intersection.",8,81.1,0.9732,True,<DATASET_ROOT>/240529140943_M801C06L62G031_2673_end_extract/drive_22/02
6,"The road appears to be well-maintained and clear, with no visible obstructions or hazards.",7,72.2,0.3402,False,<DATASET_ROOT>/240529140943_M801C06L62G031_2673_end_extract/drive_22/02
0,"The ego-vehicle is moving straight on a three-lane overpass road that appears to be wet from recent rain, as evidenced by the reflective surface of the asphalt.",1,18.9,0.8537,True,<DATASET_ROOT>/241018130234_M801C06L62G031_2673_end_extract/drive_12/03
1,"The road is flanked by metal guardrails and various roadside signs, including a prominent yellow sign with Korean text.",0,10.0,0.6265,False,<DATASET_ROOT>/241018130234_M801C06L62G031_2673_end_extract/drive_12/03
2,"The traffic flow is moderate, with vehicles moving in both directions, and the surrounding area includes a mix of modern high-rise buildings and lower residential structures.",7,72.2,0.1811,False,<DATASET_ROOT>/241018130234_M801C06L62G031_2673_end_extract/drive_12/03
3,"The sky is overcast with clouds, indicating a rainy day, and the overall lighting is dim, consistent with the time of day being late afternoon or early evening.",6,63.3,0.3393,False,<DATASET_ROOT>/241018130234_M801C06L62G031_2673_end_extract/drive_12/03
4,"The ego-vehicle is traveling in the middle lane, with a motorcycle ahead and several cars on the left and right sides of the road.",3,36.7,0.9638,False,<DATASET_ROOT>/241018130234_M801C06L62G031_2673_end_extract/drive_12/03
5,"The scene is bustling with activity, and the visibility is clear enough to identify the vehicles and road markings.",8,81.1,0.2202,False,<DATASET_ROOT>/241018130234_M801C06L62G031_2673_end_extract/drive_12/03
0,"The ego-vehicle is moving straight on a three-lane city street that is wet from rain, with visible water droplets on the windshield.",1,18.9,0.7355,False,<DATASET_ROOT>/241018130234_M801C06L62G031_2673_end_extract/drive_4/02
1,"The road is paved and has white lane markings, with the ego-vehicle in the center lane.",8,81.1,0.0287,True,<DATASET_ROOT>/241018130234_M801C06L62G031_2673_end_extract/drive_4/02
2,"On the left side of the road, there is a concrete barrier, and on the right, there are trees and some roadside structures.",7,72.2,0.6669,False,<DATASET_ROOT>/241018130234_M801C06L62G031_2673_end_extract/drive_4/02
3,"Several vehicles are visible in the distance, including a white car and a black SUV, both in the same direction.",4,45.6,0.1341,False,<DATASET_ROOT>/241018130234_M801C06L62G031_2673_end_extract/drive_4/02
4,"The road is flanked by streetlights and traffic signs, including a speed limit sign indicating 60 km/h.",5,54.4,0.0926,False,<DATASET_ROOT>/241018130234_M801C06L62G031_2673_end_extract/drive_4/02
5,"The sky is overcast, and the overall lighting is dim due to the rain.",6,63.3,0.4821,False,<DATASET_ROOT>/241018130234_M801C06L62G031_2673_end_extract/drive_4/02
6,The ego-vehicle maintains a steady speed as it travels along the wet road.,0,10.0,0.1355,False,<DATASET_ROOT>/241018130234_M801C06L62G031_2673_end_extract/drive_4/02
0,"The ego-vehicle is moving straight along a wet city street, navigating through a three-lane road with a clear lane marked by a yellow line on the right side.",4,45.6,0.6551,True,<DATASET_ROOT>/241018130234_M801C06L62G031_2673_end_extract/drive_5/01
1,"The road is flanked by tall buildings on the left and a transparent glass barrier on the right, which separates the roadway from a pedestrian walkway.",1,18.9,0.8571,False,<DATASET_ROOT>/241018130234_M801C06L62G031_2673_end_extract/drive_5/01
2,"Raindrops are visible on the camera lens, indicating that it is currently raining, and the road surface appears slick from the water.",8,81.1,0.8805,False,<DATASET_ROOT>/241018130234_M801C06L62G031_2673_end_extract/drive_5/01
3,"The traffic flow is moderate, with several vehicles ahead, including a silver van in the adjacent lane and a white car on the left.",1,18.9,0.3128,False,<DATASET_ROOT>/241018130234_M801C06L62G031_2673_end_extract/drive_5/01
4,"The surroundings include streetlights and various signs, including one with the text ""SR알파리"" on the right side of the road.",2,27.8,0.0058,False,<DATASET_ROOT>/241018130234_M801C06L62G031_2673_end_extract/drive_5/01
5,"The visibility is somewhat limited due to the rain, but the scene is well-lit by daylight.",5,54.4,0.5437,False,<DATASET_ROOT>/241018130234_M801C06L62G031_2673_end_extract/drive_5/01
0,"The ego-vehicle is moving straight along a multi-lane city street during the daytime, with clear and well-maintained road conditions.",3,36.7,0.8638,False,<DATASET_ROOT>/240530090206_M801C06L62G031_2673_end_extract/drive_1/03
1,"The road is wide and features multiple lanes with white dashed lines separating them, and a blue line marking the speed limit of 50 km/h.",3,36.7,0.9892,False,<DATASET_ROOT>/240530090206_M801C06L62G031_2673_end_extract/drive_1/03
2,"The surrounding area is filled with modern buildings, including a prominent NC building on the left and a Ramada hotel on the right.",2,27.8,0.991,False,<DATASET_ROOT>/240530090206_M801C06L62G031_2673_end_extract/drive_1/03
3,"Several cars, including a white sedan and a red van, are visible in the adjacent lanes, while a large orange delivery truck is parked on the right side of the road.",9,90.0,0.6513,False,<DATASET_ROOT>/240530090206_M801C06L62G031_2673_end_extract/drive_1/03
4,"A bus is seen approaching from the right, and a few bicycles are parked along the sidewalk.",4,45.6,0.0054,True,<DATASET_ROOT>/240530090206_M801C06L62G031_2673_end_extract/drive_1/03
5,"The sky is bright and sunny, indicating clear weather, and the overall scene suggests a bustling urban environment.",1,18.9,0.2436,False,<DATASET_ROOT>/240530090206_M801C06L62G031_2673_end_extract/drive_1/03
0,"The ego-vehicle is moving straight along a three-lane city street, with the road appearing clear and well-maintained under a cloudy sky.",8,81.1,0.1801,False,<DATASET_ROOT>/240322135559_M801C06L62G031_2673_end_extract/drive_3/02
1,"The lanes are separated by white lines, and the road is flanked by tall buildings and a dark concrete wall on the left side.",0,10.0,0.9995,False,<DATASET_ROOT>/240322135559_M801C06L62G031_2673_end_extract/drive_3/02
2,"Several vehicles are traveling in the same direction, including a silver SUV in the center lane, a black sedan on the right, and a white sedan on the left.",0,10.0,0.9955,True,<DATASET_ROOT>/240322135559_M801C06L62G031_2673_end_extract/drive_3/02
3,"A yellow taxi is visible in the distance, and a black car is approaching from the right.",7,72.2,0.952,True,<DATASET_ROOT>/240322135559_M801C06L62G031_2673_end_extract/drive_3/02
4,A construction worker wearing a yellow vest is walking on the sidewalk near the right side of the road.,6,63.3,0.7836,False,<DATASET_ROOT>/240322135559_M801C06L62G031_2673_end_extract/drive_3/02
5,"The road is lined with streetlights and a few trees, and there are no visible intersections or traffic signs.",4,45.6,0.0098,False,<DATASET_ROOT>/240322135559_M801C06L62G031_2673_end_extract/drive_3/02
6,"The overall traffic flow is steady, and the visibility is good, allowing for clear observation of all vehicles and surrounding elements.",2,27.8,0.6295,False,<DATASET_ROOT>/240322135559_M801C06L62G031_2673_end_extract/drive_3/02
0,The video captures a front-view ego-vehicle driving on a city street during the daytime under a sunny sky with scattered clouds.,4,45.6,0.9947,False,<DATASET_ROOT>/240822084904_M801C06L62G031_2673_end_extract/drive_2/01
1,"The road is a three-lane road with a clear and well-maintained surface, featuring white lane markings and a crosswalk in the middle.",0,10.0,0.9254,True,<DATASET_ROOT>/240822084904_M801C06L62G031_2673_end_extract/drive_2/01
2,"The ego-vehicle is moving straight ahead, passing through a traffic intersection where a green traffic light is visible, allowing the vehicle to proceed.",6,63.3,0.6316,True,<DATASET_ROOT>/240822084904_M801C06L62G031_2673_end_extract/drive_2/01
3,"On the left side of the road, a white car is seen approaching the intersection from the opposite direction, while a black pickup truck is visible on the right side of the road.",7,72.2,0.7232,True,<DATASET_ROOT>/240822084904_M801C06L62G031_2673_end_extract/drive_2/01
4,"In the background, several high-rise apartment buildings are visible, along with trees and some commercial buildings, indicating a dense urban environment.",1,18.9,0.765,False,<DATASET_ROOT>/240822084904_M801C06L62G031_2673_end_extract/drive_2/01
5,"The road is surrounded by greenery and street signs, including a yellow sign with a blue arrow, which likely indicates a specific direction or traffic rule.",8,81.1,0.2793,False,<DATASET_ROOT>/240822084904_M801C06L62G031_2673_end_extract/drive_2/01
6,"The overall scene is calm with moderate traffic flow, and the visibility is excellent due to the clear weather conditions.",8,81.1,0.1885,False,<DATASET_ROOT>/240822084904_M801C06L62G031_2673_end_extract/drive_2/01
0,"The ego-vehicle is moving straight along a clear, two-lane city street under a sunny sky with scattered clouds.",3,36.7,0.9957,False,<DATASET_ROOT>/240822084904_M801C06L62G031_2673_end_extract/drive_17/04
1,The road is well-maintained with visible lane markings and a yellow dividing line on the left side.,1,18.9,0.6075,False,<DATASET_ROOT>/240822084904_M801C06L62G031_2673_end_extract/drive_17/04
2,"The street is lined with multi-story buildings, some with storefronts and signage, while others are residential.",0,10.0,0.6702,False,<DATASET_ROOT>/240822084904_M801C06L62G031_2673_end_extract/drive_17/04
3,"Trees are planted along the sidewalks, casting shadows on the road.",7,72.2,0.9678,False,<DATASET_ROOT>/240822084904_M801C06L62G031_2673_end_extract/drive_17/04
4,"A white car is visible ahead, driving in the same direction, and other vehicles are present in the distance.",7,72.2,0.7231,False,<DATASET_ROOT>/240822084904_M801C06L62G031_2673_end_extract/drive_17/04
5,"The road appears to be relatively empty, with no significant traffic congestion.",8,81.1,0.646,False,<DATASET_ROOT>/240822084904_M801C06L62G031_2673_end_extract/drive_17/04
6,"The scene is captured during the daytime, with bright sunlight illuminating the street and buildings.",1,18.9,0.8698,False,<DATASET_ROOT>/240822084904_M801C06L62G031_2673_end_extract/drive_17/04
7,"The camera remains steady, providing a continuous forward view of the road ahead.",4,45.6,0.866,False,<DATASET_ROOT>/240822084904_M801C06L62G031_2673_end_extract/drive_17/04
0,"The ego-vehicle is driving on a three-lane road that appears to be wet, likely from recent rain, as evidenced by the reflective surface of the road and scattered fallen leaves.",4,45.6,0.9643,False,<DATASET_ROOT>/231106095132_M801C06L62G031_2673_end_extract/drive_1/01
1,"The vehicle is moving forward on the rightmost lane, approaching an intersection with a visible blue road sign indicating directions to ""Eonju-ro"" and ""Gangnam-ro."" As the vehicle progresses, it turns right at the intersection, navigating through a busy urban environment with multiple lanes of traffic.",2,27.8,0.8057,True,<DATASET_ROOT>/231106095132_M801C06L62G031_2673_end_extract/drive_1/01
2,"The surrounding area features tall modern buildings, trees with autumn foliage, and a mix of parked and moving vehicles.",5,54.4,0.9955,False,<DATASET_ROOT>/231106095132_M801C06L62G031_2673_end_extract/drive_1/01
3,"The road is lined with orange traffic cones and a pedestrian crossing, indicating ongoing construction or maintenance work.",7,72.2,0.6213,True,<DATASET_ROOT>/231106095132_M801C06L62G031_2673_end_extract/drive_1/01
4,"The scene is captured during the daytime under a cloudy sky, which diffuses the sunlight and reduces glare, providing clear visibility for the driver.",9,90.0,0.1888,False,<DATASET_ROOT>/231106095132_M801C06L62G031_2673_end_extract/drive_1/01
0,"The ego-vehicle is moving straight on a three-lane road, with the road appearing clear and well-maintained under a sunny sky.",9,90.0,0.4767,False,<DATASET_ROOT>/240529140943_M801C06L62G031_2673_end_extract/drive_28/04
1,"The sun is positioned high in the sky, creating a bright glare and lens flare on the camera lens.",9,90.0,0.877,False,<DATASET_ROOT>/240529140943_M801C06L62G031_2673_end_extract/drive_28/04
2,"The road features white lane markings and a designated pedestrian crossing, with traffic signs indicating a green light for the current direction of travel.",4,45.6,0.32,True,<DATASET_ROOT>/240529140943_M801C06L62G031_2673_end_extract/drive_28/04
3,"The road intersects with other lanes, where multiple vehicles, including a silver sedan and a white SUV, are visible in the adjacent lanes.",8,81.1,0.7683,False,<DATASET_ROOT>/240529140943_M801C06L62G031_2673_end_extract/drive_28/04
4,"The surrounding area includes modern buildings with glass facades and a sign that reads ""전기판넬"" (electric panel) on the right side of the road.",4,45.6,0.2174,False,<DATASET_ROOT>/240529140943_M801C06L62G031_2673_end_extract/drive_28/04
5,"The traffic flow is moderate, with vehicles moving in a steady manner, and the overall scene is well-lit, indicating that the capture time is daytime.",2,27.8,0.5999,False,<DATASET_ROOT>/240529140943_M801C06L62G031_2673_end_extract/drive_28/04
0,"The ego-vehicle is moving straight along a three-lane city street during the daytime, with clear visibility and sunny weather.",3,36.7,0.7694,False,<DATASET_ROOT>/240530090206_M801C06L62G031_2673_end_extract/drive_8/01
1,"The road is lined with modern buildings, including a prominent curved glass skyscraper on the left, and various commercial signs in Korean.",2,27.8,0.9509,False,<DATASET_ROOT>/240530090206_M801C06L62G031_2673_end_extract/drive_8/01
2,"The road has a clear white arrow directing traffic forward, with a blue line marking the right lane.",3,36.7,0.9822,False,<DATASET_ROOT>/240530090206_M801C06L62G031_2673_end_extract/drive_8/01
3,"As the vehicle progresses, it passes a yellow bus on the left, a white car in the adjacent lane, and a black sedan in the same direction.",8,81.1,0.9306,True,<DATASET_ROOT>/240530090206_M801C06L62G031_2673_end_extract/drive_8/01
4,"The road is intersected by a traffic light that shows green, allowing the vehicle to continue.",6,63.3,0.3017,False,<DATASET_ROOT>/240530090206_M801C06L62G031_2673_end_extract/drive_8/01
5,"A bus stop with a sign reading ""대중교통"" (public transportation) is visible on the right side of the road.",6,63.3,0.1654,True,<DATASET_ROOT>/240530090206_M801C06L62G031_2673_end_extract/drive_8/01
6,"The road surface is smooth and well-maintained, with a few trees and greenery along the sidewalks.",9,90.0,0.1359,False,<DATASET_ROOT>/240530090206_M801C06L62G031_2673_end_extract/drive_8/01
7,The video captures the vehicle's steady forward motion through a bustling urban environment.,0,10.0,0.9338,False,<DATASET_ROOT>/240530090206_M801C06L62G031_2673_end_extract/drive_8/01
0,The video captures a front-view ego-vehicle driving through a bustling city street on a rainy day.,8,81.1,0.9721,False,<DATASET_ROOT>/231106095132_M801C06L62G031_2673_end_extract/drive_5/04
1,"The road is wet, with visible raindrops on the camera lens, indicating ongoing precipitation.",7,72.2,0.7731,False,<DATASET_ROOT>/231106095132_M801C06L62G031_2673_end_extract/drive_5/04
2,"The ego-vehicle is moving straight along a multi-lane highway, navigating through a busy urban environment.",0,10.0,0.0211,True,<DATASET_ROOT>/231106095132_M801C06L62G031_2673_end_extract/drive_5/04
3,"The road features white lane markings and a crosswalk, with a blue bus directly ahead in the same direction.",0,10.0,0.9502,True,<DATASET_ROOT>/231106095132_M801C06L62G031_2673_end_extract/drive_5/04
4,"The bus has a yellow banner with Korean text reading ""대한민국 KBS-Prime Club"" and the number ""3"" on the back.",9,90.0,0.837,False,<DATASET_ROOT>/231106095132_M801C06L62G031_2673_end_extract/drive_5/04
5,"To the left, a black SUV is visible, and other vehicles, including a white van and a black sedan, are present in the adjacent lanes.",1,18.9,0.0268,False,<DATASET_ROOT>/231106095132_M801C06L62G031_2673_end_extract/drive_5/04
6,"The surrounding area is lined with tall buildings, some with reflective glass facades, and festive lights adorn the trees along the roadside.",6,63.3,0.0438,False,<DATASET_ROOT>/231106095132_M801C06L62G031_2673_end_extract/drive_5/04
7,"The traffic appears to be moderate, with vehicles maintaining a steady flow.",9,90.0,0.2444,False,<DATASET_ROOT>/231106095132_M801C06L62G031_2673_end_extract/drive_5/04
8,"The overall scene reflects a typical city traffic environment during the day, with the weather conditions adding a reflective and slightly subdued atmosphere to the visuals.",7,72.2,0.5489,False,<DATASET_ROOT>/231106095132_M801C06L62G031_2673_end_extract/drive_5/04
0,"The ego-vehicle is moving straight along a two-lane city street, with a clear road surface and well-defined lane markings.",8,81.1,0.4886,False,<DATASET_ROOT>/240822134456_M801C06L62G031_2673_end_extract/drive_1/01
1,The road is bordered by a yellow dividing line and a white arrow indicating the direction of travel.,0,10.0,0.9806,False,<DATASET_ROOT>/240822134456_M801C06L62G031_2673_end_extract/drive_1/01
2,"As the vehicle progresses, it approaches a crosswalk marked with white stripes and a pedestrian crossing symbol, with a traffic light visible ahead.",5,54.4,0.9119,True,<DATASET_ROOT>/240822134456_M801C06L62G031_2673_end_extract/drive_1/01
3,"The road is lined with various buildings, including residential and commercial structures, and a few vehicles are seen in the adjacent lanes.",8,81.1,0.9559,False,<DATASET_ROOT>/240822134456_M801C06L62G031_2673_end_extract/drive_1/01
4,"The sky is bright and sunny, with scattered clouds, indicating a pleasant daytime environment.",9,90.0,0.2073,False,<DATASET_ROOT>/240822134456_M801C06L62G031_2673_end_extract/drive_1/01
5,The road appears to be in good condition with no visible debris or damage.,7,72.2,0.6,False,<DATASET_ROOT>/240822134456_M801C06L62G031_2673_end_extract/drive_1/01
6,"The ego-vehicle maintains a steady speed, and the surrounding traffic flows smoothly.",8,81.1,0.0358,False,<DATASET_ROOT>/240822134456_M801C06L62G031_2673_end_extract/drive_1/01
0,The video captures a front-view of a car driving on a three-lane city street during the daytime under sunny conditions.,0,10.0,0.9806,False,<DATASET_ROOT>/240529140943_M801C06L62G031_2673_end_extract/drive_7/04
1,"The road is clear and well-maintained, with white lane markings and a blue lane marking on the right side.",0,10.0,0.9703,False,<DATASET_ROOT>/240529140943_M801C06L62G031_2673_end_extract/drive_7/04
2,"The ego-vehicle is in the middle lane, moving forward and maintaining a steady speed.",0,10.0,0.8321,False,<DATASET_ROOT>/240529140943_M801C06L62G031_2673_end_extract/drive_7/04
3,"On the left side of the road, there is a white car in the adjacent lane, and further ahead, a black sedan is also visible.",4,45.6,0.8445,False,<DATASET_ROOT>/240529140943_M801C06L62G031_2673_end_extract/drive_7/04
4,"On the right side, a white SUV is in the same lane, and a black sedan is seen in the adjacent lane.",4,45.6,0.9696,False,<DATASET_ROOT>/240529140943_M801C06L62G031_2673_end_extract/drive_7/04
5,"The road is lined with buildings and shops, including a sign that reads ""DUI KOREA"" and another that says ""일리츠산유통."" The traffic flow is moderate, with vehicles moving in both directions.",4,45.6,0.8638,False,<DATASET_ROOT>/240529140943_M801C06L62G031_2673_end_extract/drive_7/04
6,"The sky is blue with some clouds, and the sunlight casts clear shadows on the road.",8,81.1,0.7984,False,<DATASET_ROOT>/240529140943_M801C06L62G031_2673_end_extract/drive_7/04
0,"The ego-vehicle is moving straight along a two-lane city street under a clear, sunny sky.",1,18.9,0.9571,False,<DATASET_ROOT>/240529140943_M801C06L62G031_2673_end_extract/drive_24/03
1,The road is well-maintained with white lane markings and a yellow and black bollard barrier on the left side.,3,36.7,0.3492,False,<DATASET_ROOT>/240529140943_M801C06L62G031_2673_end_extract/drive_24/03
2,"As the vehicle progresses, a white van is directly ahead, while a dark gray SUV is on the right side of the road, slightly ahead of the ego-vehicle.",1,18.9,0.9836,False,<DATASET_ROOT>/240529140943_M801C06L62G031_2673_end_extract/drive_24/03
3,"The road is lined with various buildings, including a tall white structure on the left and several smaller commercial buildings on the right.",6,63.3,0.7674,False,<DATASET_ROOT>/240529140943_M801C06L62G031_2673_end_extract/drive_24/03
4,"There are multiple signs visible, including a blue sign with Korean text indicating a direction, and a large billboard on the right side displaying the name ""GOGO"" and other text.",0,10.0,0.1471,False,<DATASET_ROOT>/240529140943_M801C06L62G031_2673_end_extract/drive_24/03
5,"The visibility is excellent, with no obstructions or adverse weather conditions.",9,90.0,0.0411,False,<DATASET_ROOT>/240529140943_M801C06L62G031_2673_end_extract/drive_24/03
6,"The scene is illuminated by bright sunlight, casting shadows on the road.",9,90.0,0.2407,False,<DATASET_ROOT>/240529140943_M801C06L62G031_2673_end_extract/drive_24/03
7,"The overall traffic flow appears to be light, with no significant congestion or abrupt changes in traffic patterns.",0,10.0,0.1361,False,<DATASET_ROOT>/240529140943_M801C06L62G031_2673_end_extract/drive_24/03
0,"The video captures a front-view of a wet, two-lane road at an intersection, with the ego-vehicle initially stopped at the intersection.",9,90.0,0.9039,True,<DATASET_ROOT>/240325141234_M801C06L62G031_2673_end_extract/drive_9/02
1,"Raindrops are visible on the camera lens, indicating rainy weather conditions.",0,10.0,0.3645,False,<DATASET_ROOT>/240325141234_M801C06L62G031_2673_end_extract/drive_9/02
2,"The road is marked with white lines, including a solid white arrow directing traffic.",0,10.0,0.3239,False,<DATASET_ROOT>/240325141234_M801C06L62G031_2673_end_extract/drive_9/02
3,"A black sedan passes through the intersection, while a white taxi with a cartoon character on the side is seen approaching from the left, eventually stopping in the same lane as the ego-vehicle.",7,72.2,0.8594,True,<DATASET_ROOT>/240325141234_M801C06L62G031_2673_end_extract/drive_9/02
4,"The traffic light above the intersection is yellow, suggesting a cautionary signal.",6,63.3,0.241,False,<DATASET_ROOT>/240325141234_M801C06L62G031_2673_end_extract/drive_9/02
5,"A gray pickup truck is visible on the right side of the road, and a small yellow sign with the word ""kakaoT"" is visible on the left.",8,81.1,0.0752,False,<DATASET_ROOT>/240325141234_M801C06L62G031_2673_end_extract/drive_9/02
6,"The surrounding area includes trees and buildings, and the sky is overcast.",0,10.0,0.2986,False,<DATASET_ROOT>/240325141234_M801C06L62G031_2673_end_extract/drive_9/02
7,"The ego-vehicle remains stationary throughout the 10-second clip, observing the traffic flow.",3,36.7,0.1261,False,<DATASET_ROOT>/240325141234_M801C06L62G031_2673_end_extract/drive_9/02
0,"The ego-vehicle is moving straight through a tunnel, with its front view capturing the motion of the vehicle as it navigates the enclosed space.",1,18.9,0.9408,True,<DATASET_ROOT>/240205094744_M801C06L62G031_2673_end_extract/drive_1/04
1,"The tunnel has a three-lane road layout, with the ego-vehicle positioned in the middle lane.",0,10.0,0.5945,False,<DATASET_ROOT>/240205094744_M801C06L62G031_2673_end_extract/drive_1/04
2,"The road surface is wet, indicating it is raining, and this is evident from the bright, blurred light patterns on the windshield, which appear as hexagonal bokeh effects.",6,63.3,0.7169,False,<DATASET_ROOT>/240205094744_M801C06L62G031_2673_end_extract/drive_1/04
3,"The tunnel walls are lined with white tiles, and the ceiling is illuminated with bright lights that create a strong contrast with the dark interior.",0,10.0,0.9066,False,<DATASET_ROOT>/240205094744_M801C06L62G031_2673_end_extract/drive_1/04
4,"Other vehicles are visible ahead and on the sides of the road; a white car is directly in front, followed by a black car to the left, and a white SUV to the right.",8,81.1,0.7522,False,<DATASET_ROOT>/240205094744_M801C06L62G031_2673_end_extract/drive_1/04
5,"The traffic flow appears to be moderate, with several cars moving in the same direction.",8,81.1,0.188,False,<DATASET_ROOT>/240205094744_M801C06L62G031_2673_end_extract/drive_1/04
6,"The camera remains steady, capturing the movement of the ego-vehicle as it advances through the tunnel, with the surrounding vehicles gradually moving past.",8,81.1,0.9983,False,<DATASET_ROOT>/240205094744_M801C06L62G031_2673_end_extract/drive_1/04
7,"The overall scene is illuminated by the artificial lighting of the tunnel, and the visibility is clear despite the wet road conditions.",7,72.2,0.7861,False,<DATASET_ROOT>/240205094744_M801C06L62G031_2673_end_extract/drive_1/04
0,"The video captures a front-view ego-vehicle stopped at an intersection on a wet, two-lane road during the daytime.",2,27.8,0.9661,True,<DATASET_ROOT>/240325141234_M801C06L62G031_2673_end_extract/drive_9/03
1,"Raindrops are visible on the camera's lens, reducing visibility and creating a blurred effect.",9,90.0,0.367,False,<DATASET_ROOT>/240325141234_M801C06L62G031_2673_end_extract/drive_9/03
2,"The road is marked with white lines, including a solid white arrow pointing forward and dashed lines indicating lane separation.",4,45.6,0.3184,False,<DATASET_ROOT>/240325141234_M801C06L62G031_2673_end_extract/drive_9/03
3,"The intersection has traffic lights above, with the signals showing green, indicating that vehicles can proceed.",8,81.1,0.3436,False,<DATASET_ROOT>/240325141234_M801C06L62G031_2673_end_extract/drive_9/03
4,"A white sedan and a gray pickup truck are seen moving through the intersection, while other vehicles are visible in the distance.",1,18.9,0.571,False,<DATASET_ROOT>/240325141234_M801C06L62G031_2673_end_extract/drive_9/03
5,"The road is surrounded by trees and buildings, and the overall scene suggests a typical urban environment.",5,54.4,0.3142,False,<DATASET_ROOT>/240325141234_M801C06L62G031_2673_end_extract/drive_9/03
6,"The weather is rainy, and the road surface is visibly wet, reflecting the light and making the scene appear darker.",9,90.0,0.8254,False,<DATASET_ROOT>/240325141234_M801C06L62G031_2673_end_extract/drive_9/03
0,"The ego-vehicle is driving on a three-lane city street at night, with the road surface appearing wet from recent rain, as indicated by the reflections of streetlights and vehicle headlights on the pavement.",3,36.7,0.9585,False,<DATASET_ROOT>/241018130234_M801C06L62G031_2673_end_extract/drive_14/01
1,"The vehicle is moving forward through a busy urban environment, navigating a straight path with traffic flowing in both directions.",1,18.9,0.2009,True,<DATASET_ROOT>/241018130234_M801C06L62G031_2673_end_extract/drive_14/01
2,"The road is lined with illuminated buildings and storefronts, including signs for ""CANDY LAND"" and ""FROZEN,"" and the surrounding area is filled with various vehicles, including a black SUV and a white sedan, which are positioned ahead and to the right.",7,72.2,0.4729,False,<DATASET_ROOT>/241018130234_M801C06L62G031_2673_end_extract/drive_14/01
3,"The ego-vehicle is in the middle lane, and the traffic flow is steady, with no apparent congestion.",1,18.9,0.0375,False,<DATASET_ROOT>/241018130234_M801C06L62G031_2673_end_extract/drive_14/01
4,"The scene is characterized by the dim lighting of the night, with streetlights and vehicle lights creating a mix of bright and dark areas, and the visibility is somewhat limited due to the wet conditions and the distance from the camera.",7,72.2,0.949,False,<DATASET_ROOT>/241018130234_M801C06L62G031_2673_end_extract/drive_14/01
5,"The ego-vehicle maintains a consistent speed and direction, following the flow of traffic on the wet city street.",3,36.7,0.0979,False,<DATASET_ROOT>/241018130234_M801C06L62G031_2673_end_extract/drive_14/01
0,"The ego-vehicle is moving straight along a multi-lane city street that is wet from rain, with visible water droplets on the camera lens.",6,63.3,0.596,False,<DATASET_ROOT>/240205094744_M801C06L62G031_2673_end_extract/drive_8/04
1,"The road is paved and features white lane markings, including arrows indicating traffic direction.",9,90.0,0.3726,False,<DATASET_ROOT>/240205094744_M801C06L62G031_2673_end_extract/drive_8/04
2,"The road is flanked by modern buildings, some with glass facades, and leafless trees, suggesting a winter or early spring season.",6,63.3,0.9526,False,<DATASET_ROOT>/240205094744_M801C06L62G031_2673_end_extract/drive_8/04
3,"Several vehicles are visible in the adjacent lanes, including a white van, a blue truck with its lights on, and a black car passing on the left.",1,18.9,0.2131,True,<DATASET_ROOT>/240205094744_M801C06L62G031_2673_end_extract/drive_8/04
4,"A green overhead sign is visible above the road, indicating directions to ""SINCHI"" and ""GANGNAM,"" while a ""CHICKEN"" restaurant sign is present on a building on the right side.",2,27.8,0.0465,False,<DATASET_ROOT>/240205094744_M801C06L62G031_2673_end_extract/drive_8/04
5,"The sky is overcast, and the overall lighting is dim, consistent with a rainy day.",5,54.4,0.1052,False,<DATASET_ROOT>/240205094744_M801C06L62G031_2673_end_extract/drive_8/04
6,"The ego-vehicle maintains a steady pace, navigating through the traffic with minimal change in direction.",6,63.3,0.0859,True,<DATASET_ROOT>/240205094744_M801C06L62G031_2673_end_extract/drive_8/04
0,"The ego-vehicle is driving on a two-lane city street during the daytime, with clear and sunny weather conditions.",1,18.9,0.7651,False,<DATASET_ROOT>/240530090206_M801C06L62G031_2673_end_extract/drive_7/02
1,"The road is marked with white pedestrian crosswalks and yellow dividing lines, and the vehicle is navigating a crosswalk as it approaches an intersection.",1,18.9,0.9936,True,<DATASET_ROOT>/240530090206_M801C06L62G031_2673_end_extract/drive_7/02
2,"The surrounding environment features a mix of modern and traditional buildings, including a distinctive red-brick building with a rooftop structure.",1,18.9,0.0162,False,<DATASET_ROOT>/240530090206_M801C06L62G031_2673_end_extract/drive_7/02
3,"Other vehicles are present on the road, including a white car and a silver SUV, which are moving in the same direction.",2,27.8,0.993,False,<DATASET_ROOT>/240530090206_M801C06L62G031_2673_end_extract/drive_7/02
4,"The road is lined with trees and streetlights, and a blue traffic sign is visible on the right side of the road.",9,90.0,0.1713,False,<DATASET_ROOT>/240530090206_M801C06L62G031_2673_end_extract/drive_7/02
5,"The ego-vehicle turns right at the intersection, and the camera captures the movement as it continues forward.",2,27.8,0.7067,True,<DATASET_ROOT>/240530090206_M801C06L62G031_2673_end_extract/drive_7/02
6,"The road appears to be well-maintained, with no visible debris or obstructions.",9,90.0,0.5663,False,<DATASET_ROOT>/240530090206_M801C06L62G031_2673_end_extract/drive_7/02
0,"The ego-vehicle is moving straight on a multi-lane city street, navigating through a dense traffic flow during the daytime.",9,90.0,0.1722,True,<DATASET_ROOT>/240205094744_M801C06L62G031_2673_end_extract/drive_4/03
1,"The road is wet, with raindrops visible on the camera lens, creating a blurred effect as the vehicle progresses.",6,63.3,0.6801,False,<DATASET_ROOT>/240205094744_M801C06L62G031_2673_end_extract/drive_4/03
2,"The road is lined with tall buildings on both sides, and the surrounding environment includes various vehicles such as sedans, SUVs, and a blue bus, all traveling in different directions.",5,54.4,0.7925,False,<DATASET_ROOT>/240205094744_M801C06L62G031_2673_end_extract/drive_4/03
3,"The lanes are clearly marked with white lines, and the traffic appears to be moderately congested.",9,90.0,0.1365,False,<DATASET_ROOT>/240205094744_M801C06L62G031_2673_end_extract/drive_4/03
4,"The road condition is wet, and the weather is rainy, with the sky appearing overcast.",6,63.3,0.0644,False,<DATASET_ROOT>/240205094744_M801C06L62G031_2673_end_extract/drive_4/03
5,"The vehicle maintains a steady pace, following the flow of traffic as it moves forward.",9,90.0,0.2615,False,<DATASET_ROOT>/240205094744_M801C06L62G031_2673_end_extract/drive_4/03
0,"The ego-vehicle is driving on a clear, sunny city street, moving forward along a three-lane road with a yellow dividing line in the middle.",6,63.3,0.9981,False,<DATASET_ROOT>/240822084904_M801C06L62G031_2673_end_extract/drive_18/02
1,"The road is surrounded by modern and traditional buildings, and there are several vehicles on the road, including a white SUV and a white car with a ""KIA"" logo on the side.",4,45.6,0.495,False,<DATASET_ROOT>/240822084904_M801C06L62G031_2673_end_extract/drive_18/02
2,"The road has a crosswalk in the middle, and the traffic flow is moderate with cars moving in both directions.",3,36.7,0.9262,True,<DATASET_ROOT>/240822084904_M801C06L62G031_2673_end_extract/drive_18/02
3,"The sky is blue with some white clouds, and the sun is shining brightly.",0,10.0,0.4896,False,<DATASET_ROOT>/240822084904_M801C06L62G031_2673_end_extract/drive_18/02
4,"The ego-vehicle is moving straight ahead, and the road appears to be well-maintained with clear markings.",0,10.0,0.5154,False,<DATASET_ROOT>/240822084904_M801C06L62G031_2673_end_extract/drive_18/02
0,"The ego-vehicle is moving straight along a two-lane city street, with the road surface appearing clear and well-maintained.",6,63.3,0.5976,False,<DATASET_ROOT>/240322135559_M801C06L62G031_2673_end_extract/drive_17/01
1,"The road is flanked by tall modern buildings, including glass-fronted skyscrapers, and the surrounding urban environment is bustling with activity.",5,54.4,0.9442,False,<DATASET_ROOT>/240322135559_M801C06L62G031_2673_end_extract/drive_17/01
2,"Several vehicles, including cars, a white SUV, a silver sedan, and a blue bus, are visible on the road, indicating a moderate level of traffic.",4,45.6,0.6446,False,<DATASET_ROOT>/240322135559_M801C06L62G031_2673_end_extract/drive_17/01
3,"The lane markings are clearly visible, with solid white lines dividing the lanes and a solid white arrow directing traffic to the right.",0,10.0,0.8663,False,<DATASET_ROOT>/240322135559_M801C06L62G031_2673_end_extract/drive_17/01
4,"A green overhead sign is prominently displayed, indicating directions to various destinations, including ""대한민국"" and ""부산역,"" while a pedestrian crossing sign is also visible.",9,90.0,0.2258,True,<DATASET_ROOT>/240322135559_M801C06L62G031_2673_end_extract/drive_17/01
5,"The weather is cloudy, and the lighting suggests it is daytime.",8,81.1,0.1333,False,<DATASET_ROOT>/240322135559_M801C06L62G031_2673_end_extract/drive_17/01
6,The video captures the vehicle's steady forward motion through this urban landscape.,7,72.2,0.9699,False,<DATASET_ROOT>/240322135559_M801C06L62G031_2673_end_extract/drive_17/01
0,"The ego-vehicle is moving straight along a two-lane city street during the daytime, with a clear road surface and visible lane markings.",7,72.2,0.9047,False,<DATASET_ROOT>/240322135559_M801C06L62G031_2673_end_extract/drive_17/04
1,"The road is lined with modern buildings, including a structure with a ""CHERE VILLE PLACE PARKING"" sign on the left and a ""CAMP"" building on the right.",4,45.6,0.9996,False,<DATASET_ROOT>/240322135559_M801C06L62G031_2673_end_extract/drive_17/04
2,"A black car is seen approaching the intersection ahead, while a motorcycle passes by on the opposite side.",6,63.3,0.9139,True,<DATASET_ROOT>/240322135559_M801C06L62G031_2673_end_extract/drive_17/04
3,"The street features yellow pedestrian crosswalks, and a ""30"" speed limit marking is painted on the road.",7,72.2,0.9927,True,<DATASET_ROOT>/240322135559_M801C06L62G031_2673_end_extract/drive_17/04
4,"Traffic signals are visible at the intersection, and there are several pedestrians walking on the sidewalks.",9,90.0,0.0418,False,<DATASET_ROOT>/240322135559_M801C06L62G031_2673_end_extract/drive_17/04
5,"The sky is overcast, indicating cloudy weather.",7,72.2,0.201,False,<DATASET_ROOT>/240322135559_M801C06L62G031_2673_end_extract/drive_17/04
6,"The road appears to be relatively quiet with minimal traffic, and the vehicle maintains a steady pace.",7,72.2,0.7862,False,<DATASET_ROOT>/240322135559_M801C06L62G031_2673_end_extract/drive_17/04
0,"The ego-vehicle is moving straight along a three-lane city street during the daytime, with clear visibility and sunny weather.",0,10.0,0.8064,False,<DATASET_ROOT>/240530090206_M801C06L62G031_2673_end_extract/drive_4/03
1,"The road is paved and features a blue dividing line on the right side, separating the lanes.",5,54.4,0.9875,False,<DATASET_ROOT>/240530090206_M801C06L62G031_2673_end_extract/drive_4/03
2,"The left side of the road is bordered by a construction site with a large white barrier, while the right side has various buildings, including a prominent yellow building with a sign that reads ""비타민 페어리"" and a sign with Korean text.",2,27.8,0.9294,False,<DATASET_ROOT>/240530090206_M801C06L62G031_2673_end_extract/drive_4/03
3,"Several vehicles are visible, including a black car with a yellow stripe on the right side of the road and a white car further ahead.",8,81.1,0.9973,False,<DATASET_ROOT>/240530090206_M801C06L62G031_2673_end_extract/drive_4/03
4,"A black taxi with a yellow logo is seen on the right side of the road, and a black car with a yellow stripe is also visible on the left side.",7,72.2,0.9985,False,<DATASET_ROOT>/240530090206_M801C06L62G031_2673_end_extract/drive_4/03
5,"The traffic flow is moderate, with vehicles moving in both directions.",6,63.3,0.2393,False,<DATASET_ROOT>/240530090206_M801C06L62G031_2673_end_extract/drive_4/03
6,"The road is lined with trees and street signs, and the overall scene appears to be a typical urban environment.",0,10.0,0.1847,False,<DATASET_ROOT>/240530090206_M801C06L62G031_2673_end_extract/drive_4/03
0,A front-view ego-vehicle is driving on a multi-lane highway under a sunny sky with scattered clouds.,8,81.1,0.9941,False,<DATASET_ROOT>/240822084904_M801C06L62G031_2673_end_extract/drive_21/03
1,"The road is wide and well-maintained with clear lane markings, including white dashed lines and solid white arrows indicating traffic flow.",7,72.2,0.9344,False,<DATASET_ROOT>/240822084904_M801C06L62G031_2673_end_extract/drive_21/03
2,"The vehicle is moving forward in the rightmost lane, maintaining a steady pace as it approaches an intersection.",8,81.1,0.8975,True,<DATASET_ROOT>/240822084904_M801C06L62G031_2673_end_extract/drive_21/03
3,"The intersection features a crosswalk with white stripes and traffic lights that are currently green, allowing the vehicle to proceed.",9,90.0,0.9067,True,<DATASET_ROOT>/240822084904_M801C06L62G031_2673_end_extract/drive_21/03
4,"Surrounding the intersection are various roadside objects, including trees, buildings, and signs, with a blue sign visible on the right side of the road.",0,10.0,0.3858,False,<DATASET_ROOT>/240822084904_M801C06L62G031_2673_end_extract/drive_21/03
5,"Other vehicles, including a silver sedan and a white truck, are present in adjacent lanes.",2,27.8,0.1633,False,<DATASET_ROOT>/240822084904_M801C06L62G031_2673_end_extract/drive_21/03
6,"The road condition is clear, and the weather is sunny, contributing to the bright and clear visibility of the scene.",0,10.0,0.3555,False,<DATASET_ROOT>/240822084904_M801C06L62G031_2673_end_extract/drive_21/03
7,The vehicle's motion is smooth and consistent throughout the 10-second clip.,3,36.7,0.4637,False,<DATASET_ROOT>/240822084904_M801C06L62G031_2673_end_extract/drive_21/03
0,"The ego-vehicle is moving straight on a three-lane road over a bridge, with clear lane markings and a yellow dividing line on the road surface.",5,54.4,0.8905,False,<DATASET_ROOT>/240322135559_M801C06L62G031_2673_end_extract/drive_4/02
1,"The road is lined with streetlights and a series of traffic signs, including a speed limit sign indicating 50 km/h.",1,18.9,0.482,False,<DATASET_ROOT>/240322135559_M801C06L62G031_2673_end_extract/drive_4/02
2,"The sky is overcast, and the weather appears to be cloudy.",9,90.0,0.5118,False,<DATASET_ROOT>/240322135559_M801C06L62G031_2673_end_extract/drive_4/02
3,"The road is mostly clear, with a few vehicles visible in the distance, including a silver sedan and a white car on the left side of the road.",6,63.3,0.9887,False,<DATASET_ROOT>/240322135559_M801C06L62G031_2673_end_extract/drive_4/02
4,"The road is flanked by trees and buildings, with a large billboard on the left side of the road displaying a blue and white advertisement.",3,36.7,0.9302,False,<DATASET_ROOT>/240322135559_M801C06L62G031_2673_end_extract/drive_4/02
5,"The vehicle is traveling at a steady pace, and the road ahead is relatively clear of traffic.",9,90.0,0.791,False,<DATASET_ROOT>/240322135559_M801C06L62G031_2673_end_extract/drive_4/02
0,The ego-vehicle is moving straight along a two-lane city street under a sunny sky with scattered clouds.,2,27.8,0.989,False,<DATASET_ROOT>/240822134456_M801C06L62G031_2673_end_extract/drive_7/03
1,"The road is clear and well-maintained, with a yellow dividing line on the left and white lane markings on the right.",0,10.0,0.9854,False,<DATASET_ROOT>/240822134456_M801C06L62G031_2673_end_extract/drive_7/03
2,"As the vehicle progresses, it approaches an intersection where a black sedan is turning left.",8,81.1,0.9324,True,<DATASET_ROOT>/240822134456_M801C06L62G031_2673_end_extract/drive_7/03
3,"The road is lined with trees and streetlights, and several other vehicles are visible in the distance.",1,18.9,0.9254,False,<DATASET_ROOT>/240822134456_M801C06L62G031_2673_end_extract/drive_7/03
4,"The surrounding area includes buildings, including a modern structure with a glass facade.",1,18.9,0.021,False,<DATASET_ROOT>/240822134456_M801C06L62G031_2673_end_extract/drive_7/03
5,"The traffic light at the intersection is green, and the road ahead is marked with white arrows indicating the direction of travel.",2,27.8,0.0277,False,<DATASET_ROOT>/240822134456_M801C06L62G031_2673_end_extract/drive_7/03
6,The scene is captured during the daytime with bright sunlight and clear visibility.,1,18.9,0.1653,False,<DATASET_ROOT>/240822134456_M801C06L62G031_2673_end_extract/drive_7/03
0,"The ego-vehicle is moving straight along a clear, two-lane city street on a sunny day.",4,45.6,0.9406,False,<DATASET_ROOT>/240822084904_M801C06L62G031_2673_end_extract/drive_17/01
1,"The road is marked with a yellow dividing line in the center, and white markings indicating ""HOT"" and ""S0"" are visible on the road surface.",4,45.6,0.9648,True,<DATASET_ROOT>/240822084904_M801C06L62G031_2673_end_extract/drive_17/01
2,"The street is lined with trees and buildings, and a large dome-shaped building can be seen in the distance.",1,18.9,0.9981,False,<DATASET_ROOT>/240822084904_M801C06L62G031_2673_end_extract/drive_17/01
3,"The road is mostly empty, with only a few vehicles visible, including a white car on the left side.",0,10.0,0.9709,False,<DATASET_ROOT>/240822084904_M801C06L62G031_2673_end_extract/drive_17/01
4,A pedestrian crossing with yellow stripes is present in the foreground.,6,63.3,0.9703,True,<DATASET_ROOT>/240822084904_M801C06L62G031_2673_end_extract/drive_17/01
5,Traffic signs indicating a speed limit of 30 km/h are visible on the right side of the road.,4,45.6,0.1444,False,<DATASET_ROOT>/240822084904_M801C06L62G031_2673_end_extract/drive_17/01
6,"The sky is clear and blue, and the sunlight creates bright reflections on the road surface.",8,81.1,0.7681,False,<DATASET_ROOT>/240822084904_M801C06L62G031_2673_end_extract/drive_17/01
